8.290608997674679870e+01,1.131095320845129777e+02,1.675162569081166737e+02,9.433640471106285474e+01,1.201536745542163658e+02,1.545843058449796388e+02,1.121144091545203594e+02,1.790203267243657308e+02,1.721125225464043638e+02,1.701415226807357897e+02
7.229144804211354369e+01,9.512496719901588449e+01,1.772782391106465809e+02,1.114140905738424721e+02,1.033487210982913780e+02,1.517739017827085206e+02,8.130795798288377796e+01,1.744317348805222707e+02,1.493261691669163724e+02,1.855629973759414781e+02
8.415667428107953185e+01,9.276540661995437631e+01,1.812495458518842213e+02,1.150184649080585899e+02,1.117478655689830589e+02,1.289599990171960542e+02,8.749346411810907398e+01,1.754773973134312826e+02,1.404696817437348386e+02,1.872298634400131334e+02
7.998681537838673705e+01,1.149332472870233346e+02,1.706622126793244831e+02,9.264890457695240400e+01,1.257063435061338055e+02,1.659399171692899415e+02,1.120498009978392986e+02,1.819833251741681295e+02,1.823649169841942808e+02,1.689458093096973528e+02
8.084376935692525024e+01,1.084347081372621346e+02,1.810623730515817158e+02,9.839112059777492902e+01,1.271664431208247947e+02,1.521802739722303102e+02,1.041495001672366527e+02,1.810237244126353460e+02,1.674113352338013669e+02,1.782583057632209886e+02
8.824109630318379516e+01,9.592931729202297220e+01,1.794163382744172566e+02,1.119720652625512542e+02,1.436592217200870323e+02,1.427234986645749757e+02,9.941681060777696644e+01,1.768510229197297292e+02,1.467736932674584409e+02,1.861925531377555956e+02
8.744017888637280578e+01,9.678102303688552865e+01,1.744207222258428089e+02,1.108104141131591263e+02,1.258905961626643943e+02,1.413878074509671876e+02,8.565833512531312977e+01,1.633501294759068685e+02,1.585429725239214918e+02,1.736735539784195055e+02
7.403536762328839416e+01,1.021318348610880662e+02,1.781969929730275624e+02,1.048865414113354149e+02,1.252604880446071434e+02,1.515777389032415101e+02,1.048155859469035533e+02,1.812401389089379506e+02,1.597793272772965452e+02,1.846650081922771562e+02
7.590400426121449584e+01,1.032488449702146340e+02,1.809089953994134419e+02,1.034395715222310486e+02,1.257801079118127632e+02,1.543609664661458680e+02,9.586940810667070423e+01,1.842160268333707052e+02,1.560902923682866117e+02,1.845647660841705431e+02
7.782471941443181151e+01,1.183648611420872498e+02,1.732720187401154988e+02,9.000137214368099592e+01,1.496825818532581138e+02,1.486775499803594300e+02,1.085185723064998058e+02,1.787535740789923864e+02,1.785328685382542631e+02,1.528110569467308153e+02
8.711439539523816222e+01,9.766392302160289773e+01,1.747758545076230519e+02,1.093177585751366081e+02,1.332944845670337486e+02,1.375584560257962892e+02,9.585594687448534046e+01,1.761648875084672170e+02,1.497627225557503721e+02,1.828584691037895311e+02
7.438690660925603026e+01,1.106788785124304582e+02,1.752039989923814289e+02,9.624633707111591718e+01,1.399076951557273674e+02,1.385029324514440248e+02,1.020370548127749828e+02,1.726770269480500417e+02,1.695150563160119077e+02,1.658146195163490404e+02
8.430309841068482513e+01,9.978481463735130319e+01,1.729437291567901127e+02,1.070576002225827636e+02,1.467752980106944847e+02,1.291623547894529054e+02,9.326178181754144703e+01,1.638794170823846059e+02,1.550369139650998136e+02,1.638212132205726732e+02
8.027300426395630950e+01,9.533812422697570810e+01,1.785321709161380284e+02,1.114647876322817268e+02,1.337413247340793419e+02,1.489861107689908692e+02,8.894010547386201893e+01,1.751120010522160726e+02,1.509618707934556028e+02,1.895972316016914476e+02
8.010110454292988891e+01,1.034534582311394502e+02,1.735082512294629566e+02,1.038593761250924530e+02,1.324883637243385124e+02,1.511807251793912599e+02,9.172487012134584461e+01,1.714851625767502981e+02,1.602547787765202543e+02,1.731304457535507311e+02
7.874730138512349242e+01,9.742697537337568292e+01,1.780888676440099232e+02,1.094891563058447304e+02,1.316440365427608299e+02,1.307046787066034028e+02,8.309730753885301624e+01,1.695677897539887624e+02,1.592643435934720060e+02,1.773682177414657701e+02
8.762500247390961761e+01,8.908247374390390405e+01,1.783744452690461628e+02,1.187551797852467956e+02,9.892900175987432476e+01,1.497201684338620851e+02,9.011697409139665638e+01,1.682304696646485525e+02,1.434162676969704648e+02,1.882546381106140245e+02
8.390843112798428649e+01,1.011610174963357736e+02,1.808332809602597706e+02,1.059135898203205528e+02,1.273959382289523887e+02,1.404544596297315309e+02,9.492209047661813770e+01,1.699385657516274648e+02,1.682079005280671140e+02,1.746103844394447435e+02
7.851511825652814025e+01,1.051100921893599320e+02,1.845954143201688282e+02,1.022167183459352913e+02,1.410363327377910423e+02,1.283821616394094178e+02,1.161319640635112194e+02,1.753585363236222463e+02,1.708735815325913450e+02,1.732878250827552904e+02
9.656456558438038940e+01,1.011085484290602494e+02,1.688231155073026173e+02,1.057920369506430092e+02,1.076154489034290123e+02,1.325844391805700013e+02,1.003265588043788341e+02,1.776487687435898977e+02,1.448575198987660428e+02,1.796805637826683153e+02
8.860287137361264342e+01,1.001562028640988160e+02,1.763110355233529560e+02,1.074301932156633796e+02,1.408980605715389061e+02,1.425889428479245851e+02,8.798792115436586414e+01,1.628496634867940145e+02,1.548825534025368711e+02,1.724926877369644274e+02
7.857300896974301452e+01,9.606931786631372461e+01,1.818763870393613331e+02,1.115787372589659157e+02,1.324987481647605705e+02,1.469787429792455384e+02,8.973025510297807728e+01,1.762032414880547719e+02,1.482317411044774076e+02,1.826862591256858934e+02
7.268028499217724914e+01,1.052943428719523240e+02,1.858318177258351795e+02,1.011723779440473976e+02,1.407370239311332512e+02,1.250888937336972901e+02,9.446406326280626331e+01,1.725733475294861989e+02,1.750219014624295255e+02,1.721885659446479906e+02
9.428587521644330138e+01,1.047542573178293992e+02,1.624595291709283345e+02,1.017474715710234108e+02,1.018852639311427879e+02,1.426414531094602296e+02,1.098919476030925182e+02,1.798324350622449117e+02,1.538277010360894224e+02,1.765992150654556383e+02
8.065395782919621581e+01,1.051345048958542634e+02,1.769708970879891865e+02,1.020417273939203682e+02,1.267305918151016044e+02,1.344563753826192567e+02,9.778163681016954456e+01,1.694693533983979421e+02,1.643322442809281370e+02,1.713583407153846849e+02
7.767332273753380889e+01,8.787251321618583688e+01,1.863642596101144306e+02,1.192365796864580574e+02,1.322603539341563987e+02,1.466597740871480653e+02,8.270964852558168445e+01,1.770378232804093557e+02,1.434827329257664701e+02,1.921991864194633592e+02
7.214924301238751525e+01,1.129115358928325463e+02,1.864998384510854237e+02,9.356945177173132322e+01,1.301993301325912284e+02,1.468600742442182252e+02,1.128614828346827892e+02,1.871957392302308278e+02,1.719325876275239011e+02,1.774722718944313158e+02
8.013426239820218200e+01,9.379719714467552194e+01,1.854808574115613453e+02,1.131537383050274315e+02,1.336108601802463340e+02,1.412292055112889955e+02,8.724443123327287708e+01,1.777711084839854436e+02,1.509403267542061826e+02,1.852854316582443346e+02
6.874508474798894042e+01,8.240370326881435403e+01,1.921342452263215534e+02,1.253296619356226387e+02,1.129776458853359031e+02,1.658799265546373078e+02,7.193865421997102771e+01,1.658921265211854177e+02,1.364731705526051542e+02,1.941466351499321092e+02
7.634586186738705749e+01,1.084940203243973542e+02,1.776491896306851856e+02,9.855540549760574720e+01,1.511905990356082725e+02,1.437297963125280091e+02,9.159731707559618030e+01,1.761996835377965169e+02,1.638648803273377439e+02,1.675592552771331896e+02
7.051043732495999450e+01,1.158790598327400971e+02,1.839697800969460957e+02,9.110385069256538770e+01,1.435128713959331321e+02,1.499782738906911561e+02,1.158662440537074474e+02,1.893889000025544362e+02,1.772901144066987058e+02,1.774604593267204393e+02
8.555006139012074584e+01,1.115325216913702775e+02,1.696648475920537464e+02,9.594904837017769239e+01,1.177242712491626548e+02,1.242577686829141328e+02,1.053802667616465953e+02,1.711373740342412191e+02,1.747760345975098630e+02,1.569393508186103929e+02
8.450513450833058471e+01,9.159227917735603341e+01,1.868976606374362461e+02,1.169919713438105049e+02,1.303025671654815483e+02,1.405813380701116273e+02,8.541719624982866321e+01,1.698311843183789449e+02,1.541959584990677854e+02,1.851161237110855211e+02
7.976209034057355041e+01,8.834952889030006418e+01,1.888427217399457447e+02,1.188149434179615440e+02,1.054095983022327232e+02,1.746865201813749024e+02,8.067811272130998645e+01,1.751214376595769124e+02,1.453550472894845029e+02,1.933577130188705553e+02
7.863949830861783141e+01,1.040410029852869798e+02,1.739018540477136128e+02,1.031997680664610328e+02,1.333335942143077659e+02,1.438196144921354005e+02,9.703836837993654285e+01,1.752940591630492406e+02,1.623379023114380857e+02,1.741571818341972460e+02
7.558103463085389251e+01,1.034371968025448609e+02,1.806527955626824848e+02,1.032366433889221611e+02,1.293038279825324821e+02,1.209763356668523500e+02,9.206844083057436023e+01,1.689620718565736013e+02,1.601249681750473997e+02,1.705093698849441637e+02
8.606868462296223754e+01,8.807866969351795206e+01,1.793731765543797962e+02,1.199515852034639778e+02,1.092442658209676551e+02,1.442844579441121766e+02,8.406332240091356311e+01,1.543934250232730108e+02,1.520099864641366025e+02,1.771922055234672655e+02
7.897974759371972198e+01,1.062763468885901261e+02,1.706006621664145939e+02,1.010766174719285431e+02,1.285116782897586631e+02,1.471748675329259584e+02,1.040332772194007305e+02,1.857400499192033010e+02,1.575236069003281614e+02,1.811949155082466234e+02
8.415418280692792052e+01,1.058614129388811875e+02,1.762315316891053669e+02,1.012554472089361610e+02,1.189531254881496238e+02,1.527609923107198426e+02,1.082885602472880748e+02,1.885093357172761159e+02,1.532364329734978696e+02,1.882724763502838243e+02
7.751012696357464904e+01,9.951272272710826883e+01,1.826946686899045460e+02,1.074640030265402260e+02,1.215714832061404991e+02,1.360131311041883180e+02,8.445525685535463367e+01,1.799510215726647573e+02,1.586345938483414670e+02,1.839786180009605516e+02
8.459282369943356628e+01,1.011069105381253053e+02,1.701498725211003773e+02,1.061808594018768730e+02,1.338448528760547447e+02,1.472584037406018922e+02,9.645441482053789173e+01,1.773860796299729543e+02,1.521014604011712095e+02,1.785392003407241930e+02
9.068675918908810729e+01,8.888526291047361383e+01,1.724229002242663853e+02,1.188912590891670646e+02,1.239847142213458824e+02,1.442959447724393556e+02,7.971772930608781849e+01,1.664272458312068181e+02,1.314961565474209806e+02,1.854232695450546373e+02
7.533264322610592956e+01,1.024867048079254914e+02,1.814833697771409504e+02,1.048158786818932953e+02,1.300444023722286033e+02,1.538431902153066346e+02,9.385438159690889393e+01,1.837601034549031453e+02,1.562207351962265989e+02,1.852155335893394579e+02
8.616153274508214110e+01,9.567811120693710336e+01,1.780939968621114247e+02,1.126470557898830833e+02,1.353576891833419609e+02,1.541160801870397279e+02,8.635365731106790577e+01,1.679260777738843160e+02,1.509821831027207395e+02,1.782396929611923326e+02
8.442113252015805358e+01,9.020069534723785409e+01,1.807626246606687062e+02,1.173601536900352897e+02,1.310408161097640800e+02,1.470589504463247010e+02,7.482335886941942249e+01,1.561475969460759359e+02,1.513574847022233030e+02,1.753818996300460924e+02
6.058721740575528258e+01,1.026908198559763719e+02,1.952850510125735752e+02,1.034024467170786323e+02,1.235342581683273124e+02,1.427335966748765657e+02,9.585631004558595691e+01,1.887808879223618703e+02,1.607883600333867093e+02,1.918286981334449877e+02
7.526034076543545837e+01,9.379224252347972879e+01,1.876969710385182850e+02,1.137049406841945114e+02,1.235823119395847129e+02,1.553820152504018495e+02,8.652693167911562000e+01,1.659502725210938650e+02,1.571164706090626737e+02,1.763909862985374559e+02
8.797202734680867309e+01,1.047139985675099183e+02,1.704803253506997578e+02,1.024334217906546058e+02,1.118928623014564323e+02,1.448929622394612977e+02,1.011210168062308696e+02,1.800725496617112356e+02,1.508810557762322446e+02,1.801499286045791735e+02
8.792224548788762206e+01,1.056957479382040788e+02,1.754308129345754139e+02,1.015901549459051552e+02,1.313115761393184471e+02,1.371335226518682191e+02,9.980010817037614856e+01,1.690728175398860174e+02,1.606774489322838804e+02,1.665626147737266649e+02
8.537988014550900573e+01,1.088443064952376176e+02,1.701004801189282887e+02,9.852400789787883184e+01,1.227367239409560966e+02,1.365565502864888856e+02,1.061860464571574596e+02,1.801677787509713369e+02,1.641962286571202299e+02,1.723223590006591905e+02
7.630146767230725402e+01,1.188457413951041985e+02,1.715409669374803059e+02,8.910212063049787901e+01,1.388499456161136436e+02,1.444991768819860170e+02,1.192179314850428966e+02,1.821490869429860311e+02,1.767025971749959012e+02,1.613718375315429796e+02
8.750712074371075744e+01,1.084941685015442658e+02,1.696109648590663426e+02,9.847589296108002088e+01,1.289002232664699363e+02,1.432600968105367372e+02,1.078283594606974987e+02,1.736333039012704091e+02,1.670019013920960447e+02,1.695920368184806932e+02
7.850755967231488341e+01,9.919523003344562539e+01,1.759216638600209706e+02,1.078334842175793113e+02,1.251139078551406669e+02,1.327395437581113526e+02,8.583396986709627186e+01,1.671137464848313527e+02,1.562666515449223539e+02,1.732452724923851122e+02
8.704663677545285339e+01,9.268894178812530527e+01,1.799329160993674748e+02,1.161440230161499443e+02,1.172112372928733635e+02,1.406602339965871522e+02,8.491267744289430652e+01,1.641639693883214193e+02,1.497719334552226087e+02,1.807251291622879137e+02
7.462287367912030334e+01,9.817005014066722879e+01,1.854475507532933705e+02,1.092362817675423088e+02,1.420183655434722709e+02,1.400704145652822206e+02,9.056102792011293445e+01,1.713022365179810720e+02,1.655283846596417447e+02,1.770206042876007189e+02
8.198391284080243224e+01,1.140732480997326661e+02,1.647863880490640156e+02,9.338213020568603895e+01,1.274537889474506187e+02,1.401712475044301698e+02,1.182567890642741588e+02,1.823481131997857290e+02,1.654134306946930906e+02,1.692258836378814806e+02
8.095463635059094543e+01,1.092678878719094087e+02,1.687534749900678150e+02,9.815828533476108930e+01,1.121288634651775169e+02,1.255970028264096925e+02,9.599274442182573353e+01,1.769705048409257131e+02,1.570204570630726835e+02,1.684531653871299852e+02
8.001756550403332824e+01,1.021178744400027085e+02,1.784250014817098133e+02,1.055314060897182884e+02,1.312314400786037254e+02,1.449833070261052796e+02,9.595259550796541248e+01,1.813225282934460836e+02,1.513183053920207044e+02,1.830856846918823351e+02
7.655563183160519714e+01,1.021133593434574891e+02,1.741764513199904911e+02,1.051700030714821281e+02,1.354886359685535240e+02,1.500732717139295289e+02,8.866569659696611438e+01,1.727476004716906743e+02,1.563037152031598112e+02,1.749106946935417284e+02
7.937789380582070464e+01,1.144717053437712480e+02,1.706004583036283009e+02,9.367917284374946973e+01,1.352321685665721702e+02,1.398481118304303834e+02,1.059688165544131664e+02,1.799273950961384969e+02,1.690450759569344541e+02,1.685191797961952318e+02
8.290471930833554381e+01,1.071486367138209630e+02,1.709452684318402760e+02,1.000789705813478889e+02,1.320625960939998436e+02,1.439311551076940248e+02,9.998980326043161426e+01,1.699041806069169240e+02,1.676780993232665082e+02,1.608799268951179613e+02
8.787729062171673888e+01,1.257393134201052476e+02,1.666815269982198231e+02,8.192179452633375547e+01,1.144395860993737983e+02,1.205852307004502961e+02,1.278650194166758922e+02,1.810384777394089895e+02,1.752393002847371122e+02,1.564593449582817186e+02
8.102635543080067748e+01,1.036805013978960801e+02,1.770787714516499989e+02,1.035157147497486534e+02,1.316265155190105247e+02,1.485872638446859071e+02,9.600605479465517078e+01,1.714430834558758932e+02,1.611351466814217588e+02,1.727461964239837755e+02
7.441937528582310790e+01,9.673219050114181528e+01,1.845931167399266712e+02,1.102330751419615211e+02,1.483429784291858482e+02,1.215866902393869111e+02,9.005040479289087330e+01,1.683304587510380941e+02,1.581682229677376768e+02,1.758188969244720568e+02
8.384044416280484313e+01,1.054030636215689469e+02,1.773680907880643360e+02,1.014343264997553291e+02,1.248624878005559253e+02,1.385337056738904664e+02,1.025906205533603099e+02,1.734700066355023580e+02,1.677548161784348508e+02,1.666107899894477953e+02
8.520342151852345580e+01,1.018206614965679933e+02,1.656207147335389607e+02,1.053021734804462852e+02,1.033266279512519645e+02,1.379461565239003846e+02,1.011062587855914501e+02,1.773765693661723333e+02,1.460433942714867612e+02,1.812891015162231554e+02
7.765241797300076598e+01,1.164710767680886079e+02,1.697917239760735981e+02,9.136376875644440076e+01,1.340854906403894233e+02,1.511803194505742738e+02,1.084812534807780651e+02,1.792320901212248998e+02,1.799567427078423520e+02,1.563560421218635668e+02
8.244363053174710387e+01,1.040327721500876237e+02,1.821191018020490162e+02,1.031772401631426277e+02,1.171926617735500145e+02,1.471442382854989717e+02,1.077583185194590953e+02,1.881919461396489339e+02,1.626679792145428678e+02,1.933970003475906481e+02
8.870922587843632812e+01,1.005539026672127534e+02,1.698909041678288929e+02,1.069473582655739250e+02,1.071476633661861229e+02,1.420872949583104798e+02,9.557728398428949390e+01,1.672273852732930379e+02,1.528248239198861143e+02,1.735171579470398058e+02
8.430146633120274657e+01,1.103021174261453439e+02,1.697965387796739094e+02,9.643904294824118040e+01,1.418642530554408836e+02,1.493614127857259462e+02,1.110531900583365825e+02,1.859723101166043477e+02,1.658059676924881956e+02,1.767568340053321947e+02
8.525330162080025787e+01,1.165558803344252397e+02,1.629179568087438099e+02,9.044047343736404798e+01,1.133829600924129295e+02,1.402331876380017945e+02,1.146205758808711437e+02,1.795977324751172262e+02,1.743201330939469358e+02,1.611622043599845995e+02
8.300882938535904998e+01,1.164600045645716477e+02,1.633138246631005757e+02,9.114291118090862653e+01,1.214223528617496299e+02,1.386111734730771730e+02,1.120156501291850475e+02,1.804352270868573385e+02,1.733243045846161863e+02,1.618193403234245409e+02
7.533713953228688354e+01,9.941976668332841882e+01,1.810624293481687062e+02,1.080440658033441963e+02,1.297970967703933525e+02,1.524677239877752015e+02,8.824035171257051502e+01,1.672382531222853856e+02,1.600438000003037473e+02,1.704590301265480150e+02
8.214502461286282653e+01,1.073345974722984124e+02,1.788120908086875431e+02,9.930998508637661359e+01,1.283237879091377067e+02,1.566354990226796815e+02,1.037700250505069164e+02,1.740712342468056875e+02,1.704185404220757505e+02,1.677740435948135485e+02
8.982134757967686767e+01,1.007423326039793778e+02,1.723501388823369496e+02,1.069259566069197120e+02,1.021032537931079673e+02,1.372114804012349794e+02,9.987282172428163562e+01,1.731602730360779958e+02,1.508594560066399595e+02,1.795152035107376207e+02
9.395568098159527892e+01,9.349223781769302377e+01,1.776247958933690541e+02,1.149354570359539451e+02,1.026215585583324241e+02,1.378879777414373109e+02,9.095439801202806507e+01,1.718338131514344411e+02,1.330632060060439130e+02,1.847347141256095995e+02
7.877232721479630584e+01,9.582977816109683999e+01,1.831761794483045094e+02,1.116482482851099434e+02,1.283568527439112472e+02,1.594759379250577638e+02,9.021486285911592518e+01,1.699416228738579946e+02,1.586219014266667386e+02,1.787412150850059618e+02
7.688874204488492126e+01,1.139503492603185464e+02,1.765068906640389912e+02,9.324801941966528318e+01,1.320193196648235130e+02,1.534417106730512330e+02,1.210206347464183239e+02,1.921019854751382070e+02,1.717561371961770078e+02,1.821713000287773241e+02
8.983814218672013396e+01,9.710700583105113992e+01,1.760229045992473118e+02,1.106199875176500740e+02,1.338595861905689048e+02,1.388747465831807801e+02,9.069601140008958851e+01,1.629597795215401845e+02,1.557519295850930234e+02,1.733772783627273668e+02
7.851843313904500121e+01,1.045078731292965699e+02,1.746470469331124775e+02,1.025995198116254272e+02,1.462423379534358787e+02,1.337507441861203858e+02,1.069134310244182018e+02,1.810749190059457021e+02,1.697408044973549863e+02,1.785622454037429918e+02
8.235862429471707458e+01,9.604354799931076059e+01,1.827916509603837483e+02,1.112024873942684593e+02,1.264745608681316185e+02,1.391843272072843263e+02,8.855800566659959827e+01,1.622457220760140615e+02,1.599837243000206968e+02,1.727718222489120592e+02
8.004744310708737487e+01,9.952138542776134500e+01,1.790333637391904347e+02,1.078357868865680160e+02,1.356708072537059593e+02,1.504533649308255860e+02,8.889912924753221546e+01,1.839430716243539052e+02,1.491907938162026426e+02,1.860505645622970690e+02
7.437473244996762389e+01,1.032390655243876267e+02,1.767303614413121693e+02,1.032677346468519630e+02,1.288587012404079246e+02,1.579351911766103456e+02,9.749102119194063221e+01,1.789665939119610982e+02,1.577513630131421110e+02,1.803763342847587694e+02
8.198182742329335326e+01,1.014164879137757111e+02,1.764209829365590565e+02,1.054205806628417434e+02,1.314348452055330085e+02,1.436421329004338929e+02,9.263326266990694080e+01,1.775215480533395009e+02,1.545824795702633878e+02,1.783014771690132250e+02
8.334325529666638488e+01,8.968750966732528696e+01,1.837948455309251301e+02,1.181743334979366722e+02,1.272409970575446891e+02,1.557022088987401673e+02,7.999365625368150745e+01,1.652179773953709798e+02,1.496123343447384855e+02,1.813895866026641954e+02
8.114325147898888702e+01,1.016571180338146974e+02,1.768817367499450199e+02,1.053595644757699432e+02,1.239296001309032249e+02,1.425663686615995118e+02,9.101411131607088123e+01,1.656494600978646474e+02,1.615433045068917295e+02,1.675635677327873339e+02
7.988497756453251952e+01,9.843990799431827554e+01,1.788178266083577626e+02,1.087163023576688232e+02,1.268724111431712913e+02,1.513538901431134889e+02,8.581907836185487781e+01,1.647614805606160360e+02,1.623859221229491254e+02,1.721523151745559801e+02
8.584971858592724914e+01,9.423109599595096597e+01,1.661525673662999623e+02,1.125940002948593559e+02,1.442670853251094627e+02,1.222131292445234010e+02,8.800116471038850818e+01,1.619281381127391057e+02,1.440915519038376829e+02,1.735035539617302049e+02
8.266026516290402526e+01,1.054420586342099000e+02,1.818290527855733387e+02,1.019331299961161079e+02,1.273637057953948784e+02,1.441561556679776857e+02,1.045391542671779064e+02,1.798749796655926900e+02,1.689227811137375852e+02,1.745923047413589586e+02
7.039055608244633788e+01,1.062585493737938691e+02,1.795586581622937672e+02,1.010972375423263969e+02,1.294300299996013450e+02,1.275276404244474122e+02,8.837441942678483997e+01,1.747841648963246541e+02,1.660301933923897764e+02,1.753032737722160448e+02
8.362932135196423644e+01,9.656023174171474466e+01,1.737676412557939045e+02,1.110724989176344337e+02,1.458690257781619835e+02,1.421156645340493867e+02,9.644890943752321277e+01,1.814980573263917165e+02,1.502982124129471799e+02,1.883791824331047167e+02
8.220805357428288573e+01,1.167016443127873231e+02,1.703063169812539570e+02,9.084704676275963209e+01,1.314675919526691246e+02,1.418907640201619813e+02,1.134103111981013683e+02,1.824928354230675893e+02,1.639906524459061643e+02,1.688239128341438402e+02
8.350780926676488036e+01,9.852191410605934152e+01,1.690914202725270741e+02,1.087723155916284981e+02,1.233709423059100914e+02,1.394166029316953370e+02,9.415987262712511097e+01,1.676166620907340246e+02,1.533817520776925107e+02,1.707295986761810411e+02
7.856986954839921111e+01,9.986094771717813501e+01,1.820160155391076557e+02,1.067553781793069305e+02,1.306949881428355980e+02,1.445983133239320466e+02,9.004647896276506458e+01,1.763550379035029607e+02,1.540298561046061536e+02,1.812734080304863085e+02
8.383284945817685241e+01,1.169905131423952866e+02,1.654887371456006520e+02,9.002424000209087751e+01,1.311225342267627525e+02,1.395379601342252442e+02,1.251618997214892772e+02,1.862889440265450673e+02,1.677420144120392820e+02,1.712707702865364183e+02
7.932170172067380065e+01,9.731801816468265542e+01,1.813728232925513737e+02,1.102379368693184318e+02,1.265685922616596031e+02,1.425113402230313966e+02,9.266785193072351490e+01,1.766280118134770589e+02,1.514230822960076353e+02,1.843337269773246874e+02
6.757084092529511565e+01,1.127111446673157502e+02,1.889212602769711964e+02,9.409508439903969190e+01,1.382671250814075279e+02,1.672935328108838746e+02,1.064489969371417430e+02,1.964611741808209615e+02,1.711936141291794797e+02,1.906704390992881883e+02
7.993975161047673339e+01,1.023131797427418519e+02,1.766340786909440510e+02,1.044411242902826729e+02,1.308565980756158638e+02,1.496162635607293794e+02,9.708039662824663196e+01,1.755466071871075826e+02,1.587395719925103208e+02,1.770801092734100450e+02
7.617780335279202575e+01,1.101230692828181077e+02,1.714149957692006581e+02,9.726834541564697645e+01,1.357691683062786865e+02,1.372650774342588136e+02,1.131901326535800365e+02,1.821972813216004567e+02,1.673091721574006101e+02,1.714392686834098924e+02
8.383184368940091247e+01,1.087717571223261643e+02,1.776570684110501759e+02,9.851302419608349226e+01,1.292672317737216758e+02,1.317472039086393067e+02,1.025850682018855480e+02,1.803719417211566167e+02,1.612951794305977842e+02,1.750963504662277330e+02
8.374761299820637817e+01,9.819227946941879281e+01,1.758357144390920155e+02,1.086672946960281791e+02,1.353684379776443052e+02,1.412774127943090150e+02,9.054168955074342762e+01,1.713378384617123800e+02,1.519550847450432798e+02,1.745593802680732836e+02
7.708944262595868224e+01,9.605030625705745706e+01,1.765758070891479008e+02,1.107743814290117683e+02,1.275631327146167564e+02,1.442108113987020204e+02,9.099935803400072132e+01,1.684061726537499624e+02,1.562286857405838987e+02,1.748408388247253527e+02
8.304694838853573913e+01,1.168019722888353158e+02,1.723098537420609944e+02,9.010288349544519804e+01,1.292876113766307640e+02,1.456372217161229798e+02,1.221831206439593700e+02,1.805465046969208913e+02,1.709027277270493528e+02,1.664172256936790575e+02
8.108083699675297851e+01,9.261555738394287118e+01,1.688618485724309437e+02,1.144990884364199104e+02,1.175620586836213874e+02,1.198565742594770143e+02,8.077574208961519275e+01,1.621246236172471242e+02,1.360312413612542173e+02,1.753608553161384691e+02
8.753281913729405517e+01,1.029894967416408349e+02,1.697117214297631733e+02,1.037119195759844246e+02,1.445937499815101432e+02,1.507892424685529420e+02,1.017765424607852367e+02,1.841638598349843221e+02,1.508694552222428342e+02,1.882103177060844530e+02
7.477360530229306335e+01,1.056125190297248650e+02,1.758413256203511708e+02,1.010896539316129150e+02,1.157625944131488609e+02,1.481917682511380860e+02,9.170238838182481800e+01,1.726769430247101980e+02,1.623962824383912107e+02,1.725400647272827257e+02
6.787120409341549987e+01,1.097340270543577958e+02,1.854940677975991719e+02,9.703095378732199094e+01,1.260976742023105430e+02,1.535130785626939485e+02,8.856268069730791126e+01,1.865492141452584463e+02,1.753104413787064573e+02,1.799363381614448656e+02
8.211121144922471160e+01,8.513814152424362192e+01,1.767051645314076893e+02,1.225014256984543266e+02,1.232126822584743309e+02,1.351890518886617372e+02,7.272290215478929554e+01,1.665670525339398580e+02,1.278492773810563108e+02,1.829880373229744066e+02
8.674718676539158935e+01,1.121427419001343537e+02,1.650055227076390736e+02,9.541193959122414014e+01,1.157565129810447502e+02,1.354322449786237428e+02,1.171410845278361705e+02,1.715617391374860006e+02,1.747378142515358945e+02,1.603632248391868700e+02
7.641230464758372420e+01,1.068596069181444932e+02,1.822358806824067585e+02,9.970123654609436414e+01,1.299963986688728141e+02,1.497206208927205751e+02,1.026490073560336498e+02,1.849182579872164922e+02,1.651881114283738157e+02,1.842701274504425157e+02
7.615528944166398162e+01,9.771576608364608774e+01,1.843417499160150044e+02,1.102112430185627403e+02,1.272836465650672721e+02,1.678153844399026582e+02,8.651413980709108387e+01,1.570404342022690969e+02,1.638401404062447568e+02,1.710535300721885790e+02
8.416087450118756408e+01,1.024791749009969521e+02,1.800635991936305516e+02,1.043548583090853157e+02,1.226321949475879478e+02,1.529657497031263063e+02,1.044994837401965526e+02,1.826112769451890188e+02,1.584345265666184446e+02,1.841946151604416002e+02
7.793254618378377074e+01,8.662176210825469980e+01,1.815389470254758351e+02,1.204623298273038330e+02,1.038956588619823265e+02,1.590718732399514863e+02,7.584010050283464466e+01,1.739628017750535207e+02,1.312378208080468198e+02,1.955926135530235399e+02
7.827227538855767364e+01,1.033012593353274156e+02,1.792002077793458454e+02,1.042450127974700393e+02,1.291912264937038231e+02,1.572779543025067994e+02,9.809445116506608997e+01,1.846864027586732107e+02,1.590362561384377500e+02,1.877673646559478868e+02
6.692697639795041198e+01,1.024021282011750031e+02,1.886255358850339405e+02,1.048022847772192421e+02,1.195664068275565910e+02,1.318012321812680909e+02,9.342635897384676014e+01,1.792045368757996755e+02,1.586293477455315610e+02,1.834299202313186754e+02
8.268339005144333953e+01,1.048000386322024156e+02,1.768174993490556233e+02,1.018493029475759926e+02,1.075641709530229377e+02,1.289046530944875428e+02,9.211830804334672962e+01,1.827876480129513936e+02,1.514028085509476682e+02,1.769221800317527880e+02
8.430962006779408568e+01,1.036951224843147088e+02,1.763508676087239735e+02,1.033914648667525711e+02,1.342026514673108863e+02,1.354349417311719606e+02,1.007971547602275280e+02,1.716395957675728994e+02,1.661132534483609220e+02,1.701258547057869066e+02
8.096227012606358642e+01,1.032183069029929925e+02,1.753968924378732197e+02,1.045319606960367622e+02,1.459928903692836570e+02,1.384083225948384950e+02,1.053710591553309825e+02,1.824400392976556020e+02,1.656185149589715024e+02,1.788229163636924852e+02
7.806576447220540160e+01,1.164756886029722978e+02,1.648444599305966847e+02,9.163241237407440565e+01,1.160364792162055778e+02,1.463097090346387574e+02,1.197223841308215526e+02,1.889903480765376287e+02,1.630351493397889158e+02,1.832601707329513658e+02
7.812263055177426452e+01,1.100941567236664582e+02,1.740766441320756428e+02,9.759527851646656416e+01,1.452765941732997703e+02,1.449297038240007112e+02,9.541084138141664539e+01,1.743081511762891012e+02,1.682424946168599149e+02,1.654554458608390917e+02
8.350524920256829375e+01,1.116378984863045503e+02,1.690839702879765980e+02,9.549801380192751310e+01,1.300052702838058281e+02,1.462385543210080812e+02,1.091415074823954967e+02,1.776934693661484914e+02,1.710881016293702146e+02,1.684702722778083910e+02
7.006891678305363769e+01,1.093521182948830415e+02,1.788174698745587818e+02,9.852224637573475263e+01,1.286687912160033989e+02,1.608544428271821687e+02,9.636725256429704700e+01,1.806538390723023610e+02,1.634483757207331678e+02,1.747079976548912157e+02
7.966590498419499511e+01,1.117417308652880479e+02,1.667631310915330403e+02,9.515516357129330061e+01,1.275780394786472129e+02,1.378872268421224305e+02,1.023178169487574962e+02,1.854033408370766836e+02,1.615564374068913480e+02,1.741837931623222460e+02
8.102990584107136840e+01,9.984380183761146554e+01,1.785215977823117726e+02,1.074380821139168205e+02,1.300118557625884819e+02,1.465517531258634278e+02,9.397288728343042408e+01,1.856423252132687765e+02,1.463754422703919431e+02,1.855411739101173509e+02
8.376193840833401794e+01,1.165283581877234269e+02,1.620889448916295521e+02,9.180663177376503370e+01,1.275481498354549217e+02,1.407770553452542970e+02,1.096861198304751781e+02,1.786660095063004690e+02,1.713437805811104795e+02,1.591458140363456835e+02
8.286977621944642181e+01,1.063202300483467866e+02,1.735243747478106968e+02,1.006293772459577980e+02,1.297394934409732628e+02,1.404860587937406251e+02,9.585735980258974109e+01,1.656205681172166067e+02,1.705105790535149595e+02,1.609703379025222887e+02
7.573654373021817321e+01,1.070260927343848039e+02,1.821921009367087834e+02,1.001620720625471535e+02,1.301069332176322746e+02,1.473875419122747132e+02,9.938020536886247669e+01,1.870816164669547277e+02,1.720618368128476163e+02,1.795669399847747911e+02
8.008353211017346496e+01,9.527392171715524682e+01,1.856395725404599659e+02,1.136507713646244468e+02,1.208377733343715477e+02,1.452181955797246644e+02,8.279517087923082386e+01,1.594471761790070730e+02,1.567739963272748014e+02,1.740512095441581835e+02
7.666489762099480743e+01,1.115125625396254350e+02,1.736900176947692387e+02,9.517968024318928144e+01,1.405706906431789207e+02,1.473038476330808351e+02,1.011451871453383831e+02,1.789691495505128103e+02,1.711145997086701414e+02,1.645041836848022569e+02
7.999001005323624724e+01,9.369564816002872476e+01,1.816308333372453205e+02,1.142034489662002983e+02,1.294906147831554222e+02,1.487469379527143190e+02,8.926028666482957874e+01,1.836928140428815084e+02,1.422647259274659177e+02,1.957875558485748400e+02
7.285860543729758376e+01,1.006254640931370545e+02,1.840064657127240650e+02,1.068651915714692535e+02,1.343317267262811470e+02,1.196450290901235292e+02,9.663364783512147937e+01,1.741724026110921102e+02,1.621359847823319456e+02,1.763202433337928881e+02
8.456049643488621825e+01,1.107305870169880677e+02,1.731223775839189045e+02,9.678370960807318113e+01,1.304173726552600669e+02,1.362662654144338319e+02,1.029693516253093151e+02,1.736117320564542013e+02,1.744688709119496366e+02,1.604552265157463182e+02
8.171207071127390975e+01,1.025520021731140901e+02,1.787344595884660237e+02,1.042552601397585335e+02,1.296741521620626258e+02,1.521995731217435548e+02,9.616996726976427112e+01,1.848478551712784963e+02,1.530849637726483365e+02,1.880642842998268236e+02
8.018717978926396484e+01,1.023383575791600038e+02,1.802314121519902699e+02,1.045415531397413673e+02,1.302859739178294944e+02,1.304650585872701356e+02,9.932732883678468738e+01,1.745641775635037618e+02,1.607662703434166929e+02,1.753833779444458116e+02
7.936003424258923644e+01,1.150106222743275453e+02,1.634568121826032154e+02,9.247867926215643308e+01,1.092785930150623130e+02,1.464344394428304383e+02,1.124606414197543529e+02,1.706305301693234640e+02,1.786244130769906064e+02,1.568085268487693895e+02
9.255821993978715057e+01,9.854038720970180520e+01,1.719393030499795429e+02,1.091291639060329857e+02,1.171817618125552940e+02,1.415865703446439454e+02,1.001043121574977306e+02,1.768613763359341817e+02,1.504422926346001645e+02,1.818996415486099352e+02
7.483713774414754027e+01,1.091579690689328004e+02,1.738265746926644795e+02,9.862710312014336012e+01,1.370353167766208458e+02,1.243986003024152467e+02,1.027422965525248912e+02,1.788956566658768850e+02,1.648391516843972227e+02,1.738966660251381029e+02
8.115206141801571960e+01,1.048702857459070970e+02,1.702476528381684773e+02,1.015946639776777687e+02,1.189585447722549247e+02,1.431365242821744630e+02,9.892149192677530323e+01,1.742850059625659185e+02,1.550423356333909055e+02,1.683346330871345629e+02
8.568135029109215850e+01,1.045880908409240533e+02,1.649523900544026844e+02,1.022863445133518638e+02,1.482295926326389122e+02,1.540759164316228578e+02,1.026984931884864238e+02,1.786060690787587362e+02,1.469857182244000455e+02,1.794928030123474230e+02
8.032784076066708678e+01,1.029701167309763719e+02,1.825418190752843373e+02,1.040529657453846397e+02,1.318898074442024040e+02,1.362918215615323732e+02,9.668732438074144397e+01,1.713006299939904409e+02,1.702982984820542356e+02,1.689804631223442186e+02
7.822542090745663756e+01,1.030956135654928971e+02,1.734468736147263996e+02,1.035935637206386986e+02,1.375029525869960594e+02,1.331292779666951844e+02,9.241242698417696033e+01,1.715918946322951513e+02,1.578284567037758848e+02,1.700424408664466966e+02
8.703438743980622405e+01,1.178563823664667893e+02,1.679993955885747425e+02,9.007422871893162153e+01,1.064738903754825401e+02,1.172877477330735871e+02,1.039979274927237896e+02,1.820677674320492940e+02,1.546843889394936582e+02,1.664651604642631639e+02
8.489154972167706603e+01,1.039163110518935014e+02,1.735965980982163899e+02,1.032146534920286598e+02,1.381627914720649528e+02,1.440404523236325929e+02,9.025363675342592273e+01,1.651472091880593496e+02,1.608429614642796537e+02,1.641166366686584581e+02
7.706567850740647430e+01,1.092562937999251176e+02,1.847024401074031346e+02,9.738236591225380323e+01,1.573646866792316246e+02,1.359469690544179628e+02,1.214918209074595836e+02,1.891694905367646413e+02,1.799286863247094175e+02,1.781540430536033739e+02
8.021301244230961913e+01,1.126164384598019410e+02,1.709471889232972615e+02,9.492583996062988660e+01,1.421119445079440879e+02,1.438927376491597840e+02,9.763354442106279407e+01,1.752306251731667714e+02,1.764704447427926084e+02,1.583152705778839220e+02
7.717770232291913146e+01,1.092503069380405236e+02,1.730200277959683888e+02,9.814742145692819975e+01,1.334295512550945091e+02,1.476209779603055665e+02,9.473631662713083301e+01,1.729019573536668020e+02,1.660785040596661588e+02,1.673717268457176317e+02
8.043109609218335265e+01,8.417284123246696481e+01,1.941224215423444264e+02,1.242806516588282051e+02,1.177070540302867698e+02,1.691928682548574159e+02,8.303670475469621692e+01,1.764899985101971822e+02,1.485901451150116941e+02,1.946315570225479235e+02
8.665981839628911132e+01,1.055183066988470841e+02,1.690530486648658268e+02,1.015856125206303062e+02,1.172322326415653038e+02,1.361776923162511537e+02,1.016636740921595958e+02,1.742191556301865774e+02,1.586608109513459226e+02,1.710547470798256029e+02
8.235199120672440642e+01,1.084917361701014329e+02,1.720404172038415425e+02,9.831942068045849226e+01,1.580296882504100608e+02,1.485942574960759828e+02,9.690655258880647693e+01,1.740869803038392263e+02,1.612321536282238981e+02,1.641186750283004869e+02
8.588299922676777953e+01,1.233909973913910676e+02,1.597542910223582737e+02,8.415995046501869581e+01,1.087357411199683952e+02,1.314045341534188935e+02,1.249687851427653698e+02,1.837786498573575216e+02,1.651962370911774656e+02,1.620413254847290148e+02
7.287079773874974364e+01,1.165290383363249589e+02,1.803190984522679798e+02,9.158186388021225355e+01,1.241909535640353965e+02,1.410645292920640657e+02,1.092523147224048046e+02,1.843753949311528402e+02,1.751402482131657621e+02,1.698247150530578722e+02
7.318883458556628341e+01,1.027644130477788735e+02,1.843045228963473789e+02,1.049290549308609428e+02,1.288303681427116203e+02,1.454059756023458192e+02,9.178362224088701282e+01,1.742101576832089620e+02,1.640847031215367338e+02,1.768405983199836840e+02
8.281947615774369353e+01,1.184417370820524980e+02,1.676310004686692707e+02,8.913996113842243574e+01,1.233651028984660911e+02,1.525212229115537355e+02,1.169694667218783763e+02,1.749252422061715322e+02,1.808697084525761625e+02,1.602864669313194383e+02
7.629123805494999999e+01,9.522643230502632150e+01,1.718134632801393025e+02,1.115908452272962990e+02,1.081493023151035118e+02,1.471644326669744203e+02,8.349856970296892200e+01,1.727368084100041585e+02,1.429615847805676481e+02,1.817447464813949694e+02
8.104994149537778014e+01,1.221834106708052445e+02,1.687494087761023991e+02,8.552876969432348631e+01,1.328113009446735191e+02,1.566900992614797303e+02,1.058697312234500316e+02,1.769555595722947317e+02,1.856099275091824552e+02,1.493722773542167772e+02
7.553704381020760650e+01,1.099716606104853440e+02,1.734340185915807240e+02,9.727824377274031065e+01,1.278553344943995285e+02,1.368017136079839418e+02,1.077465187667468456e+02,1.806312083509717183e+02,1.647173058429894468e+02,1.730281351854564775e+02
8.784758158059811706e+01,1.001620377639415551e+02,1.679887609874585621e+02,1.070767505616497459e+02,1.419056703561420250e+02,1.345487663371137330e+02,1.007988769768336681e+02,1.786638427880559163e+02,1.490470652321515104e+02,1.822529875983955492e+02
8.274466693433022613e+01,1.229892064744713593e+02,1.637305682098248951e+02,8.535314516728634260e+01,1.337851184421653556e+02,1.440055495721868226e+02,1.249170417545894054e+02,1.760112019387040334e+02,1.822077027896580717e+02,1.502035675396682848e+02
7.876589898796773070e+01,1.004522620031717111e+02,1.698316049372533314e+02,1.074682606682729187e+02,1.272712527030582237e+02,1.200314523798993775e+02,9.608849207149538074e+01,1.731878285613808828e+02,1.512443902531800290e+02,1.782694867601158251e+02
8.600811351867413634e+01,1.097962786818030168e+02,1.684541001712659352e+02,9.751799574499840162e+01,1.392834794038409996e+02,1.445308576447538087e+02,1.023859702705005077e+02,1.720247128960643010e+02,1.665632061401543638e+02,1.594788344850303758e+02
7.396881082685685271e+01,8.734992971663501748e+01,1.889452321326116078e+02,1.205015324503731193e+02,1.283901462072009849e+02,1.484654450637868592e+02,7.535124543891939197e+01,1.630276689884219365e+02,1.451652936229643842e+02,1.838404069890739549e+02
7.961683957310414428e+01,1.096579610074045945e+02,1.761799210106709950e+02,9.745059031998628996e+01,1.348669331782932090e+02,1.436024935466817567e+02,1.055405573009112743e+02,1.726869121101651388e+02,1.685220409671006223e+02,1.637215845336677660e+02
8.390352718563771361e+01,1.025901430139425088e+02,1.789946949874738209e+02,1.046354474649381103e+02,1.223955373132104683e+02,1.306707617861798951e+02,1.017921539305308727e+02,1.793647178617272573e+02,1.463656650224862119e+02,1.783240709652664293e+02
8.952163361044621581e+01,8.959979872052696237e+01,1.696495972072461598e+02,1.187153311968397560e+02,1.396750174128885078e+02,1.351197922451070497e+02,8.502010760293993030e+01,1.520564844218049245e+02,1.454342069069085142e+02,1.765383731474640001e+02
8.121090218456483001e+01,1.175088761115553666e+02,1.659256597256043904e+02,9.022333519166225813e+01,1.288447432035083580e+02,1.511245495898297975e+02,1.137061388848880199e+02,1.714610780087266164e+02,1.786219923833546659e+02,1.516507360090973009e+02
8.719629894228673095e+01,1.014379160815956880e+02,1.701750239228585713e+02,1.065178151429247322e+02,1.557452485376472282e+02,1.277413938266805360e+02,1.249515233694175151e+02,1.744517896977219777e+02,1.737066398600277921e+02,1.744914067139389147e+02
7.214984290333485717e+01,1.116302867943527986e+02,1.854606802260259144e+02,9.533969655638451002e+01,1.381196421795959282e+02,1.568839931113294313e+02,1.072602416037181285e+02,1.893100219574723440e+02,1.691946963707146665e+02,1.850188305725814928e+02
7.872739899190163726e+01,1.009084197098496247e+02,1.822151014899590962e+02,1.064644649476360740e+02,1.270883424991245079e+02,1.201673321349195191e+02,1.013458960412600902e+02,1.793641012963805395e+02,1.521837224105534574e+02,1.838603676905395616e+02
8.172695161433911437e+01,1.112403837556126405e+02,1.701970880126336567e+02,9.645463460689300916e+01,1.451816041880721855e+02,1.345458649320176789e+02,1.063776820658305553e+02,1.762505831328187185e+02,1.672525164971289655e+02,1.650690438499214281e+02
7.935595919223523254e+01,1.213896625453713227e+02,1.700666409378627293e+02,8.652193330233806989e+01,1.469906725996608543e+02,1.473607688171437928e+02,1.073768887876132396e+02,1.798511533495936590e+02,1.816478233376679441e+02,1.524482257714035143e+02
7.558396188946461791e+01,1.066593487078430940e+02,1.716155782585719578e+02,1.007821831778239670e+02,1.330162348264331627e+02,1.373910806400350282e+02,1.022004053352931408e+02,1.813493407276425557e+02,1.594410169014868757e+02,1.787845516552688707e+02
8.675900493593907470e+01,9.238402080183055887e+01,1.683205967342236988e+02,1.143052573204588356e+02,1.273960750216121482e+02,1.445149753315023133e+02,8.370230976329835926e+01,1.664857276138816076e+02,1.403992603758511564e+02,1.758767527689697374e+02
8.733083999188637847e+01,9.539689124767807016e+01,1.761910913681367390e+02,1.126986345500301780e+02,1.404086970725531387e+02,1.464267312509587953e+02,9.948824704276117359e+01,1.738909632769379812e+02,1.428549400607285520e+02,1.797593497981788744e+02
8.762913683088517303e+01,1.126307626033308793e+02,1.759883967434743397e+02,9.439275331800693891e+01,1.522698192709560203e+02,1.462339624387792298e+02,1.157990819572070507e+02,1.863512923923287588e+02,1.792824023703274747e+02,1.740858760227920641e+02
8.390578524800038451e+01,8.842231236045387277e+01,1.773880851661542408e+02,1.192541886270594063e+02,1.309949594849223899e+02,1.418175890070966432e+02,8.178733227239641224e+01,1.567624937501702505e+02,1.513464152703223249e+02,1.729569725742103685e+02
7.285482603343224639e+01,1.046198039913656999e+02,1.767624325250962727e+02,1.032243527472567024e+02,1.384377796111131715e+02,1.363466325027517030e+02,9.502889794693979297e+01,1.816888926533017354e+02,1.449861000219521543e+02,1.865583103050949205e+02
6.816767527194714660e+01,1.037815765479686547e+02,1.793386091684678547e+02,1.035349155366968574e+02,1.203749866896743583e+02,1.617972015363744447e+02,9.005262432085069690e+01,1.810769479480538564e+02,1.555809919277367612e+02,1.819301780810119737e+02
8.417097735436654204e+01,1.068096217924835969e+02,1.720629604106524937e+02,1.003679335341405334e+02,1.355702158623809623e+02,1.380243548972181031e+02,9.542273977981599842e+01,1.695258969870362478e+02,1.688812146524128934e+02,1.634467152704956163e+02
7.673186005683636779e+01,1.082274196857693482e+02,1.671314414387324803e+02,9.822132248436922453e+01,1.417576245182628440e+02,1.466940052134565065e+02,1.010587230681041149e+02,1.794370088634047704e+02,1.555237620512185117e+02,1.735435162534477342e+02
8.580832916529870147e+01,1.039411779681327630e+02,1.781099904572347157e+02,1.040141157061409416e+02,1.329235304707164573e+02,1.396578970772794435e+02,9.831560677872690235e+01,1.697274821308407979e+02,1.662387746611771604e+02,1.706505878319503893e+02
6.553396110268330688e+01,1.051011101568224717e+02,1.874094840084889881e+02,1.026783304215025368e+02,1.333655746096248436e+02,1.042260953409246156e+02,9.711885324703249012e+01,1.777966688481126027e+02,1.651634923855004331e+02,1.770061806788208116e+02
8.336091122062897796e+01,8.604420090858963022e+01,1.777983600293973439e+02,1.208330593482207718e+02,1.354359360524887848e+02,1.382518444282582948e+02,8.508644295321496998e+01,1.631585287657532888e+02,1.385940939525303861e+02,1.833018868913414110e+02
9.522370927067494506e+01,8.454505586271312723e+01,1.735847520028928272e+02,1.238768974692177238e+02,1.027956273072833824e+02,1.310047613007596681e+02,8.025801444636377369e+01,1.559203143027577596e+02,1.243428245822129270e+02,1.800119477262260546e+02
8.248428545923924560e+01,1.146505661869528581e+02,1.718086318766454212e+02,9.299214056139702222e+01,1.291639737003917503e+02,1.338227867407373139e+02,1.000281350372889904e+02,1.721805046406541067e+02,1.797903046200213453e+02,1.563955865850212206e+02
7.939390037985539550e+01,1.082417244279864121e+02,1.748210020756104939e+02,9.851523409789318464e+01,1.201909694933767128e+02,1.457119798881581971e+02,1.044981422780612377e+02,1.681845207122121053e+02,1.713549599090752622e+02,1.619055694689514269e+02
6.699381084771847839e+01,1.131351024771216203e+02,1.889063400422910206e+02,9.436091148858780286e+01,1.574012459033603477e+02,1.354380538386872956e+02,1.200990422128299144e+02,1.898366398421082692e+02,1.826073928812680265e+02,1.793387575497390856e+02
7.997644324632382506e+01,9.195051027481582651e+01,1.791225659494975559e+02,1.150559281260322990e+02,1.284585560375327873e+02,1.609446551425031373e+02,7.711616322980913196e+01,1.827528296616826253e+02,1.376421796718773862e+02,1.932688948263885607e+02
8.331962324710583800e+01,8.678997292016771326e+01,1.762833536660054676e+02,1.205450415164780082e+02,1.071765093544001388e+02,1.403203195554784486e+02,7.116375986324342762e+01,1.530703121331486898e+02,1.458354014495549222e+02,1.784538675298454393e+02
7.795255242319798583e+01,1.204995907211783219e+02,1.644946673905232899e+02,8.807362425332779310e+01,1.425449283832187461e+02,1.416798522097638795e+02,1.084470944462874797e+02,1.783725155201707082e+02,1.761491337755856534e+02,1.517416076411964525e+02
7.467572724850869292e+01,1.147643967682602693e+02,1.702921375429013722e+02,9.216929990058655164e+01,1.260310151094074058e+02,1.515244138462117860e+02,1.037939195393184093e+02,1.827360926774296956e+02,1.717658897379574796e+02,1.699155550946952928e+02
7.529166357250905151e+01,9.758213999514606485e+01,1.884313824867585652e+02,1.098539330363821449e+02,1.313617935293788719e+02,1.513071907383969972e+02,9.066812095628770862e+01,1.803047119286809163e+02,1.534663733730254194e+02,1.858106813182594408e+02
8.076144175263142699e+01,9.253280219082859048e+01,1.808580836748460285e+02,1.153430098295759620e+02,1.309203303569431114e+02,1.653915003759435365e+02,7.246842125640901600e+01,1.683060470280204015e+02,1.392531302610573789e+02,1.837630325307609667e+02
8.209198085995411986e+01,9.869602700715091714e+01,1.712855373566726200e+02,1.087893715054344597e+02,1.352282024437064933e+02,1.520400842649511048e+02,8.778325084434541736e+01,1.653011214342866140e+02,1.526431348661122342e+02,1.706534996976616014e+02
7.393005545469021911e+01,1.142928618753435899e+02,1.772325723564008229e+02,9.256773542618269346e+01,1.220558593237275886e+02,1.099376424772313783e+02,9.915447444306406055e+01,1.732495888081345754e+02,1.764390382656989118e+02,1.538964769592048754e+02
9.073447616430020446e+01,8.642682884280708322e+01,1.798644049113372319e+02,1.219872794151853981e+02,1.319905755632991600e+02,1.411222916466764161e+02,7.140845090733560596e+01,1.493770708945546346e+02,1.416308552960095426e+02,1.728482044090988268e+02
8.381121698053574676e+01,1.121951244140150834e+02,1.647850944196561329e+02,9.531870858376736066e+01,1.249286741727466392e+02,1.234166078788808534e+02,1.111933849810222057e+02,1.863613374141011434e+02,1.555431289712128660e+02,1.800195918431045641e+02
8.671789269180989379e+01,1.006015941539886285e+02,1.725335744267085545e+02,1.066633048281621399e+02,1.382229214870805549e+02,1.360962740404180238e+02,9.421440438018831287e+01,1.684475448933396535e+02,1.530842062274155637e+02,1.722421491493942369e+02
8.197380758853650207e+01,1.069595481122019578e+02,1.660878951346257679e+02,9.982358136778587721e+01,1.539309034460658836e+02,1.295922413093618104e+02,1.190607526658633617e+02,1.784756096211228567e+02,1.703468315640625974e+02,1.710422430386306871e+02
7.930839179487919921e+01,1.054638918006899644e+02,1.811351245140412800e+02,1.018823714554857673e+02,1.196251931485223281e+02,1.555115572733453462e+02,1.040035519062140850e+02,1.785822982993874746e+02,1.695829349795517942e+02,1.800724695672752489e+02
9.467548938127255553e+01,1.117284629011633683e+02,1.650247530137876026e+02,9.542625594517106435e+01,1.472556269654507446e+02,1.295748248917630860e+02,1.201694751738170055e+02,1.813360223826918798e+02,1.723672395387825986e+02,1.707192259182693590e+02
7.590217630596852416e+01,9.724440207724597940e+01,1.827098357176164143e+02,1.094989787042688789e+02,1.198651334756488609e+02,1.505138032657674501e+02,9.556363675581010853e+01,1.835650053826127248e+02,1.485936881343064329e+02,1.895925414314033617e+02
8.174772252174115295e+01,1.309191442990782548e+02,1.617971675788739674e+02,7.735456894343609235e+01,1.292335408443088340e+02,1.563704941494039247e+02,1.296241446493724254e+02,1.838397774902138906e+02,1.959014973679718992e+02,1.487696845879318346e+02
8.062947022946572417e+01,9.720642068629291543e+01,1.908028882836678974e+02,1.111380056143354835e+02,1.314923683220023918e+02,1.604123064500859925e+02,7.746646753536256824e+01,1.664865363148007589e+02,1.671536772290406248e+02,1.772623114933731188e+02
7.072401995988583678e+01,1.089783902878048707e+02,1.782796398496011250e+02,9.829522711789125822e+01,1.299858579748744773e+02,1.325822811944059083e+02,9.988662842498811756e+01,1.804470911827836233e+02,1.655389215389428159e+02,1.754637958755256761e+02
9.387040375204777831e+01,9.787665538136985788e+01,1.711596728062013142e+02,1.093026354313444557e+02,1.018031907194728660e+02,1.352428288085035035e+02,9.628897294984849964e+01,1.688000584450516897e+02,1.442954244652924558e+02,1.810577892412902941e+02
8.053962524266934508e+01,1.016181831771614839e+02,1.745060700570920460e+02,1.053991062865209045e+02,1.328278147840375709e+02,1.422419339639714906e+02,8.643059698329957996e+01,1.702596698013100820e+02,1.680893930534062406e+02,1.689694811453582872e+02
8.312966047259068603e+01,9.069329033439186105e+01,1.756189664399007313e+02,1.167312881462823810e+02,1.248370363080377388e+02,1.455062985641530702e+02,8.753355464921983753e+01,1.852954648044858175e+02,1.396345978120503446e+02,1.978737029185058702e+02
8.921222800048089141e+01,8.629272684102085123e+01,1.839623252397159092e+02,1.222993150055956306e+02,1.114322427922363090e+02,1.428033001644185731e+02,7.719964597211870228e+01,1.761250185576234060e+02,1.277662561277089139e+02,1.934895503272773851e+02
7.733034728499150390e+01,1.098923851067307282e+02,1.747925795113423817e+02,9.666981559997314832e+01,1.477960193866367149e+02,1.492928194624952027e+02,1.081547963379481700e+02,1.821154961195740896e+02,1.703963086644349119e+02,1.726473830690147508e+02
7.278684325547909850e+01,1.182524498814823914e+02,1.839886399900296681e+02,8.822454285627121351e+01,1.409059259408588218e+02,1.418521314484647462e+02,1.209611313103297618e+02,1.924542040732655721e+02,1.841327127555546781e+02,1.736116524090530504e+02
8.504807058008408660e+01,1.063818503582957078e+02,1.747940639650205128e+02,1.004387208372902336e+02,1.223244520538921165e+02,1.330899055821469972e+02,1.034423208592990306e+02,1.712194208112511831e+02,1.642214825192627927e+02,1.682242583980323900e+02
8.283466263147091979e+01,1.047536556759956170e+02,1.746599796509126179e+02,1.022019188926171722e+02,1.359660600536937523e+02,1.509184242708257386e+02,9.091061929451021228e+01,1.681142649558339315e+02,1.687024317423043271e+02,1.662139416088821520e+02
8.650489030810093993e+01,1.152457160467388917e+02,1.633498643135407917e+02,9.241199925547356031e+01,1.534544654005641746e+02,1.358380545002988526e+02,1.174373565076449779e+02,1.735143103209290700e+02,1.731941772738633176e+02,1.546980074395897020e+02
7.655002085896229858e+01,9.256225953643348703e+01,1.788197967206815235e+02,1.141729055643629493e+02,1.336557916739458847e+02,1.412072803599408815e+02,8.811231896863969837e+01,1.710763339904103475e+02,1.478388255277810117e+02,1.824713679899932970e+02
8.434015585513806457e+01,1.125906743073942948e+02,1.666260028278211109e+02,9.557132037734503172e+01,1.313978802674884605e+02,1.301329313737920472e+02,1.057354949473002819e+02,1.722975559440407949e+02,1.743760273793873807e+02,1.583709360708953966e+02
9.197657801242566222e+01,1.064758367950203706e+02,1.633333300446847431e+02,1.007436564267229500e+02,1.329996823185558128e+02,1.292232972008756349e+02,9.972982836352380787e+01,1.678227058854851919e+02,1.491166829655108472e+02,1.649318058242561449e+02
9.306400911541676635e+01,9.579323030655410776e+01,1.662407464777806751e+02,1.111338999420952263e+02,1.437045309060687828e+02,1.469831369144490907e+02,8.140722886310609852e+01,1.636177329924855428e+02,1.432243989149270078e+02,1.724074597706558336e+02
7.137106451423859710e+01,1.138508550042393495e+02,1.713643245791772358e+02,9.364241558318848035e+01,1.369930768424148368e+02,1.421580066902211854e+02,9.179014525400194202e+01,1.737839030531201558e+02,1.722235565224823972e+02,1.565727501859428514e+02
7.614319090576863402e+01,1.145760754013541032e+02,1.701817744171002857e+02,9.313437788938993833e+01,1.339549371117229271e+02,1.488430268985799501e+02,1.099059985040286449e+02,1.834452905115637975e+02,1.663346293607888242e+02,1.693250596871139635e+02
8.447477899523472900e+01,1.189747397566321183e+02,1.741887116228917591e+02,8.795728597050423048e+01,1.407551698797817039e+02,1.469756336433461854e+02,1.171686700342753795e+02,1.815489651766572194e+02,1.814067319968876859e+02,1.610432829012634386e+02
7.588171140881276244e+01,1.078311869615795899e+02,1.765682539140561573e+02,9.882248364394421003e+01,1.268278871366257476e+02,1.407789032680562684e+02,9.194468346820863758e+01,1.729949660208974080e+02,1.720980100372967740e+02,1.648655785073997606e+02
8.058374063702321166e+01,1.075935419911625672e+02,1.799745165204385273e+02,9.953668172662968061e+01,1.302913450711841392e+02,1.588775008542112062e+02,1.046340774654010204e+02,1.842674891260419088e+02,1.581849543491539976e+02,1.832846367707016100e+02
7.708183272214627380e+01,1.084011272827270318e+02,1.802906725203374378e+02,9.862492235010380170e+01,1.253913108223552513e+02,1.466112832052282045e+02,1.048123158572772411e+02,1.838553474900279241e+02,1.628912493923840543e+02,1.788960800518753160e+02
8.253586371274685973e+01,1.002714614385845948e+02,1.784959830140450947e+02,1.072367777899455490e+02,1.280582969003791618e+02,1.430768141967824647e+02,9.766079971776994739e+01,1.795271584597382741e+02,1.505970357695755979e+02,1.844741803159477342e+02
8.053440272839760894e+01,1.102683011705162812e+02,1.795467929785827153e+02,9.697664210950846098e+01,1.432694380396480369e+02,1.461071896774343202e+02,1.085737277327636150e+02,1.801029073503766256e+02,1.729834457675156614e+02,1.711339522351982225e+02
8.872584892841076964e+01,1.076582000220301438e+02,1.720204930400231831e+02,9.894975771015400312e+01,1.446702144855136680e+02,1.496843567711881349e+02,1.026921339093306926e+02,1.715942172613892751e+02,1.603678244987664243e+02,1.685889793386222948e+02
7.176984183521962279e+01,1.181702634954932023e+02,1.741479689871648304e+02,9.061396628623718641e+01,1.473350454085941124e+02,1.591376501543096253e+02,1.194976524470904735e+02,1.863640986886773305e+02,1.723485800812182447e+02,1.715772536744835008e+02
8.339102737637257690e+01,9.945137156193283090e+01,1.732324286794045918e+02,1.080753899589728775e+02,1.170548725539321708e+02,1.577906195742658326e+02,1.011490599869349865e+02,1.776934406963143545e+02,1.569233091810879728e+02,1.815177731265785326e+02
7.599186426432824248e+01,1.000704539531948853e+02,1.835947179293015949e+02,1.071515676379751625e+02,1.153014803641910362e+02,1.500449459178022096e+02,8.899992833124193226e+01,1.801587942150387960e+02,1.573304976562199613e+02,1.843227408876182665e+02
7.331636543603634948e+01,9.987974096481826791e+01,1.791462252830842488e+02,1.075053218752693596e+02,1.145348974579448509e+02,1.526822159511617372e+02,8.665127757774385486e+01,1.642823744025979238e+02,1.659762658814129850e+02,1.715478296627761949e+02
8.387024168701863402e+01,1.041217949429633904e+02,1.709441099857667439e+02,1.025423128158401909e+02,1.283498132341975975e+02,1.345165151876977632e+02,1.020746049641230968e+02,1.822176495400223928e+02,1.499576299825844785e+02,1.850513756026985277e+02
8.342222878368592376e+01,1.000872202033283997e+02,1.803278848027566426e+02,1.067776792720508041e+02,1.260278980249042320e+02,1.512099516017011354e+02,9.206110433326753650e+01,1.673897806462798314e+02,1.573708924094376584e+02,1.762880123605491747e+02
7.207187928291058654e+01,9.979691631739166269e+01,1.812748777663091175e+02,1.079196942300152244e+02,1.160326504224414634e+02,1.629046915990880677e+02,8.870793042169603382e+01,1.816766459253583150e+02,1.595223824123082181e+02,1.866590509166481127e+02
8.048913531037068481e+01,9.976358098183897027e+01,1.753150338178256504e+02,1.075838056952309074e+02,1.267118448728198814e+02,1.355713009459546754e+02,9.152988264547380481e+01,1.701317855027470785e+02,1.540658201614556333e+02,1.766782975544693102e+02
7.702665834160542602e+01,1.011751844996693421e+02,1.786711860691884510e+02,1.059039388895582618e+02,1.271352589541549492e+02,1.428386859519056031e+02,9.157737377868684803e+01,1.771852424946580129e+02,1.546154512206254026e+02,1.809275566091301073e+02
8.538168732853627318e+01,9.750223684703138360e+01,1.771246142482141011e+02,1.095817799196195068e+02,1.298067193442458915e+02,1.434768480879834840e+02,8.781214890466722522e+01,1.746233046558652120e+02,1.471148529390034696e+02,1.815099069823982347e+02
7.568206527860856170e+01,1.094855223262789536e+02,1.821242592429498188e+02,9.717944300180191419e+01,1.407230241709823417e+02,1.541041316611341188e+02,1.109807501195529369e+02,1.891520976630006032e+02,1.647778023520646116e+02,1.819434755792381395e+02
7.943718673320508117e+01,9.995045087878730783e+01,1.763893969153741352e+02,1.069205044806551399e+02,1.420325670578951645e+02,1.387235204798749635e+02,8.641322669969591175e+01,1.683147221413407522e+02,1.612390105167565366e+02,1.694963669528724779e+02
9.254049949379658813e+01,8.776209072415855417e+01,1.662978573238233082e+02,1.194657559767913284e+02,9.608314199386785504e+01,1.410022082550100038e+02,7.866773194657358204e+01,1.557597726789269643e+02,1.389210658708748838e+02,1.785708724310161699e+02
7.950565157862401122e+01,1.176121358687165070e+02,1.700466104244569294e+02,8.983749812846893690e+01,1.309503932261342811e+02,1.377163716775945375e+02,1.041862358211139110e+02,1.718513429370675283e+02,1.787771854141888639e+02,1.506352305760147203e+02
6.723547919126248473e+01,9.862175292913940439e+01,1.942659200226644032e+02,1.083474148884963455e+02,1.239353615754718589e+02,1.329785739404729554e+02,8.606509724842103992e+01,1.767434390989098745e+02,1.634873657861886045e+02,1.808302498211624254e+02
7.327634759278988952e+01,1.042024194264891435e+02,1.859620449339726918e+02,1.031113468707155647e+02,1.319671180957431602e+02,1.453822773618272493e+02,1.010213153718570140e+02,1.870547745135579305e+02,1.585050992408928892e+02,1.845257036437751879e+02
6.979058779807782287e+01,1.069103956485274125e+02,1.835467299019673817e+02,9.972395634656662367e+01,1.217107793205852317e+02,1.414959261638692567e+02,9.755334851728471790e+01,1.785624593106064992e+02,1.614696294704613706e+02,1.748389484038116564e+02
7.799335904451108092e+01,9.398000002299573907e+01,1.757359285747388356e+02,1.125390352011274757e+02,1.092258918994540977e+02,1.548701973182729432e+02,8.857964215265306507e+01,1.719794337061200338e+02,1.488667199650940915e+02,1.819428668370010485e+02
8.420526023240780944e+01,1.060454188699009705e+02,1.749716538583615772e+02,1.003112989664625587e+02,1.265310790949935722e+02,1.411160465402177522e+02,9.855015037046464954e+01,1.721471705046448903e+02,1.744390675464806577e+02,1.673530469884636034e+02
8.934692133994794006e+01,1.042347340101483155e+02,1.693830650841573231e+02,1.037185214311432304e+02,1.182123163455600547e+02,1.239388802868894288e+02,9.784205529676469837e+01,1.752662940976176458e+02,1.515724325517354032e+02,1.723936494340660204e+02
7.798692069979405517e+01,1.129707928711655427e+02,1.779952140098193638e+02,9.357694694405311964e+01,1.217273443454379844e+02,1.563779783470205018e+02,1.159233633040049938e+02,1.818539720979485708e+02,1.737232872883019468e+02,1.760629129757644762e+02
7.660716877909398193e+01,1.112356773281576920e+02,1.757384677624085896e+02,9.575779839610571287e+01,1.333008052223796653e+02,1.509772691351941774e+02,1.065235972164729503e+02,1.804489424136433797e+02,1.694756698647675535e+02,1.679324106921913256e+02
7.875119651885724181e+01,1.042559360081436921e+02,1.797876469885686390e+02,1.029756246656727257e+02,1.151598678344363975e+02,1.413562708718351075e+02,9.391849366413148914e+01,1.753836099115166860e+02,1.655885050634083768e+02,1.756905722965957750e+02
8.899299411507344360e+01,1.093294499630215455e+02,1.744098755215981953e+02,9.752331269537920377e+01,1.229279401415462303e+02,1.390918914897016236e+02,1.136924537478545574e+02,1.784540802148137288e+02,1.711564327815709134e+02,1.672464630355598558e+02
8.147685699196553344e+01,1.074816542679550935e+02,1.717798031961301319e+02,9.964360074704403303e+01,1.297334149592990684e+02,1.423199597818425843e+02,1.062561620234111217e+02,1.837695633527789312e+02,1.625881293753323575e+02,1.796072349300148119e+02
8.322015138002133483e+01,9.408081732337501535e+01,1.797352663969377033e+02,1.138565560132812919e+02,1.209148742669696617e+02,1.490995877606443116e+02,8.360743997083696399e+01,1.657830211725983816e+02,1.498143062630829832e+02,1.794206791867973436e+02
7.252860745074248427e+01,1.055649743491890717e+02,1.791812451725581639e+02,1.015549571067642631e+02,1.338536864632243919e+02,1.454663874132207582e+02,8.596758702980073963e+01,1.771244793591056066e+02,1.665312514046368619e+02,1.698984547009231676e+02
8.523019681902623290e+01,9.625793884341743478e+01,1.752227427756169789e+02,1.112884569466661873e+02,1.289696407133216667e+02,1.380656616313031861e+02,9.421237204061540638e+01,1.682188358214650350e+02,1.528251549640831968e+02,1.792489685764076341e+02
7.976538850398755187e+01,9.194741774742630014e+01,1.799891521131375782e+02,1.152776537538122597e+02,1.181181492918605613e+02,1.408675681573919007e+02,9.409889755235704456e+01,1.625781424251351552e+02,1.461293295363125821e+02,1.860558320035698046e+02
7.305062624843812102e+01,1.016225421691420365e+02,1.801336808001378529e+02,1.055308446437668266e+02,1.214286246263856697e+02,1.390644079668096253e+02,9.205576241599115406e+01,1.809468564745936590e+02,1.495892788211045286e+02,1.845633947601081957e+02
8.433282947571969146e+01,9.475504865889575967e+01,1.765779836123565190e+02,1.120647463501047554e+02,1.470591015034789848e+02,1.359625500661901185e+02,9.555592808710130726e+01,1.689152463284287649e+02,1.621753647962746641e+02,1.791353456129791368e+02
8.377777019174790496e+01,1.030140439236643601e+02,1.734717827236035816e+02,1.042885325551580848e+02,1.396489043050880241e+02,1.433929063899091432e+02,8.903349778638872181e+01,1.678600375858102041e+02,1.634350411931214353e+02,1.674610482206108202e+02
8.265816958280301208e+01,9.833054382001188287e+01,1.716739902889111988e+02,1.088497646041762295e+02,1.270832802170390892e+02,1.449625970346502015e+02,9.107438269840272937e+01,1.777876133230481344e+02,1.487577261964020749e+02,1.818083579292060961e+02
8.280435259671902770e+01,1.145620236659529496e+02,1.741083278154710285e+02,9.233016173547024152e+01,1.528983538859958458e+02,1.314782276970914552e+02,1.229556546567538646e+02,1.867854071018252569e+02,1.787556872407135984e+02,1.732369600286247362e+02
8.433476115794873351e+01,1.172556610072138596e+02,1.614665740525105946e+02,9.091268575196976087e+01,1.019769916051502037e+02,1.347568458838037202e+02,1.158799943386176494e+02,1.824944819864783483e+02,1.669666149059472104e+02,1.656013138642074694e+02
7.981810353728032226e+01,1.129667940551522065e+02,1.701617942547181599e+02,9.524770702427143476e+01,1.354244834297771263e+02,1.397483958227208802e+02,1.012647025941470531e+02,1.719257410225424962e+02,1.736460878888306638e+02,1.580421054711105455e+02
7.692261847885346526e+01,1.095504432583334733e+02,1.725879937803128712e+02,9.710966052120441816e+01,1.367470639312143135e+02,1.342105313760808656e+02,1.045549220203021434e+02,1.768764949050698476e+02,1.604734628537831327e+02,1.688774687399627794e+02
8.174881820412373656e+01,1.161343712622406770e+02,1.686747266446927540e+02,9.230119889980072401e+01,1.337079929226512718e+02,1.393184458238652894e+02,1.159169287441829113e+02,1.815473879781518178e+02,1.684169498721299192e+02,1.660355400790931810e+02
7.846136696668362731e+01,9.915545592849281320e+01,1.815439737235883229e+02,1.077765874565195503e+02,1.223522973173732566e+02,1.410352791769078920e+02,9.447855756269487415e+01,1.797722671237740713e+02,1.577812979409632703e+02,1.851534484376670946e+02
8.891352541776394958e+01,9.793340181951549539e+01,1.676698196923116200e+02,1.095382814780425491e+02,9.155377228199193951e+01,1.322365483266881654e+02,8.810031608329805408e+01,1.670996990111623006e+02,1.428899191657242795e+02,1.786032969107391466e+02
7.830349163742756957e+01,1.139057916814568330e+02,1.651944449042657368e+02,9.474155076598638914e+01,1.483696599715823936e+02,1.418675110561422059e+02,1.176142579673388866e+02,1.859590247926268773e+02,1.689083551803765317e+02,1.763766434838535417e+02
8.060073624582982177e+01,1.077890737766506959e+02,1.832417971288541310e+02,9.951925785845035932e+01,1.319015203231448936e+02,1.431415615303090760e+02,1.052549599169352916e+02,1.787584535685334401e+02,1.729764134923157712e+02,1.686207790126564134e+02
7.736204506488537902e+01,9.445890865867164621e+01,1.867080948149541371e+02,1.127101130113553467e+02,1.262169644945735740e+02,1.380099004728368470e+02,8.852805194841417347e+01,1.775732551422867971e+02,1.483633713165459653e+02,1.874130375733139147e+02
8.531479005547261352e+01,9.733575054650333414e+01,1.770557932054379933e+02,1.101812723279547157e+02,1.104640026205653953e+02,1.428041241986325929e+02,9.489874062524827991e+01,1.778163567093167501e+02,1.448304941395459196e+02,1.857324358572723497e+02
8.918371827932095641e+01,1.077546728367092896e+02,1.690885333513597004e+02,9.882567468291038892e+01,1.123826129400605964e+02,1.416180744988492677e+02,1.123349371908763317e+02,1.734260249641690450e+02,1.780843166450200101e+02,1.667845598807098497e+02
9.426166395874714965e+01,1.060061065370323945e+02,1.680271156524995320e+02,1.010936500430654945e+02,1.072702823990459251e+02,1.278051061851552674e+02,1.097214523910144237e+02,1.795349357631955343e+02,1.545589143077073118e+02,1.782264170994522203e+02
7.536320552261567229e+01,1.062791754121067811e+02,1.722532581483701222e+02,1.004520265013527336e+02,1.229710565322513389e+02,1.387023445589116761e+02,9.577940473543199573e+01,1.753750832733664708e+02,1.586920844355759641e+02,1.733545675625564684e+02
7.621139065952992553e+01,1.169173385465624619e+02,1.736357150470593922e+02,9.140770495688433073e+01,1.341356453412647056e+02,1.415742351634076783e+02,1.100662510155299572e+02,1.789425422158990102e+02,1.741092821994957944e+02,1.615531332840683092e+02
7.894534511895871276e+01,1.095921096319439698e+02,1.786461073254922383e+02,9.812938581412548444e+01,1.215181219690913963e+02,1.575213469488195130e+02,1.084010565637210277e+02,1.839388341215405660e+02,1.661860737839875242e+02,1.805751172055961717e+02
8.271187900038457030e+01,1.086250946933510590e+02,1.728645320033410542e+02,9.833464303618187330e+01,1.277493022197360801e+02,1.441767881733945558e+02,1.012895663736918834e+02,1.732922286597047048e+02,1.692669669429001829e+02,1.645781792750122179e+02
9.504860414596295470e+01,9.224163187687423715e+01,1.682515327131131642e+02,1.156269947290968361e+02,1.492277436667556572e+02,1.358682438356450746e+02,8.350304240571054493e+01,1.536440809723887639e+02,1.461889562944111844e+02,1.708192449559929003e+02
8.484771676393246764e+01,1.058076883817198564e+02,1.798401746993640415e+02,1.011922456026625099e+02,1.346806179994220543e+02,1.499894814712575624e+02,1.039965642152884868e+02,1.810823812392506795e+02,1.656721161047158262e+02,1.764864702572586168e+02
7.771097783776021117e+01,9.211851864700344095e+01,1.814119173681119435e+02,1.154797715247225227e+02,1.287109177523727226e+02,1.449817827565244386e+02,8.500165314065012012e+01,1.716877482888255315e+02,1.441965087989506742e+02,1.862842818846466173e+02
7.625651949675774688e+01,1.134854776525976945e+02,1.745865706598142140e+02,9.423967055236811063e+01,1.160478582197303581e+02,1.214104194862416932e+02,1.039028966187098888e+02,1.802393760290894704e+02,1.590669193307099363e+02,1.733433474650146593e+02
7.487239593299126739e+01,1.103358137088003446e+02,1.731742998158315174e+02,9.750070825969690702e+01,1.285305086487407493e+02,1.563975243193677613e+02,9.772651410685571705e+01,1.766033812967095571e+02,1.705849903265175840e+02,1.682588833322288622e+02
8.954994408817982787e+01,8.217987197284725198e+01,1.736041427051404469e+02,1.252146628648590507e+02,1.565371320956821251e+02,1.310233140213063905e+02,8.941265807138475452e+01,1.591122560706887441e+02,1.357314213553605100e+02,1.881145731558563341e+02
8.065162377091145629e+01,1.055659294242146302e+02,1.695459734594205372e+02,1.018575911894988479e+02,1.261541113072509575e+02,1.470410031599572847e+02,9.989275351749452625e+01,1.768547529783997732e+02,1.575701309481797239e+02,1.740699439396621813e+02
7.798806397648549193e+01,1.004010276014092256e+02,1.739834735786298268e+02,1.065830989182543220e+02,9.449514503418157574e+01,1.220249076110891053e+02,8.418472514139207874e+01,1.830004980471883016e+02,1.396798257270989438e+02,1.872236793091060747e+02
7.913647283645367736e+01,1.118595925385239411e+02,1.685316014682630055e+02,9.533253274118418119e+01,1.220509685391063499e+02,1.491267314178518006e+02,1.099054780958751110e+02,1.812784750369343953e+02,1.687096409836945554e+02,1.700306365837814440e+02
7.577539463372922057e+01,1.053893286699536134e+02,1.782937695180753224e+02,1.020555133969139519e+02,1.328462815695876884e+02,1.383032295925191590e+02,8.924067149148973499e+01,1.646547647324357229e+02,1.695092831591305753e+02,1.627226779808761705e+02
7.806356257231927032e+01,1.003267080748560716e+02,1.851468364393094532e+02,1.075236331821035805e+02,1.485599543267364311e+02,1.451670269591382691e+02,1.040893477557757762e+02,1.914408745971474843e+02,1.586408123413262388e+02,1.907257407059433092e+02
8.334392406078076476e+01,1.036678970495345879e+02,1.737085213755944721e+02,1.032705491632770958e+02,1.323811028116817283e+02,1.342004394752553651e+02,1.036436602829554943e+02,1.749069578555379110e+02,1.576113430300889036e+02,1.758019405951263536e+02
8.662777349384522552e+01,1.115179467612984467e+02,1.691360943412164204e+02,9.516266988223308942e+01,1.464286596888179588e+02,1.513918199164441774e+02,1.203447511552432445e+02,1.795928964224610525e+02,1.702590474525628110e+02,1.711698457946540941e+02
8.716421319576001281e+01,1.004098780417921830e+02,1.679600354825833790e+02,1.068410995007109108e+02,1.222323849016303825e+02,1.490496055705121705e+02,9.362650070177110706e+01,1.620363034215722280e+02,1.594147509077725431e+02,1.645288253178360094e+02
7.069251121612286681e+01,1.039764192963125993e+02,1.777782783305028431e+02,1.029259288609575691e+02,1.032728753799075889e+02,1.446653624398282716e+02,9.510078648315462146e+01,1.850353642460856634e+02,1.466595747212109586e+02,1.829247262229683031e+02
7.318380062313771361e+01,1.110673005992653657e+02,1.730200809633115284e+02,9.670899347966427229e+01,1.303918503039951133e+02,1.472945471627286622e+02,1.032185349820712474e+02,1.806640163865838247e+02,1.690196316281495115e+02,1.731166748752357591e+02
8.010037569733357543e+01,1.099684381896736909e+02,1.677977750843146794e+02,9.728211347764248274e+01,1.391216189378375816e+02,1.347184542638829896e+02,1.084762196301082042e+02,1.842017062810216146e+02,1.590575505534348508e+02,1.784973530521156420e+02
7.672744825514054412e+01,9.646419992690113077e+01,1.867098710333684437e+02,1.101857899725984993e+02,1.293279445880527305e+02,1.583474381787351319e+02,8.172707525478395496e+01,1.790966061261449056e+02,1.494795099983153364e+02,1.862927564730407823e+02
6.775348098607754821e+01,1.040521851444723893e+02,1.851206984018662922e+02,1.038675572202157440e+02,1.372157824450607109e+02,1.597232856375745484e+02,1.001474365948298839e+02,1.951749047246728139e+02,1.578029210010705015e+02,1.921984011282684435e+02
8.669028240473961944e+01,1.030699295813324738e+02,1.712117694711068623e+02,1.047568131685804786e+02,1.346629238837833213e+02,1.419587946159414003e+02,1.010320027230838207e+02,1.787690798846039968e+02,1.532987320760426542e+02,1.793079858770134081e+02
8.800789301129078979e+01,1.089517022485020448e+02,1.688762559389451496e+02,9.818505132203812025e+01,1.523974208944911766e+02,1.188290829581788728e+02,1.272120153068164257e+02,1.781554305759225088e+02,1.680691815057930967e+02,1.703124817361595262e+02
7.478376375170445556e+01,1.102489173973086167e+02,1.743487202619889729e+02,9.660717025404686353e+01,1.463017463797206688e+02,1.386038822156957337e+02,1.140523065684893993e+02,1.842950297203812795e+02,1.671370151082215330e+02,1.757796560277702440e+02
8.951246038110947723e+01,1.017619782948973466e+02,1.654640744423249714e+02,1.058008017242502632e+02,1.037520091944808769e+02,1.368628055674604127e+02,9.823062295304330860e+01,1.654001711216721731e+02,1.496502380857405683e+02,1.704116847266914476e+02
8.273461435766911620e+01,1.060354148561241914e+02,1.685451786314824574e+02,1.001806089431595268e+02,1.133113226407642173e+02,1.428034863395265290e+02,1.005028039573291210e+02,1.781817057040486532e+02,1.560734718183217069e+02,1.739530189981224169e+02
8.304245708914494628e+01,1.212591509113195229e+02,1.594528287296870701e+02,8.617631956195349119e+01,1.119713503831500816e+02,1.405478323919347474e+02,1.257983777283290294e+02,1.826561045852456289e+02,1.664837070444760343e+02,1.666733731975319017e+02
7.814732982249951476e+01,1.087873601729157258e+02,1.847516256963590138e+02,9.845621556049103162e+01,1.549726127499217796e+02,1.268017083627752015e+02,1.179984367846110729e+02,1.831670247522149282e+02,1.778245707491574308e+02,1.760046009769203295e+02
7.649792441757416839e+01,1.075760944152357865e+02,1.674662231897691242e+02,9.957422706490272901e+01,1.329945816734309005e+02,1.391380833608678529e+02,1.047736272572139171e+02,1.782931672242436605e+02,1.597004545966324827e+02,1.702130776991607775e+02
7.585660479994511718e+01,1.033159484008434106e+02,1.783176739012578480e+02,1.035125924088608684e+02,1.286505773180599022e+02,1.494895060283712098e+02,1.103004197238543895e+02,1.836778874603066640e+02,1.518837547937569639e+02,1.861359092345001329e+02
8.400511150093770141e+01,9.915683411453989038e+01,1.737252852266410343e+02,1.080881051645230713e+02,1.093145898097629356e+02,1.397243907076886842e+02,9.355603138195070301e+01,1.771608282980475622e+02,1.445864444712338468e+02,1.831840624561073412e+02
8.101887296171879882e+01,1.195673368537905503e+02,1.609807780181745045e+02,8.899220892792457960e+01,1.264990800136203575e+02,1.469694956762365052e+02,1.211871751903155712e+02,1.729231452253613668e+02,1.746185715833840391e+02,1.549253686716320146e+02
7.906481777163243407e+01,1.160670587087157060e+02,1.670159663950780384e+02,9.251970335846657179e+01,1.411474259608859825e+02,1.358567390663198182e+02,1.092386529205897716e+02,1.758761424330029683e+02,1.780273994097647687e+02,1.535701732387306322e+02
7.891043002935147399e+01,1.250360099637987901e+02,1.667494904791692250e+02,8.294460275774711988e+01,1.333215402477855491e+02,1.497127951902917573e+02,1.245590705929854778e+02,1.770106312242303090e+02,1.926195848623452207e+02,1.526173031081916918e+02
8.321844549508786315e+01,9.698697051798131952e+01,1.740327021276334278e+02,1.102347101271700325e+02,1.294892746621246147e+02,1.452694590313008973e+02,8.060800544010194812e+01,1.567955813911709981e+02,1.564818715492424985e+02,1.690072121371986498e+02
8.292450784178471679e+01,9.991856358592536935e+01,1.765546827113011830e+02,1.075945204794954719e+02,1.437974231356258201e+02,1.387495630604795167e+02,8.825311175571474109e+01,1.655663868394646840e+02,1.619745289722619077e+02,1.710193560471298326e+02
8.905737046929097289e+01,1.112748478317740251e+02,1.612778359597304814e+02,9.639498280739302061e+01,1.188055808210248756e+02,1.462725544793180177e+02,1.176563322304347423e+02,1.735427140203271108e+02,1.786491811910805723e+02,1.609949862112762560e+02
8.901997570725178832e+01,1.018345428222897340e+02,1.740561825727799885e+02,1.051274695322465362e+02,1.607341001146907615e+02,1.428159655851892182e+02,1.055351770280459789e+02,1.805903746691498952e+02,1.606356073061165830e+02,1.807008728136779894e+02
8.274600280853009338e+01,9.463849443589475641e+01,1.747742239331582539e+02,1.132051215842914047e+02,9.745902005969236370e+01,1.333280154985955903e+02,8.532625994668993030e+01,1.681951253917966085e+02,1.496916933098969480e+02,1.785530789842369188e+02
8.237946331532693023e+01,9.148245167379405984e+01,1.746912702118733876e+02,1.157909483016085090e+02,1.120976113790149498e+02,1.338811862093976686e+02,7.229736307846101795e+01,1.517239327934537130e+02,1.512336562315163633e+02,1.714372702588798631e+02
8.710801298948025817e+01,9.349842853491333017e+01,1.819967016672471516e+02,1.143253636062693062e+02,1.266171066278095054e+02,1.339819067937902162e+02,8.254544136510881458e+01,1.632775280383382039e+02,1.564857785741028806e+02,1.807946524371864427e+02
8.194890341194367522e+01,9.645632069950130472e+01,1.771898367797711842e+02,1.105891436636995735e+02,1.433125543707485008e+02,1.362379231674245545e+02,8.729233980761560474e+01,1.658223432210240560e+02,1.560603161344466230e+02,1.742912474622490038e+02
8.453802292080617065e+01,8.145440025274780282e+01,1.842045903598645680e+02,1.267385542467784347e+02,1.321561885589237022e+02,1.482216109258702943e+02,7.459147558198961292e+01,1.636276965943131643e+02,1.314519012609658262e+02,1.907565264453651537e+02
8.828712178798413390e+01,1.005515486711743165e+02,1.718940911983827107e+02,1.058827746213030281e+02,1.442220890337104606e+02,1.326348006946614930e+02,9.038273832784685169e+01,1.646402395275387960e+02,1.553558130303559324e+02,1.686617345561744798e+02
7.728867803545689696e+01,1.084728070909264375e+02,1.748838013803342335e+02,9.861502435063833616e+01,1.286849465781326103e+02,1.379065918547681520e+02,1.098376697658160595e+02,1.822010839340243535e+02,1.628880647907195112e+02,1.770898437847854723e+02
7.660458888145184631e+01,1.135044624919178773e+02,1.672920126115659230e+02,9.425846259301418684e+01,1.348794855588550377e+02,1.399702215416005799e+02,1.044417168854335216e+02,1.796976340618882375e+02,1.673579172531304380e+02,1.631361882438423265e+02
9.045451782675480956e+01,1.040180655980589677e+02,1.659496335481980793e+02,1.038339402080130043e+02,1.248750721329326439e+02,1.413569597227147767e+02,9.598850593553575550e+01,1.626903045681271749e+02,1.615565750042138120e+02,1.619117853989364733e+02
7.786652989717221374e+01,1.033638071978571702e+02,1.793719165121892445e+02,1.038161430359434547e+02,1.209481258952493476e+02,1.396268915755323121e+02,9.543681190000566517e+01,1.767820599880967336e+02,1.611565763095555326e+02,1.782590862264396776e+02
7.821695254774785155e+01,1.105603557342770387e+02,1.663684150969365589e+02,9.650004273658508680e+01,1.186867595130080986e+02,1.515828200799993226e+02,1.139609836398223308e+02,1.868199733254466253e+02,1.638455588260827085e+02,1.802821986427070726e+02
7.941943518849110717e+01,1.208121388593795587e+02,1.658738336955884449e+02,8.726292475318426511e+01,1.200194037073726463e+02,1.396003157717755983e+02,1.204007243274310497e+02,1.809929066506180959e+02,1.777895300725636503e+02,1.607171010722877611e+02
8.407569612594342345e+01,1.022451089436295320e+02,1.685966052656749241e+02,1.048948231489014091e+02,1.192591722720737266e+02,1.452065746409467408e+02,9.525002629147562061e+01,1.686689978745732503e+02,1.522308060566124936e+02,1.714543453206779589e+02
7.864331968160367126e+01,1.056767407322409440e+02,1.800767738913873188e+02,1.014085250497412147e+02,1.318220746928329277e+02,1.353232736808828065e+02,1.004975965975383190e+02,1.786138264891658025e+02,1.635611479619679471e+02,1.763546932687522997e+02
7.942793308230137939e+01,1.115044832641365815e+02,1.701263660287240498e+02,9.605556048458332441e+01,1.272493065112705040e+02,1.333264031631520936e+02,1.082245378254512218e+02,1.819503383842263418e+02,1.685578446427521726e+02,1.705094382514717211e+02
8.585793845387196654e+01,1.030548531526806642e+02,1.723550184165814869e+02,1.037664226145100059e+02,1.389888923337186384e+02,1.411382047755292604e+02,9.141734597669633899e+01,1.710714030918631750e+02,1.651777771750626584e+02,1.692930231442215074e+02
8.775026844473576659e+01,1.003991789484503556e+02,1.716342575644830220e+02,1.066573238075327339e+02,1.303849554365935433e+02,1.422408161384633729e+02,9.464855334745439563e+01,1.800425692108426290e+02,1.503055979648766538e+02,1.827317534436943163e+02
7.518275652857518310e+01,1.126582078451397706e+02,1.667185777222493641e+02,9.508007435506100080e+01,1.211499006861324119e+02,1.549640884024671266e+02,1.121754446982005504e+02,1.835618192759309011e+02,1.666665847340760251e+02,1.720737887968780626e+02
8.014895649286007995e+01,1.147502102295043755e+02,1.727636787837127201e+02,9.314327917998546980e+01,1.373262122684593010e+02,1.451921027524045655e+02,1.079193737863162426e+02,1.754163489249501424e+02,1.764184771517453214e+02,1.609288545002700914e+02
7.722905166478848571e+01,1.149349090570690919e+02,1.708913307582715504e+02,9.296332347398514173e+01,1.442197452300662803e+02,1.394801575762799928e+02,1.066991320906737712e+02,1.805182128456387716e+02,1.803815259376702329e+02,1.608891066064598192e+02
8.454476814003682250e+01,9.473820647244480142e+01,1.762912642156461231e+02,1.127620396316599312e+02,1.391287925058479118e+02,1.406193893773130128e+02,8.479794148193391834e+01,1.632727118191275792e+02,1.507960354725060483e+02,1.771329029550315965e+02
8.358322981031632537e+01,9.655607749168899545e+01,1.760939034616330616e+02,1.101826690733980598e+02,1.393531653845186042e+02,1.377979063016942689e+02,8.929698107229265247e+01,1.636418896970305639e+02,1.550712469855484983e+02,1.729671841313602556e+02
8.671081414850449676e+01,1.026073360705855180e+02,1.753410701548436634e+02,1.046033258587669792e+02,1.253620459550494957e+02,1.335061308366826722e+02,1.028234060166934398e+02,1.757614802327904897e+02,1.553201809564766904e+02,1.793651301016571153e+02
8.189088968964314574e+01,1.028828294241907884e+02,1.786231659149507038e+02,1.044003690630745353e+02,1.283068682068462181e+02,1.493481732232145021e+02,1.000951027630427745e+02,1.732011900451932149e+02,1.651139104405579587e+02,1.735176456918480028e+02
7.729768544467187041e+01,9.931899442915943155e+01,1.808208720778802387e+02,1.080975807831239166e+02,1.162860974782581138e+02,1.305046780330709169e+02,9.267105654464754139e+01,1.806475218740258413e+02,1.453577958384690305e+02,1.840904245724441637e+02
7.965979100795483703e+01,1.138072745764735032e+02,1.695031408464292042e+02,9.395565423374885938e+01,1.428976768964404869e+02,1.356109666747621247e+02,1.157884351371386913e+02,1.868978333529982763e+02,1.658019662687716504e+02,1.715848850955726732e+02
9.449495498867726440e+01,9.352633573507097253e+01,1.644714310561994068e+02,1.140556872934650841e+02,1.428979365044708061e+02,1.573218346757463166e+02,8.237848875509294544e+01,1.624127731529030996e+02,1.325577703753647825e+02,1.759693269481422533e+02
8.809569200905060882e+01,9.067825539057281503e+01,1.793469234799722187e+02,1.170830089301418724e+02,1.401313571745033073e+02,1.361793311459592530e+02,8.592372933612855945e+01,1.599192639795098501e+02,1.497571606675324460e+02,1.752014263024093736e+02
6.844707264037823791e+01,1.147662890369179536e+02,1.851804696714261524e+02,9.263615632062668226e+01,1.288276788076820480e+02,1.531439247054628083e+02,1.085887415765384105e+02,1.857723453846726613e+02,1.712755443493065854e+02,1.729441180577041735e+02
8.875200068982339019e+01,1.083361670935633470e+02,1.612779311334470265e+02,9.945282495027298353e+01,1.063528398984546470e+02,1.493483953101209352e+02,1.116597646831134227e+02,1.796141254213605123e+02,1.589763386884865781e+02,1.724872164478065599e+02
7.489247369797921294e+01,1.099440505320313264e+02,1.708572062646726124e+02,9.712072117632145307e+01,1.298754881733531761e+02,1.400306577307752320e+02,1.066943337081530956e+02,1.891760429349694448e+02,1.613226314822373411e+02,1.824736736764671434e+02
8.293154473634457702e+01,9.571633234267261514e+01,1.782666896974423878e+02,1.114834695011925163e+02,1.196896864884967613e+02,1.590088901741079042e+02,9.441996130929979358e+01,1.768057423439774709e+02,1.492195912638840696e+02,1.870414399256469835e+02
7.631886505367255324e+01,1.082049891466381837e+02,1.731791967546323292e+02,9.921561948960537336e+01,1.194974915796394157e+02,1.459933462364247987e+02,9.938867036090883289e+01,1.749250312653336721e+02,1.684757890442547819e+02,1.684846185197593798e+02
7.842808361383175964e+01,1.132147548312428285e+02,1.676583936905244343e+02,9.394662998249644659e+01,1.095368245059127617e+02,1.386374203187993714e+02,1.082851636766055492e+02,1.841360262093100744e+02,1.621960197130379697e+02,1.717440739621879686e+02
8.027125529976582641e+01,9.103832250480678567e+01,1.793057646399119847e+02,1.166569354236673774e+02,1.279641908892864990e+02,1.349068933350614259e+02,7.155827883468660389e+01,1.589242646601948934e+02,1.493652787843880674e+02,1.765715796699287523e+02
7.637311935456490630e+01,1.306684196854117204e+02,1.617242636179307453e+02,7.843793547158951185e+01,1.475300662928695488e+02,1.327169315440229127e+02,1.284979294298747448e+02,1.862985167709145742e+02,1.852157704869446775e+02,1.497037580361129869e+02
8.556655256481862182e+01,9.341859466974761972e+01,1.781841465925553791e+02,1.145024308562826576e+02,1.268464284950370597e+02,1.535544026119283387e+02,8.880632624612840686e+01,1.640223967638764577e+02,1.560077229777512571e+02,1.798793431272270311e+02
8.405924500556683654e+01,9.760815468077686319e+01,1.808751748000958912e+02,1.099841149673413696e+02,1.213000391536826896e+02,1.418382644278577516e+02,8.959979910241159473e+01,1.621564282384667592e+02,1.679089213946995756e+02,1.731360333313705553e+02
7.882858736844754333e+01,9.848494489138153085e+01,1.756354269778111927e+02,1.086295143068384590e+02,1.186253176034862804e+02,1.523872630221418092e+02,9.670281059132608448e+01,1.718731157687459188e+02,1.640576014558014890e+02,1.757284521808387865e+02
7.959273725779748077e+01,1.020456738213184167e+02,1.803750032877305500e+02,1.048976456374477806e+02,1.476641797536487388e+02,1.291717555744222352e+02,1.140814317821124462e+02,1.812077814397368627e+02,1.675830495992836973e+02,1.804834772100212206e+02
8.427980683775639648e+01,8.488027255629327783e+01,1.907708782350400440e+02,1.234536500871729316e+02,1.251009313577289390e+02,1.437965331894925782e+02,7.820490518795045887e+01,1.591951320228133397e+02,1.445610325375733396e+02,1.839613144745590319e+02
7.569588686557507629e+01,1.096240251178028871e+02,1.791594527756551258e+02,9.762832514202112577e+01,1.229596809261913108e+02,1.417621397895387361e+02,9.862793288217577015e+01,1.816684996244464116e+02,1.722442570367989561e+02,1.695364972104789842e+02
7.645601056547856444e+01,1.175456968510630418e+02,1.723786482011655323e+02,9.041512167459244154e+01,1.148056391590709495e+02,1.442200504762700746e+02,1.164814579843142894e+02,1.752470459845814901e+02,1.777615499535737058e+02,1.621167114724876512e+02
8.230081261726117248e+01,9.253295309488800058e+01,1.792750463282445423e+02,1.151220977008890571e+02,1.311355632656688499e+02,1.370897095424703309e+02,9.003843746171983753e+01,1.717233990040574270e+02,1.409497976342377683e+02,1.821256959190132250e+02
7.556534819336629027e+01,1.052936570013048936e+02,1.803281523084023945e+02,1.015690394342493477e+02,1.304650920742625999e+02,1.548227005226186463e+02,1.041614064930537609e+02,1.928799937722239690e+02,1.573992376366791746e+02,1.904264189352752794e+02
8.913784216376042480e+01,1.089057890588524629e+02,1.696372962092736714e+02,9.787135747080559156e+01,1.545614695662135887e+02,1.409406420809796998e+02,9.839306912408861194e+01,1.780902728793177801e+02,1.635933122078118345e+02,1.653497299303772081e+02
7.475158770414090270e+01,1.091693142468216706e+02,1.790715492760518543e+02,9.801339176302666090e+01,1.378344278746719169e+02,1.467502596003583619e+02,9.809556142078432117e+01,1.784818932768855291e+02,1.744973724225697538e+02,1.661218932022811998e+02
7.452448318930363769e+01,1.045883219057801057e+02,1.803253265117982380e+02,1.021909691691946449e+02,1.375026949757213401e+02,1.575493563038877198e+02,9.608418849693330799e+01,1.774613729027066427e+02,1.589291421214280149e+02,1.715939264049293627e+02
7.619692805441117400e+01,9.711182826404598245e+01,1.819511356448510639e+02,1.106385197789024772e+02,1.064019994252795982e+02,1.418234566671422670e+02,8.244527194486650501e+01,1.705881824401173787e+02,1.542167669573960325e+02,1.799188711991073717e+02
7.996437536211705321e+01,1.247214034015419770e+02,1.720961167013028614e+02,8.286375106876606367e+01,1.472344959491367149e+02,1.388827332479528138e+02,1.287345974205592540e+02,1.823268900719437795e+02,1.879556592146096250e+02,1.504891888847114672e+02
8.042431508036351318e+01,1.078818003499987412e+02,1.661071284508088581e+02,9.960818345850223920e+01,1.421509277933711815e+02,1.322036121112874696e+02,1.129578795789340404e+02,1.779058256355080800e+02,1.653945714274582883e+02,1.715590361108543505e+02
7.768018980355954284e+01,1.027772842684867669e+02,1.770237161015847676e+02,1.046962199807714882e+02,1.383983156198139000e+02,1.495049399954847047e+02,1.036050139425853160e+02,1.866837142613682943e+02,1.555031467417416593e+02,1.830545451392891039e+02
8.561297510596013183e+01,1.031725145394089509e+02,1.753358567451814167e+02,1.045839128196787300e+02,1.406961314195270347e+02,1.433733502847722718e+02,1.012573867498496440e+02,1.796347675231251912e+02,1.613831332365212461e+02,1.776379734029533495e+02
8.839263658257222289e+01,1.074169858956816483e+02,1.691961704289296620e+02,1.007063599974464836e+02,1.526988241189594078e+02,1.311528758031896302e+02,1.181134587286570934e+02,1.785116124060902791e+02,1.647136148849663755e+02,1.739879773607017626e+02
8.983101157875752563e+01,1.030117863083365251e+02,1.718419549857953541e+02,1.037428142726969185e+02,1.522888933533305931e+02,1.215957690698674867e+02,1.178474292515376476e+02,1.746332852450165944e+02,1.636701653042969724e+02,1.749513417830230821e+02
8.574482886524891967e+01,1.211549636239292909e+02,1.549596919810155384e+02,8.734172390406841657e+01,1.486110828035945701e+02,1.492609607500604341e+02,1.305608869551280407e+02,1.787751162406954961e+02,1.762166242042717954e+02,1.583857730974914659e+02
7.184064324231839294e+01,9.999153571968105325e+01,1.836898257976153843e+02,1.069696160257410469e+02,1.153019921892757225e+02,1.624011901242307374e+02,8.425354198204072986e+01,1.742810815182481008e+02,1.630067729691205045e+02,1.802440641870262255e+02
6.665228466721272582e+01,1.098341238463404466e+02,1.823191744779923908e+02,9.728666750347132108e+01,1.320956124813730526e+02,1.336452203018239686e+02,9.128740099655183826e+01,1.828649622705731588e+02,1.720906583110032102e+02,1.761757693638565172e+02
8.454480358989930266e+01,1.017961591223361779e+02,1.783434002792218678e+02,1.061585966870736542e+02,1.217309550160045433e+02,1.249149326903394410e+02,9.800142786489519153e+01,1.752118934598717885e+02,1.532134452799496671e+02,1.767951126446487535e+02
7.734293843837475890e+01,1.105842683503511239e+02,1.767035456692555897e+02,9.695140904938692472e+01,1.393641911858196067e+02,1.482254721743634889e+02,1.005647935031512645e+02,1.764148422685418325e+02,1.708114581445393583e+02,1.651320128788711656e+02
8.435147087307667846e+01,1.080973336363318253e+02,1.738472728525975697e+02,9.851718398189062498e+01,1.222017880195255088e+02,1.435957036835721681e+02,1.023380581496814159e+02,1.807349361983094411e+02,1.591975660065350553e+02,1.767021502604248155e+02
8.613253985377049560e+01,1.049740455562355805e+02,1.749468771463016026e+02,1.025218823254656257e+02,1.509548168891544151e+02,1.474336629731229493e+02,1.009397178946593669e+02,1.772021742668900686e+02,1.612481312195000669e+02,1.718127745141746630e+02
7.745340019496178741e+01,9.849643319492366800e+01,1.721099809502938740e+02,1.084163840413641395e+02,1.315429384225482750e+02,1.317097345811895082e+02,9.207869050489458118e+01,1.740673306194100576e+02,1.508407365122971555e+02,1.806859273662330736e+02
7.696627290578580016e+01,1.247983947659018327e+02,1.654239748513082020e+02,8.413218447571510694e+01,1.362600144260997581e+02,1.419087412578633973e+02,1.169820440767863658e+02,1.771206587609801488e+02,1.814750691095528623e+02,1.485239485850097765e+02
7.867355372043347472e+01,1.203543201351645280e+02,1.631473302637914173e+02,8.786920884257072828e+01,1.336291037315006065e+02,1.565623911840490052e+02,1.224530198334315685e+02,1.821624115315232473e+02,1.745805543104348203e+02,1.650490690221550096e+02
8.674063448639607543e+01,9.302319237982061395e+01,1.782556650286296360e+02,1.150366654024075928e+02,1.323630155438060569e+02,1.424756549818090150e+02,8.470933285938295398e+01,1.577261790988002019e+02,1.453053052464661619e+02,1.780042828073265184e+02
7.818323580952382201e+01,1.242640407050135423e+02,1.661480843221524708e+02,8.410313282912487409e+01,1.241540622824306297e+02,1.481989945394567201e+02,1.238231185434916881e+02,1.701591207888875203e+02,1.839647400716481229e+02,1.451855606188537706e+02
9.271576266022420043e+01,9.764994275217082986e+01,1.736505825465301029e+02,1.100599697083782615e+02,1.457603161448116111e+02,1.476431783062986085e+02,8.883514589654001270e+01,1.669825609830174642e+02,1.435005729833779355e+02,1.749151104440452684e+02
9.213564284177518005e+01,1.286624080950501252e+02,1.571638573800900929e+02,7.948768600826973341e+01,1.237638070696468162e+02,1.519092495662740419e+02,1.394657593725779918e+02,1.846655938235078054e+02,1.827472358385262510e+02,1.554206639876129259e+02
7.218619392843937987e+01,9.481224189345863351e+01,1.918554509078839772e+02,1.118518538028549614e+02,1.267729064339275169e+02,1.250677419228128144e+02,9.281235918985399280e+01,1.608324030843529897e+02,1.584622880855736753e+02,1.734779845227958788e+02
8.016076605053639526e+01,1.180811614060881425e+02,1.693463961874822132e+02,8.850547051435226820e+01,1.279838969522590446e+02,1.331790391428044984e+02,1.120442746637919811e+02,1.788130227235112386e+02,1.748389255741772672e+02,1.581986412753822435e+02
7.566184411974644775e+01,1.084240501487734605e+02,1.740776543115952961e+02,9.946144373720402143e+01,1.250734174066657829e+02,1.628703785163930604e+02,1.017277185677150158e+02,1.722613313403878408e+02,1.695077944437203428e+02,1.644383423080207933e+02
8.140212820502019042e+01,1.058533258104803849e+02,1.762824567949155323e+02,1.016466373801779213e+02,1.310382167251283931e+02,1.509212989432386109e+02,1.019183459042170909e+02,1.810232208278927999e+02,1.594503816405472776e+02,1.812503723253967394e+02
7.630647407503819579e+01,1.007771403754236985e+02,1.782128358280042164e+02,1.063049681410741272e+02,1.351483283752078819e+02,1.356696634513906190e+02,1.013291922567943004e+02,1.864495910611901479e+02,1.549494296351609250e+02,1.862746678342582811e+02
7.777578590841984862e+01,9.379488406722572336e+01,1.850090547894814961e+02,1.136358015239786567e+02,1.131353619509811210e+02,1.348392327053121278e+02,8.145725125657114063e+01,1.805602945295129018e+02,1.386251838544545194e+02,1.919312071552040209e+02
8.299852927060818786e+01,1.077040208021285821e+02,1.777546984350064747e+02,9.928924539690727613e+01,1.351691840404147911e+02,1.561024258954099366e+02,1.114005309103587535e+02,1.772587819305215078e+02,1.660910838285622617e+02,1.711970197310211290e+02
9.217337489159798736e+01,9.927604817991283426e+01,1.735401291941979878e+02,1.082252478898119392e+02,1.327531702631587791e+02,1.426074604613355348e+02,1.002871984003642467e+02,1.718283277061734395e+02,1.532013439575371763e+02,1.776208724131347765e+02
8.972893379660344237e+01,9.135039029662635812e+01,1.789650092964747898e+02,1.170229929537128868e+02,1.375407105499381828e+02,1.305278170330098817e+02,8.770669809566530262e+01,1.641486120727811056e+02,1.484433801213440915e+02,1.759604910959961046e+02
7.964371009202695006e+01,9.578598381226089487e+01,1.827108928953984730e+02,1.111349857003044548e+02,1.236381346696491050e+02,1.512393195850423524e+02,9.084979114519151722e+01,1.735415273216519552e+02,1.505438247958359739e+02,1.835914768924476732e+02
7.634889934988713378e+01,1.085495659971716691e+02,1.786571444963792317e+02,9.882416079943889997e+01,1.243062432223434257e+02,1.496947516424230287e+02,1.001900186894992260e+02,1.756728431490216451e+02,1.709216224590477964e+02,1.705427055110694994e+02
8.099185951085782165e+01,1.004470226133349229e+02,1.781425182318070881e+02,1.065871065408539238e+02,1.278059480303401756e+02,1.370776669604352662e+02,9.502796945558580433e+01,1.812012993899140554e+02,1.523603793421921750e+02,1.832648028483154405e+02
7.937552087040639037e+01,1.092254015022995759e+02,1.750187312310317509e+02,9.758287398522610090e+01,1.344764962905521202e+02,1.460360820812753389e+02,9.999009472714456592e+01,1.785693006125245290e+02,1.688783933559594175e+02,1.671886806835891832e+02
7.296205492349362487e+01,9.751654913668659219e+01,1.939455885683873646e+02,1.098767808974337044e+02,1.388988700324172783e+02,1.508555552584699342e+02,9.123862696276697193e+01,1.924474297669682699e+02,1.582085558215317747e+02,1.930652563323738207e+02
8.294777616890168304e+01,1.178241818809988786e+02,1.651518978273252003e+02,8.951651865249390028e+01,1.246582079642886924e+02,1.536843931300214479e+02,1.181964998005488781e+02,1.773147385624203878e+02,1.780812553504643461e+02,1.606513078560592760e+02
8.993632699580884093e+01,1.028115585560086060e+02,1.690400749241689198e+02,1.042067792639684143e+02,1.137258533948535728e+02,1.547965451700261781e+02,1.108672306893924144e+02,1.814027141538415151e+02,1.564970741609272977e+02,1.838859637727501024e+02
8.115034182401394958e+01,9.836516044681098947e+01,1.758118901645520680e+02,1.091781606525730552e+02,1.257649859899158287e+02,1.419732951147130677e+02,8.721056900011095081e+01,1.661810303834233480e+02,1.581188591161904355e+02,1.748585217346908678e+02
8.586926718087887878e+01,1.014040006959917832e+02,1.779438342248776905e+02,1.062549421042751732e+02,1.129315952771777916e+02,1.560467393321565339e+02,9.789815781103166614e+01,1.752340659704957204e+02,1.581498283783135435e+02,1.856097376694442858e+02
7.771737270088887328e+01,8.548093068246868143e+01,1.867946234142163746e+02,1.229925505221437874e+02,1.193720486500735092e+02,1.568808200580648133e+02,7.339017674909624134e+01,1.668341212031398015e+02,1.412240362504658719e+02,1.911260424008133043e+02
8.324033834071850890e+01,1.041282914841654588e+02,1.731487254297116749e+02,1.029007215425919952e+02,1.189670097344989586e+02,1.414245578867963502e+02,9.808489546762498890e+01,1.800346499291215139e+02,1.515302827993569394e+02,1.806443435301544298e+02
7.601167778702473754e+01,1.086562685037138749e+02,1.856459064280370228e+02,9.895168653136009596e+01,1.267018737906093406e+02,1.164426322204641053e+02,1.059791545032122997e+02,1.743301319834742742e+02,1.708845207432446500e+02,1.681444942106964220e+02
8.790875022145009154e+01,1.022330525929215241e+02,1.695162337219098561e+02,1.042073757350992622e+02,1.381387980097408104e+02,1.503874005002549836e+02,1.065156412480929760e+02,1.781622482744012075e+02,1.642060048619446775e+02,1.796157309164764513e+02
7.184045548768735046e+01,9.973837818597581872e+01,1.848232487832883351e+02,1.080511921048712196e+02,1.367517643982047844e+02,1.576303489429525087e+02,8.328596565710100208e+01,1.726383558270487981e+02,1.539240561911997816e+02,1.772481835236312975e+02
8.064507181974148864e+01,1.128874773347857285e+02,1.692944941019395344e+02,9.435450713341946027e+01,1.454729431682700920e+02,1.347235785944036195e+02,1.203435679434398082e+02,1.842403912452016073e+02,1.700064359346566221e+02,1.741456492891075243e+02
7.521767668457722777e+01,9.475640964155223855e+01,1.877434317564347737e+02,1.124476003349375191e+02,1.262181596273059654e+02,1.340688104254773805e+02,8.931844273792299305e+01,1.840219430533204275e+02,1.496691017190156003e+02,1.905949659695388902e+02
7.169744884999489898e+01,1.066133058482888032e+02,1.732197550033906452e+02,1.005294096619438591e+02,1.323187858873481559e+02,1.332675748092702577e+02,8.847976717935594593e+01,1.684470954147134023e+02,1.618682082334694883e+02,1.644120215525390734e+02
8.787328100236153716e+01,1.094958176428559113e+02,1.660049866532662861e+02,9.768141365056747816e+01,1.393015431278819847e+02,1.339483133775762269e+02,1.098684046922782329e+02,1.869550219682011800e+02,1.544747343698678037e+02,1.777636592139961351e+02
7.639926034243798370e+01,8.813838100080516824e+01,1.788793417608121388e+02,1.197964125574182930e+02,1.201925583296890068e+02,1.456092146260312745e+02,7.140180788026842151e+01,1.606937302258763509e+02,1.412573138514695188e+02,1.818588468780281175e+02
7.140585128994679565e+01,1.055016691649439622e+02,1.785597982203343861e+02,1.011384611726355018e+02,1.210844096356506157e+02,1.443438996893933961e+02,9.544598016725572620e+01,1.821177999285016256e+02,1.558743370810685178e+02,1.790143468727829088e+02
7.557089547844624633e+01,1.074028613234045793e+02,1.784497463201859944e+02,9.963182096188778303e+01,1.388926785403365898e+02,1.468828252775243470e+02,9.218323073373827015e+01,1.726862675157342153e+02,1.724046760836777707e+02,1.658040039291145433e+02
7.569784952731824035e+01,1.148805638739946176e+02,1.733982271646836750e+02,9.259260294964427374e+01,1.323909427040691185e+02,1.551010207159093568e+02,1.211748522876361278e+02,1.860188721624169546e+02,1.750851910749611875e+02,1.727437420239212145e+02
8.132470093699193114e+01,1.086644497254970361e+02,1.699760311638692372e+02,9.861202034359688184e+01,1.211334178560848045e+02,1.436604142410329530e+02,1.014486274479487804e+02,1.761284712162766652e+02,1.614949292877850553e+02,1.720369460930587877e+02
8.095084051819539184e+01,1.064227076584580232e+02,1.694636139666417591e+02,1.015309121013235512e+02,1.317098576539630699e+02,1.372102189285329530e+02,9.917959601269754444e+01,1.704376114812646108e+02,1.605044225493607541e+02,1.672934094419242967e+02
7.908893726797795409e+01,1.052141560578825761e+02,1.698290448283532612e+02,1.023685494959902229e+02,1.088446036988372612e+02,1.190585214716962525e+02,8.775658014999422107e+01,1.717553392556462484e+02,1.477384716013607999e+02,1.665463648190261949e+02
8.135263650150990600e+01,1.236116177404406358e+02,1.622807287370542042e+02,8.454392374312395475e+01,1.191895609015102195e+02,1.229839987976125428e+02,1.206833979247668651e+02,1.843095457163605886e+02,1.741880811492142698e+02,1.614943695416214098e+02
7.219252201946473235e+01,1.072336515450957108e+02,1.768573590909818165e+02,9.973421460395569227e+01,1.345282281452293205e+02,1.498863702637723634e+02,1.026548138617137340e+02,1.852798093465123372e+02,1.629958750346837064e+02,1.784800120343925585e+02
8.690762887926793212e+01,1.068743269259217072e+02,1.707173648273328297e+02,9.956662730878109357e+01,1.453413483613605308e+02,1.262232352716497132e+02,1.120960829316237835e+02,1.812005403843674856e+02,1.673520981112656614e+02,1.769439226736785997e+02
7.971884711118435973e+01,1.045671729186656762e+02,1.736689747517684452e+02,1.019015251547645988e+02,1.187879256421203422e+02,1.468950091225675294e+02,9.292234537588151966e+01,1.770905600395951467e+02,1.572100216636595746e+02,1.774531697978736986e+02
8.149597057731843108e+01,9.416486607139137277e+01,1.821915466582158558e+02,1.136226858608972492e+02,1.184401233309383201e+02,1.558158226830533692e+02,8.525659660087617908e+01,1.802188716438565450e+02,1.415347738901314756e+02,1.907860151877166857e+02
7.919376233251786346e+01,1.141512820834400941e+02,1.654643291478732579e+02,9.322293576603645704e+01,1.182894730085010337e+02,1.391201654893926332e+02,1.012093351839641002e+02,1.732824234572205739e+02,1.693449538985428831e+02,1.602710778465034593e+02
7.241326944561696166e+01,1.226630296373846818e+02,1.720920545851567738e+02,8.601487436896080396e+01,1.166349750274295616e+02,1.299359563810399720e+02,1.081182970760920909e+02,2.020166536775384145e+02,1.645459082165894529e+02,1.817140620698692430e+02
7.181023724408841247e+01,1.055586214477303315e+02,1.837000299935916416e+02,1.012748511136125984e+02,1.240092077368373680e+02,1.450219406706861207e+02,9.662252870784791980e+01,1.742927919832024770e+02,1.633639285901722928e+02,1.742688893427612413e+02
8.339931635590291137e+01,1.165118621105435182e+02,1.692407896911481373e+02,9.109836331015343092e+01,1.259616055601711082e+02,1.460248493177465150e+02,1.207509997247317699e+02,1.854738013652119832e+02,1.705285348335442563e+02,1.745711902727844347e+02
7.419332133265233153e+01,1.059431992882969666e+02,1.809089212512353413e+02,1.010813216120552482e+02,1.211774962657565879e+02,1.389158144814542482e+02,8.939502701746019397e+01,1.726950374451432424e+02,1.711983240882096311e+02,1.685934275140525926e+02
8.827854834528660888e+01,1.042752443218710710e+02,1.709033139740804188e+02,1.026007195115637245e+02,1.314729451948280143e+02,1.389639157278112123e+02,1.006345837472537426e+02,1.727271107939038473e+02,1.606353360453782102e+02,1.728287290682556261e+02
7.823233784766888732e+01,9.648598858361270914e+01,1.777999743019917958e+02,1.102434726656031074e+02,1.221480313503618049e+02,1.590901458484700868e+02,9.076004937873872791e+01,1.730433284548077779e+02,1.511173924843010923e+02,1.804774458756210436e+02
7.864053930373883361e+01,9.488305259888198862e+01,1.834021951352933399e+02,1.127819873840164604e+02,1.242730777376766014e+02,1.395885063035062501e+02,8.928445479856523548e+01,1.761934911516461568e+02,1.510513919929204008e+02,1.899162369718315233e+02
8.524707411261296386e+01,8.390159962718513498e+01,1.829082935249188893e+02,1.242803648412775459e+02,1.254382275418813038e+02,1.412984652740529725e+02,7.251610586629900013e+01,1.556125703063760000e+02,1.430512128511605283e+02,1.818781474580528368e+02
7.279227437110638732e+01,1.102057636717441369e+02,1.774237603043893330e+02,9.708423046773189924e+01,1.270801523440952110e+02,1.537725049180558869e+02,9.640513781295808826e+01,1.724970011618886190e+02,1.738317188063797971e+02,1.612985080828430284e+02
8.516513660581803435e+01,1.055951566660883714e+02,1.766577677821496479e+02,1.018301241249393883e+02,1.435874733143920707e+02,1.369254611951879212e+02,9.332866761671098743e+01,1.703036236521754461e+02,1.678836987057862302e+02,1.676292004337074388e+02
8.309887550802922362e+01,1.081851127633931924e+02,1.736045423095801823e+02,9.939926566934103391e+01,1.190914492124194908e+02,1.520851427537969300e+02,1.059654804228404430e+02,1.844076418188367086e+02,1.564268891254601499e+02,1.837731162657501329e+02
8.345665833385682220e+01,9.237656263654258737e+01,1.850455515777448170e+02,1.151996994615148964e+02,1.288057281488055992e+02,1.515553982479146669e+02,9.002084270702394520e+01,1.793932045307908254e+02,1.439250504413781186e+02,1.894533386578323473e+02
7.841726253958439941e+01,1.045082475209715653e+02,1.839166975116113179e+02,1.024725122005295219e+02,1.337598963343972969e+02,1.431658522707990358e+02,9.194327244745286976e+01,1.676904725936207967e+02,1.733116572240529081e+02,1.657895473589660753e+02
7.772761076720452422e+01,1.076295819992306519e+02,1.714638396447280400e+02,9.962508066004032514e+01,1.355296162181968498e+02,1.490694907528928468e+02,9.261915717111619983e+01,1.695988103953156667e+02,1.600572918692765256e+02,1.657741021861793627e+02
7.660605095358586425e+01,1.042034970039608766e+02,1.742723456715920918e+02,1.028161875010084572e+02,1.265782393628234672e+02,1.421882101518682191e+02,9.250590584264787708e+01,1.724193906989846425e+02,1.609865446726021787e+02,1.699679938306572069e+02
8.710456509919858092e+01,1.025014210606100846e+02,1.746003087406733982e+02,1.048900094628881874e+02,1.405403037258858490e+02,1.456035719735196778e+02,9.208545414196046863e+01,1.688744364586625295e+02,1.645325849095520994e+02,1.654765327324630846e+02
7.271065609188771361e+01,1.074386305624726106e+02,1.787369107400754444e+02,9.941682888200396917e+01,1.271390880459422874e+02,1.472133414370588014e+02,9.926647598134073291e+01,1.767629627195153432e+02,1.652734884957013151e+02,1.724553831567527880e+02
9.002376221152043456e+01,8.903199006264236459e+01,1.763904285227635853e+02,1.195139958635520401e+02,1.386373908632869529e+02,1.472648017031720826e+02,7.892218119488748584e+01,1.562552275863442617e+02,1.381439427772698423e+02,1.769552474965812792e+02
8.548680143089985961e+01,1.087122211719038773e+02,1.756703415160754673e+02,9.834615705912823103e+01,1.477201382630939293e+02,1.506954461557439515e+02,1.001530735252955822e+02,1.778993435111794668e+02,1.628953846732316038e+02,1.672446901550056566e+02
8.600830654831624145e+01,9.910384632294204721e+01,1.789792680537084095e+02,1.084011430517386856e+02,1.132785101646060753e+02,1.249403912944368074e+02,9.045254108892473255e+01,1.797469375935349660e+02,1.384407653251824399e+02,1.861980396260978807e+02
7.062534637780881042e+01,1.137191994005921174e+02,1.826770081614831440e+02,9.383520847564453504e+01,1.292569097989673423e+02,1.648315545541814515e+02,1.179926225005248455e+02,1.847066022065434652e+02,1.787320407668290159e+02,1.759110944022895922e+02
8.002741993995404357e+01,1.116042332017901231e+02,1.692289322709420674e+02,9.576411326235050581e+01,1.517376252823943901e+02,1.294117053074411103e+02,1.231429634748557476e+02,1.818892350402627187e+02,1.741095209757027646e+02,1.690865815629722704e+02
8.338163781197762603e+01,1.069440672809365083e+02,1.764515546655038349e+02,1.002581237778615417e+02,1.350197614246482658e+02,1.352370395881704042e+02,1.054034306763270763e+02,1.739743436780724721e+02,1.698220221737561246e+02,1.668931294431449999e+02
8.054034255476689452e+01,1.052718963587763596e+02,1.763485272919515126e+02,1.017259090692352714e+02,1.159994357043380546e+02,1.475186026913694093e+02,1.012553376315692333e+02,1.761350220647607046e+02,1.595759961942372342e+02,1.750778711786033739e+02
8.003127358885502929e+01,1.069081306273224641e+02,1.726082202290872090e+02,1.005610007942270698e+02,1.238006467336292076e+02,1.476059298140577027e+02,1.054361595271685985e+02,1.864407178369317251e+02,1.554425659815011045e+02,1.822617021550895799e+02
8.318164472313618774e+01,1.076007950866701890e+02,1.665784374421218388e+02,9.920537781720871351e+01,1.288456537836665916e+02,1.475993197781614015e+02,9.932267168746980701e+01,1.822954508122954564e+02,1.535852141419587156e+02,1.775554313411476244e+02
8.026206699045395965e+01,1.076856596732619096e+02,1.762876532172540180e+02,9.980137356376165769e+01,1.425022458547229576e+02,1.143444827420285890e+02,1.141314182637790111e+02,1.758733379152569967e+02,1.669595100620923063e+02,1.709559759249450792e+02
7.897624161871171111e+01,1.181482443625214387e+02,1.698983398472646229e+02,9.020567759876961134e+01,1.337465757244701194e+02,1.386114619595578858e+02,1.129431883452990917e+02,1.783967051711831289e+02,1.739704268763003370e+02,1.595840648164512743e+02
8.926986576648450011e+01,9.653746744637516031e+01,1.746970751678327076e+02,1.106324286014389457e+02,1.471555504315967369e+02,1.317153552991918275e+02,1.011250789819816021e+02,1.707478636709008413e+02,1.570164082089600583e+02,1.793429622998001207e+02
7.164147178860402221e+01,1.017914162838938523e+02,1.836228724067786686e+02,1.054800301418256225e+02,1.209013355487460899e+02,1.476318851930669496e+02,8.698442689167055164e+01,1.827451342252049642e+02,1.606103677192864438e+02,1.867646437635185350e+02
7.759858094187474364e+01,9.121669550632265100e+01,1.893296486681083195e+02,1.162723259926390114e+02,1.295754714423293876e+02,1.406426582557729432e+02,7.571675694571527515e+01,1.592733934429440694e+02,1.633996459582982084e+02,1.771914061655761827e+02
7.735674665899968261e+01,1.011986510569336701e+02,1.775118545388558857e+02,1.057750974447082939e+02,1.304903846794242668e+02,1.560618384701780030e+02,9.297095522867235218e+01,1.745946942773614126e+02,1.581862672010598203e+02,1.771519044389488329e+02
7.331764879854416961e+01,1.131956091785910417e+02,1.789496977722028248e+02,9.418235373502487562e+01,1.213111475223178672e+02,1.451107840759328553e+02,1.020800977705577282e+02,1.872486783173833089e+02,1.647389275470910093e+02,1.779993046869995226e+02
7.935624752970433349e+01,1.145164099896433640e+02,1.750291137492040150e+02,9.319009189313167951e+01,1.396704843157405662e+02,1.440190573555997560e+02,1.220168755410769847e+02,1.854738445934806066e+02,1.745783363619980832e+02,1.718722988714935411e+02
8.182077373595929259e+01,9.127589253728416452e+01,1.795559559857228749e+02,1.161926513538312378e+02,1.211732595974082756e+02,1.471958679182103822e+02,8.405608556257280384e+01,1.631212009397301870e+02,1.392111843863663694e+02,1.803779777040245165e+02
8.437058772178387756e+01,1.129373935872795869e+02,1.652593231593945973e+02,9.439988029008621595e+01,1.209063210898513603e+02,1.425773470623067567e+02,1.109061524032214550e+02,1.819434825387749868e+02,1.637757511774239561e+02,1.691226416578056444e+02
8.360370345445370788e+01,1.088406861687186051e+02,1.739704004322865956e+02,9.855346430843586347e+01,1.325429204815501976e+02,1.409370464903882691e+02,1.088321420012572673e+02,1.737928117421422201e+02,1.692549783626732847e+02,1.664907965411903490e+02
8.453167042167878265e+01,1.006217070037606049e+02,1.742773149406293385e+02,1.065040975362610283e+02,1.269840573483581352e+02,1.451437316162160585e+02,9.202960444079431568e+01,1.674170183149132924e+02,1.590716296771702787e+02,1.710081861963035692e+02
8.387784932585454101e+01,1.061980442518475343e+02,1.713226906304934971e+02,1.003377941996406975e+02,1.083572539204234886e+02,1.516368431670240113e+02,1.057767097114184764e+02,1.785107226428542333e+02,1.661659120360550901e+02,1.755098162045242418e+02
7.924345321984982604e+01,1.035730245078089524e+02,1.743575995808223240e+02,1.039964175522875252e+02,1.252857317143554496e+02,1.509348948819211671e+02,9.300447440730127369e+01,1.709039924052510457e+02,1.630429152289567014e+02,1.734476200093986620e+02
8.137331779332852477e+01,1.016322451943638612e+02,1.786018215810636036e+02,1.056931266338180961e+02,1.347667447739715385e+02,1.536570785266927430e+02,8.741902950988801990e+01,1.696031114068780141e+02,1.576958293954072019e+02,1.729033431758644213e+02
8.238503007622456664e+01,1.065770306775453378e+02,1.660283129011968128e+02,1.010090984330129089e+02,1.528990091198558616e+02,1.399976361019185731e+02,1.081989547370532421e+02,1.834755299297127920e+02,1.511620768943963071e+02,1.786840107192756761e+02
7.512887208195424193e+01,1.259986275846245576e+02,1.790008519684651844e+02,8.122550045331830404e+01,1.482911416703338432e+02,1.368003874046376893e+02,1.144824943302729992e+02,1.837381919977221685e+02,1.918508558312592527e+02,1.547360401501419176e+02
7.633204980226254577e+01,8.984661488627222070e+01,1.864739841019490711e+02,1.169453722537111702e+02,1.270970573240394401e+02,1.133818978888562867e+02,7.349335137592348133e+01,1.646972843912396627e+02,1.476051741877732297e+02,1.818220819582702745e+02
7.754232944579815978e+01,1.182406276727202226e+02,1.734029691016057484e+02,8.908959667390102766e+01,1.405482241624469566e+02,1.486159920317701051e+02,1.001797480343440441e+02,1.782958289739642339e+02,1.798000856677231809e+02,1.515770467271568407e+02
7.146097324820256347e+01,1.106213757136943627e+02,1.832034086679795735e+02,9.755166268354172132e+01,1.224694444054240989e+02,1.361974228841832826e+02,9.283434549556764637e+01,1.763631423321519094e+02,1.702392827311692258e+02,1.686952866663696398e+02
7.324929375978207702e+01,1.154451985174897004e+02,1.719711990749219410e+02,9.212016113852972410e+01,1.303793082946414756e+02,1.397645790500215242e+02,1.065335697291949657e+02,1.825612323489937978e+02,1.716520391741929075e+02,1.653392160882713426e+02
7.958828254075741881e+01,1.153757509553911973e+02,1.742279292439797871e+02,9.257996568089241407e+01,1.327585429960365104e+02,1.571364052516988465e+02,1.109566162584880260e+02,1.803127168771777349e+02,1.792185043135819456e+02,1.616481222858192552e+02
8.116612616213059539e+01,9.760748554413345346e+01,1.812432242428639881e+02,1.103619077355217399e+02,1.146719054692859459e+02,1.278727707488111207e+02,8.824147788272890125e+01,1.775168915745768743e+02,1.479964344540772458e+02,1.819842828860046495e+02
8.748846486242509002e+01,9.564438166861560831e+01,1.782079788541177265e+02,1.114808405936312141e+02,1.330792896860713768e+02,1.460802073103955934e+02,8.529042056785615955e+01,1.621743714717183309e+02,1.564345245996651670e+02,1.763338597168686022e+02
9.041354723306393737e+01,9.548970129733112344e+01,1.738903155421594136e+02,1.119430015087675514e+02,1.085201372766370582e+02,1.284045638663343141e+02,9.276675496088060413e+01,1.674943040964160161e+02,1.450764819720921537e+02,1.807057266583206285e+02
8.494017107816434020e+01,9.814885574226406106e+01,1.776206032132485859e+02,1.088452456743072929e+02,1.280461850279445457e+02,1.329123124105504701e+02,9.524420354352983509e+01,1.680170463231358724e+02,1.549089871982274076e+02,1.747533820619346727e+02
8.892019020052647704e+01,8.784047077243354806e+01,1.838601361309865467e+02,1.206556822360109749e+02,1.114060146325702476e+02,1.527701347989610383e+02,7.967165676342042957e+01,1.629636529889855581e+02,1.380126040617165586e+02,1.853942432751419176e+02
7.009420903058743590e+01,1.114230954686286736e+02,1.731694339906552784e+02,9.605222561960930250e+01,1.369528145903224754e+02,1.424481849891713807e+02,9.798472473608049427e+01,1.758762867358479696e+02,1.629034100512204191e+02,1.661332326283218492e+02
8.255416587771868819e+01,9.511592858676937112e+01,1.822677990590909474e+02,1.127083118931006851e+02,1.216060192102069664e+02,1.521799381000570008e+02,8.688863310800584827e+01,1.598044706192765432e+02,1.571052941719231626e+02,1.733564425458671678e+02
8.487423145802712554e+01,9.744374848549392709e+01,1.736285714601853840e+02,1.095838233233045997e+02,1.422511217707271385e+02,1.418700859171918580e+02,8.182023493038209949e+01,1.637326173690114217e+02,1.482968693414864561e+02,1.701816459049942125e+02
8.164574803443646545e+01,1.071481976920845796e+02,1.770911487733701222e+02,9.993451406067127607e+01,1.273675254696483421e+02,1.425894851309827516e+02,1.043245547174075512e+02,1.845476569143090444e+02,1.623969385961232206e+02,1.815846816053154100e+02
6.328374998303151244e+01,1.046300634930017281e+02,1.926629488860944264e+02,1.023410289586138191e+02,1.394424577244992065e+02,1.335568527800611207e+02,1.047377252338984874e+02,1.855773092714104848e+02,1.672314695159134885e+02,1.831352579941513170e+02
7.673549850316739196e+01,1.116067679489138413e+02,1.734244040941575520e+02,9.588757084315533064e+01,1.238785047644252586e+02,1.381354179007581422e+02,9.918897393928560291e+01,1.752807995882783132e+02,1.722441830674347898e+02,1.619017846336128343e+02
7.359401939841008300e+01,9.319472598676708230e+01,1.889469070529321186e+02,1.136778681427788200e+02,1.283073512801403808e+02,1.529416323823503205e+02,8.932216463075670276e+01,1.812690580096993642e+02,1.564374533334908506e+02,1.901421234359504808e+02
7.929279314013218993e+01,1.277451156640532304e+02,1.589237336909154408e+02,8.157519912725204847e+01,1.350483167880649376e+02,1.517156215531400392e+02,1.271977178810695079e+02,1.869478042778525548e+02,1.808099644223389646e+02,1.535325946559669603e+02
8.019911538096165771e+01,1.134116221333029557e+02,1.632960561459640019e+02,9.471600104873890302e+01,1.397136825436229515e+02,1.379015885216764161e+02,1.095961854814151195e+02,1.783728806582246023e+02,1.618530472854313871e+02,1.645752211560966600e+02
7.371203191610074157e+01,1.261751877481224824e+02,1.699479036127904408e+02,8.258856396382564924e+01,1.415824287646884727e+02,1.466284902317098329e+02,1.177113089321711925e+02,1.849872496929917531e+02,1.785139562824902555e+02,1.552341936578514208e+02
7.050946545632577056e+01,1.040711977446558762e+02,1.878373299931863301e+02,1.024480011761736336e+02,1.286232495421047020e+02,1.473950916750005433e+02,9.703094629035982166e+01,1.878222506699118810e+02,1.566873962322411558e+02,1.885010303010704149e+02
6.489196242423749084e+01,1.112451740319016267e+02,1.849191459065059178e+02,9.626986804610008619e+01,1.465217489415283012e+02,1.389777811688951203e+02,1.082336500643351940e+02,1.958691235390458303e+02,1.680532450715241453e+02,1.863012161304714311e+02
8.841279356213307494e+01,9.146816916410949716e+01,1.796503331308940403e+02,1.160672243685078087e+02,1.445260671490306663e+02,1.389785671455434510e+02,9.392877492891344104e+01,1.670053732898984151e+02,1.546374776104626676e+02,1.778586343874694933e+02
8.082499964566922301e+01,1.041434871146562386e+02,1.751746539121249668e+02,1.024656602368306579e+02,1.275358246081943321e+02,1.328955471736959169e+02,1.000906547068217662e+02,1.790043417719159322e+02,1.566857822576699277e+02,1.800291022410156359e+02
7.225741206141209716e+01,1.250206513146045495e+02,1.669173540716746800e+02,8.372730356460327528e+01,1.536316771024341392e+02,1.368707964641622254e+02,1.185943197070220378e+02,1.829514836278710561e+02,1.829521603623566648e+02,1.540336056699516405e+02
7.358052127094960326e+01,1.106474955493691255e+02,1.734674892520287983e+02,9.661393637960667036e+01,1.161577702873821067e+02,1.522721921426824281e+02,1.057839874385455516e+02,1.873202958163771825e+02,1.637354720274148008e+02,1.776832876553299059e+02
8.157379116149640197e+01,9.811850067620304117e+01,1.835684599673131459e+02,1.084288589358877601e+02,1.194601807111377525e+02,1.605537798625997254e+02,9.604206845747026478e+01,1.839221837130341726e+02,1.605852351823983213e+02,1.885766163220169176e+02
8.103930054636693114e+01,1.141363292897227097e+02,1.684269318079331867e+02,9.347700646525139234e+01,1.493496769779796409e+02,1.400977869255117128e+02,1.135213781355479625e+02,1.844196317997727590e+02,1.661408187786278745e+02,1.709296668519737352e+02
7.468076984616017455e+01,1.274665641749384690e+02,1.704016396796086781e+02,8.054263955360168836e+01,1.323787041419620323e+02,1.282223423344663331e+02,1.276103034971812633e+02,1.848792448845658498e+02,1.865184345880684873e+02,1.514851388683082689e+02
8.581525611909127349e+01,1.071185550356390763e+02,1.660275977944711201e+02,9.955200554435963056e+01,1.134028825873012352e+02,1.198311335069707582e+02,9.586928055273088489e+01,1.736036135462079244e+02,1.506580128112969419e+02,1.693860441198112596e+02
7.737732841106152648e+01,1.159658885115864564e+02,1.716672704910615437e+02,9.193897096818203352e+01,1.368792587035770225e+02,1.438272562844327638e+02,1.020284654854396251e+02,1.767647716608796316e+02,1.744064198771653196e+02,1.581807334174873461e+02
8.184921820493435973e+01,9.721451361124542245e+01,1.795429542159417622e+02,1.100503644198727073e+02,1.380772581809634971e+02,1.511173155231050202e+02,9.911026725755723987e+01,1.856406295207295614e+02,1.513816787639794370e+02,1.914673246493103136e+02
8.979389305444455260e+01,1.014175354058029939e+02,1.754363386427739613e+02,1.066402273253154220e+02,1.493063914292926597e+02,1.400357359273008058e+02,9.641413799510988270e+01,1.668597374466214376e+02,1.656599450448689481e+02,1.670174733152153124e+02
9.804864430459237212e+01,8.870577126388576517e+01,1.727154484783986561e+02,1.191900308505248489e+02,1.348398285919303703e+02,1.414582463724187562e+02,8.521480343328508411e+01,1.567957799044404226e+02,1.296795243362126371e+02,1.826503441085579027e+02
8.135700674386716003e+01,1.000130045825722505e+02,1.787474002336839192e+02,1.064778521322261753e+02,1.181294225269431877e+02,1.465134926361612031e+02,9.358569440828355823e+01,1.664623800423894124e+02,1.606537897626099607e+02,1.729614791025879015e+02
8.143318234415745849e+01,1.176417975017907906e+02,1.653540104126313679e+02,8.975806315993780515e+01,1.420140006506318855e+02,1.391031755430272767e+02,1.183943190334895519e+02,1.791516924408230977e+02,1.704539330044922849e+02,1.617874222149612535e+02
8.045393668146824950e+01,9.925483717416551599e+01,1.815451426898816578e+02,1.077041594759177627e+02,1.510847360902900505e+02,1.444596739632657716e+02,1.054687468169787792e+02,1.884568599370274740e+02,1.558759685198006650e+02,1.861930013646843065e+02
7.522134049268460387e+01,1.002120353991272736e+02,1.813264648115018360e+02,1.067967326343607368e+02,1.414935752713556099e+02,1.414732436162999818e+02,1.020885150788882640e+02,1.817372532394681173e+02,1.467185087243256589e+02,1.853848353376152147e+02
8.445263998242116088e+01,1.003063259163978387e+02,1.720838738178590290e+02,1.072014407739591064e+02,9.701053727804372784e+01,1.479370652956536958e+02,9.182606670843156849e+01,1.768092004713568883e+02,1.462080096045670530e+02,1.813030078162910570e+02
8.107776497336125487e+01,1.084510779569032479e+02,1.723436954265216343e+02,9.911763968324179075e+01,1.438334202879543113e+02,1.407425670249036500e+02,1.001024393795588878e+02,1.762025239375386434e+02,1.712137252131638547e+02,1.667733502139808763e+02
7.837443290682530517e+01,8.628102562968757638e+01,1.772721475904563420e+02,1.206386019290041389e+02,1.141509953254337120e+02,1.412506767136625001e+02,7.641106650815996204e+01,1.575513849464211660e+02,1.464091412464318296e+02,1.818521200170280565e+02
8.465579703481888885e+01,1.083025191987040330e+02,1.723941455727199070e+02,9.881696089362615965e+01,1.337802843266601371e+02,1.426086762172750184e+02,1.049254704474070934e+02,1.707971904185567098e+02,1.664311439434227964e+02,1.656932803442241777e+02
8.055255027147030944e+01,1.034338518643858720e+02,1.800905008410790913e+02,1.034475171864580574e+02,1.312730519586677360e+02,1.363074506742528627e+02,9.600283465372118030e+01,1.707318554130349355e+02,1.697260294893918058e+02,1.674728640665771593e+02
7.796652781995034331e+01,1.076278359705689240e+02,1.760068190192559712e+02,9.956165833776707075e+01,1.246548362189407158e+02,1.512525958342126557e+02,1.031529646872142223e+02,1.737018313613686757e+02,1.742720283458170911e+02,1.679556241383316149e+02
7.855265666576123351e+01,1.005982993954899598e+02,1.773381722962239735e+02,1.065727361590218010e+02,1.350350599402065086e+02,1.423900597912839601e+02,9.604901895509752308e+01,1.701147827413830953e+02,1.597356874386010190e+02,1.751810491432907213e+02
6.065633288057541961e+01,1.046723620409252931e+02,1.866837728267291538e+02,1.024698147029232445e+02,1.241571140998477745e+02,1.538977024180463502e+02,8.924769589887651478e+01,1.905433929172311025e+02,1.629617990294632932e+02,1.871589283694984545e+02
7.996785299511647338e+01,1.182459648812296678e+02,1.647276491319516651e+02,8.924331390863174818e+01,1.167887106795298564e+02,1.487613312227300355e+02,1.183346131800273326e+02,1.866074366775307851e+02,1.706306932011780759e+02,1.695827582826377977e+02
8.410847547682023162e+01,1.150184473658087541e+02,1.692278225814679615e+02,9.248000666504616163e+01,1.276163219922656822e+02,1.482136364800504396e+02,1.173497787474254039e+02,1.724146528151784139e+02,1.787375066021618863e+02,1.573506014098884691e+02
7.766303773256039733e+01,9.539300864582088479e+01,1.773120261525491230e+02,1.119692581892561378e+02,1.158990962022418785e+02,1.401803599817327211e+02,8.439523926960023914e+01,1.702120526936803060e+02,1.495943380633530637e+02,1.776660260309936632e+02
8.136470983954167480e+01,1.050462928975107957e+02,1.743937812542298786e+02,1.019113469198893966e+02,1.284333244079227256e+02,1.371263689620069215e+02,1.026515905617335704e+02,1.742158549037728505e+02,1.636143212357697507e+02,1.697738765229942430e+02
7.294811280103421325e+01,1.069209058100464631e+02,1.794136360084393971e+02,1.006735958159517708e+02,1.341083056741828727e+02,1.470512131673864076e+02,9.887253490673097645e+01,1.772634623256478505e+02,1.650114149788556119e+02,1.755272013892891039e+02
8.414919973196482772e+01,1.087335221732142259e+02,1.647419047301391117e+02,9.859213037794346235e+01,1.207450107747192192e+02,1.423029250723890016e+02,1.088358505128482250e+02,1.810554213729653554e+02,1.542497145870862028e+02,1.765645315994979967e+02
7.849502860041356200e+01,1.112108708435776521e+02,1.772755543684342854e+02,9.649343988304848097e+01,1.297332912424082565e+02,1.496895124537519166e+02,1.062864898203471569e+02,1.744921861198697286e+02,1.737915359774765989e+02,1.643983232130767931e+02
7.618253625961041564e+01,1.036706134269120980e+02,1.736600529199222080e+02,1.028633267209481659e+02,1.124422794097537803e+02,1.475428776962331483e+02,9.367437431798967395e+01,1.659380617347512441e+02,1.646479001680550596e+02,1.682659957756759752e+02
6.954322876067853088e+01,1.111813111418965150e+02,1.783410663401463978e+02,9.598015860846156500e+01,1.281579814368362236e+02,1.520855909807256410e+02,1.049061127661326793e+02,1.846863350626979070e+02,1.660998862723050138e+02,1.792874517192604173e+02
7.727265949578976745e+01,1.047821251789214898e+02,1.820422629361728184e+02,1.019550455436658325e+02,1.154365040773029136e+02,1.209238437635472962e+02,9.470654163347276722e+01,1.814744734969887929e+02,1.497114123741326353e+02,1.788851835479499925e+02
8.621354539724087829e+01,9.634446100537803659e+01,1.801125529205182545e+02,1.109277183265041771e+02,1.205957176202411461e+02,1.529501313192418763e+02,1.055386854766467479e+02,1.785086492505822378e+02,1.585859751144585630e+02,1.920746824493171800e+02
7.618371634217000121e+01,1.098581559734525968e+02,1.757747209166863911e+02,9.746009019022697828e+01,1.381029632204646873e+02,1.331942294461301515e+02,1.093796038089850811e+02,1.860535186138901906e+02,1.679966082016167661e+02,1.751276771774055590e+02
7.312698176534867400e+01,1.081290964597943116e+02,1.817493185942748539e+02,9.817342072730774305e+01,1.328393685334796714e+02,1.420977076513341615e+02,1.026738185046771434e+02,1.865689512100968557e+02,1.639632751086888334e+02,1.819692255010368456e+02
8.019448961349225158e+01,1.240746353307845879e+02,1.675229089652875416e+02,8.443820673977846525e+01,1.371690966600055503e+02,1.344188999158910462e+02,1.254439143298724559e+02,1.808906137553010183e+02,1.844400300422844907e+02,1.510680109610321153e+02
6.975028370352482909e+01,1.053124692851784516e+02,1.770413145517686360e+02,1.016009320915293159e+02,1.415111876690263557e+02,1.466579622251561830e+02,9.965440407978090320e+01,1.846522133854184347e+02,1.567486836949524900e+02,1.804530138125183214e+02
7.734704189034199828e+01,9.599349297230270395e+01,1.808129990493634693e+02,1.113641394824337425e+02,1.049481294268245506e+02,1.396248868925145814e+02,7.825577626215013538e+01,1.693922631648335653e+02,1.477239366213021299e+02,1.784712925305130113e+02
6.842248348923421020e+01,9.822971117143657693e+01,1.841458868479112141e+02,1.100560213476967277e+02,1.224216976874942588e+02,1.659222796184591004e+02,8.207241580472978626e+01,1.858048386481557088e+02,1.485971730986771604e+02,1.942094151725532640e+02
7.659316755862927550e+01,1.111081201845886994e+02,1.768802500014880650e+02,9.625483798986191175e+01,1.284995404818529892e+02,1.563614317400029847e+02,1.096205625890353588e+02,1.801830826309476095e+02,1.688511622289357206e+02,1.696068166246177782e+02
8.294819474251961822e+01,9.903856609408882150e+01,1.762595347409823887e+02,1.087321870923590126e+02,1.229296115004892158e+02,1.404603620392850587e+02,9.345480403886827503e+01,1.669789866116795736e+02,1.628033727446732541e+02,1.728440978874923815e+02
7.927141530843472594e+01,8.798698036019828805e+01,1.867248359417298786e+02,1.203802334964823189e+02,1.299114520960922050e+02,1.473427098614743898e+02,8.875888982997926746e+01,1.767455879357609945e+02,1.348918345609841367e+02,1.919693169345619310e+02
8.344595594735837096e+01,1.108392408976438333e+02,1.784876986538747303e+02,9.650254317005986593e+01,1.701803576165313530e+02,1.383421219808629701e+02,1.184164632319072155e+02,1.854513746407780843e+02,1.799895340839562436e+02,1.730781131734611620e+02
8.107125741275048370e+01,1.135178110415222932e+02,1.741481324231008045e+02,9.315093972539419553e+01,1.173656461351985740e+02,1.275174399537614534e+02,1.011593710540393261e+02,1.812300783005509572e+02,1.600473915973839780e+02,1.734500931849243273e+02
8.232013569803929443e+01,1.115213167632105637e+02,1.675652570819238179e+02,9.569213131075615308e+01,1.214454648011798668e+02,1.400176293177179048e+02,1.073210549114802745e+02,1.805195025113377767e+02,1.605282609502015134e+02,1.696169147243263353e+02
7.931654800506329650e+01,1.154917074257614900e+02,1.713271128928044789e+02,9.195733478670830152e+01,1.507647801154727745e+02,1.450595760566762635e+02,1.125200315474131969e+02,1.874005701151642995e+02,1.678963531891045591e+02,1.720766913046600450e+02
7.708003486724591369e+01,1.076344399416926194e+02,1.834025424515584461e+02,9.979419532423729322e+01,1.238174715676779556e+02,1.425536601764730165e+02,1.093729812561133770e+02,1.901745367852006154e+02,1.578157327810463926e+02,1.856798698653938402e+02
7.736292366715169067e+01,1.090760674888375092e+02,1.723095220422128193e+02,9.817445649212116621e+01,1.506925072187061119e+02,1.289548554641774842e+02,1.018733799813846019e+02,1.745059135612998205e+02,1.696359512845215818e+02,1.652684089591266741e+02
7.950880773397183532e+01,1.106247538590910722e+02,1.751473701691010945e+02,9.693164190655464552e+01,1.375827772730464744e+02,1.144512345416120240e+02,1.094415861724475292e+02,1.740573184546981054e+02,1.681125953832802793e+02,1.657805382957222093e+02
8.491348011823392028e+01,1.065132950211050797e+02,1.717377258037904255e+02,1.007466798052739563e+02,1.551870823168630409e+02,1.399097852332166383e+02,1.121478581784823803e+02,1.818545278218541341e+02,1.675428209344086667e+02,1.783879026522400011e+02
8.355967868896222228e+01,9.218749697153594980e+01,1.818435227071622364e+02,1.151472682953428688e+02,1.134290629663939285e+02,1.503457666260770509e+02,8.349503356801065479e+01,1.675019252804074483e+02,1.498385602275071165e+02,1.852025334586860765e+02
8.938726107807850951e+01,1.143646293470742989e+02,1.680696447288373463e+02,9.299367336189264677e+01,1.370419905894870567e+02,1.388870381338170716e+02,1.225712072609523204e+02,1.780675395932946401e+02,1.766068059245286008e+02,1.632461141099693407e+02
7.503957536848282928e+01,1.095360856989505578e+02,1.809556593989709370e+02,9.762649688130134962e+01,1.196285497659320640e+02,1.455509834510854432e+02,9.530061236606630359e+01,1.789333620873246389e+02,1.746376730242905637e+02,1.720427233924629320e+02
8.275839440556264037e+01,1.074557925874474336e+02,1.743806410526612751e+02,9.984372036164516828e+01,1.211223222726459312e+02,1.394686399919561097e+02,1.019976047931769756e+02,1.787723330465111928e+02,1.604052819648919126e+02,1.760983330955268968e+02
8.235451020332074279e+01,8.690752029066112527e+01,1.789597543274739735e+02,1.206543742418837013e+02,1.138779151552791404e+02,1.468724705798200318e+02,9.203071994172128711e+01,1.656245469060692983e+02,1.410474349895653745e+02,1.846137518634559740e+02
7.670256635578370208e+01,1.043476538473847199e+02,1.761961435174325459e+02,1.027079099417280617e+02,1.274749960416431236e+02,1.179693132860234925e+02,9.168001786457094227e+01,1.655251773205552297e+02,1.714116683045563718e+02,1.620607889642479051e+02
8.235014610024190063e+01,9.526092192177799234e+01,1.759819907640794270e+02,1.119822304994415703e+02,1.343682034724826622e+02,1.490496590954831788e+02,9.117633331404718433e+01,1.821889773813042837e+02,1.418245674410996457e+02,1.872760526885749925e+02
7.644157540829873199e+01,1.053527157718422700e+02,1.753271681165078633e+02,1.011698956192087593e+02,1.258239803725356865e+02,1.569756783468297670e+02,9.731945345388444935e+01,1.748673314657960134e+02,1.618967545965847989e+02,1.705282569875480760e+02
7.854683806033825988e+01,1.145755293184998322e+02,1.740472553169110768e+02,9.285907377308124921e+01,1.133408343309039878e+02,1.285659421903661439e+02,1.020918452499965099e+02,1.823873443809304433e+02,1.712261532882390043e+02,1.623464364757301439e+02
7.153432907195782775e+01,1.024601865301015664e+02,1.828635908161977284e+02,1.040754439198028507e+02,1.250501906239862251e+02,1.504074136240056703e+02,9.499990460859331165e+01,1.888797904607806402e+02,1.577210332790551206e+02,1.874540125479461778e+02
7.908321312101578826e+01,1.015178827086570550e+02,1.825249907469132893e+02,1.061645096019458236e+02,1.356202550047511863e+02,1.376663379890493104e+02,9.682958135591539417e+01,1.785172526446137624e+02,1.641826320627865812e+02,1.768977249612571825e+02
8.120019699664807433e+01,1.059047530854227830e+02,1.714389791285375111e+02,1.020132732391905250e+02,1.300690205210323143e+02,1.423741278273633668e+02,9.233248890028986011e+01,1.685324965027127462e+02,1.643644870558915159e+02,1.637000947346450914e+02
8.790385356577134246e+01,8.727696601693656930e+01,1.803869547044614308e+02,1.209405408800196113e+02,1.133996462339038658e+02,1.321602576596311280e+02,8.107906976924928699e+01,1.614288201090846258e+02,1.330839299300847074e+02,1.805273734678985704e+02
8.003163321347928161e+01,1.037203131059291650e+02,1.766658821349719517e+02,1.042635138519656124e+02,1.247289175206298637e+02,1.429298287255338380e+02,9.094865975366624866e+01,1.691741211918149190e+02,1.689759250620541593e+02,1.684633918156387438e+02
7.990843763979172820e+01,1.194024790043118287e+02,1.686579042469838612e+02,8.807268603896612547e+01,1.277612739914531517e+02,1.501849963290265748e+02,1.104583933411696819e+02,1.759411948678050237e+02,1.829593090454278013e+02,1.527160908331634630e+02
6.609826967151856536e+01,1.280115566814425279e+02,1.776819666420796864e+02,8.019310992216581724e+01,1.271988239699477958e+02,1.341266695482305238e+02,1.167432854531863597e+02,1.884941058662686544e+02,1.828732136527237913e+02,1.616043886890174974e+02
