8.288157998057103271e+01,1.131310402864697267e+02,1.675112687444070332e+02,9.432216905062908552e+01,1.201674193256969261e+02,1.546296009642652223e+02,1.120658436475852398e+02,1.790388906803879934e+02,1.721699286440548917e+02,1.701391804566146959e+02
7.230012391539311523e+01,9.512793846075561532e+01,1.772898091768601887e+02,1.114071407020639839e+02,1.032981646174068260e+02,1.518344161731771180e+02,8.126096216426881824e+01,1.744110615906272130e+02,1.493078062722620984e+02,1.855738688459159960e+02
8.417899373205399627e+01,9.279696602766540536e+01,1.811897257810214512e+02,1.149883318245958748e+02,1.116767736786479759e+02,1.289157464725545594e+02,8.743520397530588184e+01,1.754911707696471410e+02,1.404455663899121305e+02,1.872279233088256944e+02
7.999957792492604369e+01,1.149373397493841935e+02,1.707431421970704548e+02,9.265753289317602537e+01,1.257771286816770839e+02,1.659283916575483033e+02,1.121178862510779766e+02,1.819924254921231466e+02,1.824074141422448179e+02,1.689535757055046190e+02
8.081476588578915710e+01,1.084311169797661591e+02,1.810860760455707066e+02,9.839423727994675062e+01,1.271797898524875450e+02,1.521868194562963197e+02,1.041819660423854259e+02,1.809764434304986196e+02,1.674036865571675321e+02,1.782061485399963487e+02
8.823057709665989989e+01,9.595995619540241250e+01,1.794257245158532612e+02,1.119477448240470352e+02,1.436413711422557640e+02,1.427122611922792146e+02,9.944150880561861072e+01,1.768296502736363607e+02,1.468113507965741178e+02,1.861561582436325182e+02
8.743991147013402099e+01,9.678888375704315195e+01,1.744281562065461628e+02,1.108112034649204674e+02,1.258492063397044944e+02,1.413512391073278138e+02,8.562958124862703357e+01,1.633696355429444509e+02,1.584865297416386625e+02,1.737044373502494921e+02
7.402151055665707702e+01,1.020936255121710587e+02,1.781944291686395161e+02,1.049164229333948555e+02,1.252762356811637687e+02,1.516863775474599549e+02,1.048300074695208934e+02,1.811335150805268484e+02,1.598066502252755186e+02,1.845785048653843035e+02
7.586624720724320525e+01,1.032528821194651414e+02,1.809065675234178059e+02,1.034298730046104851e+02,1.257243023031825828e+02,1.543321137053540895e+02,9.584530118690523182e+01,1.842196570244584279e+02,1.560532589594063779e+02,1.845501375546218981e+02
7.786174078317380065e+01,1.183950420731785584e+02,1.732447749024013035e+02,8.997047766303533933e+01,1.496470268481845665e+02,1.486507329566053102e+02,1.085005093573192028e+02,1.787920577731881338e+02,1.785542485306201002e+02,1.528085741748573412e+02
8.708440507980084533e+01,9.763945234959152231e+01,1.748007648383954518e+02,1.093460279852699699e+02,1.332536146753902244e+02,1.375541256887487123e+02,9.591679469333681141e+01,1.761773253885064321e+02,1.498284257689652463e+02,1.828557980408432115e+02
7.436606575580334777e+01,1.106387655848744203e+02,1.751649247800687306e+02,9.628475999837631605e+01,1.398819818609828758e+02,1.385339811665586183e+02,1.019739483951190380e+02,1.726409598496709066e+02,1.694702580908474943e+02,1.658026942362548937e+02
8.430754642220234985e+01,9.977848988418605813e+01,1.729044069444516651e+02,1.070784759298514786e+02,1.467841803544635582e+02,1.291835310084394166e+02,9.326405838714632068e+01,1.638584864941392141e+02,1.550798552224574109e+02,1.637694280495407213e+02
8.024546000393128509e+01,9.534052149598625192e+01,1.785182830190042012e+02,1.114553501606535377e+02,1.337118682974452781e+02,1.490437574607900331e+02,8.895161024318727527e+01,1.750855855849538045e+02,1.510015895107922574e+02,1.895901449074508776e+02
8.009940658541417235e+01,1.034404715860369492e+02,1.735155727958062641e+02,1.038757629544090690e+02,1.324918682092304039e+02,1.511773681861928651e+02,9.174179229723009144e+01,1.714305702653680044e+02,1.602879374960598966e+02,1.730992455830337633e+02
7.870168004961705321e+01,9.740551412497785577e+01,1.781452853476384632e+02,1.095136884600471916e+02,1.316538249963397789e+02,1.307554552776387879e+02,8.304474083171876941e+01,1.695575053897652822e+02,1.592371465305027982e+02,1.773787600149871935e+02
8.758760552139973754e+01,8.906550679748085031e+01,1.783687602078298085e+02,1.187644366175484123e+02,9.893738175569723126e+01,1.499225899798444459e+02,9.004466620670351062e+01,1.681365110483918386e+02,1.434541676977810880e+02,1.881912888040306200e+02
8.389390505882001037e+01,1.011611832419517327e+02,1.808547690903523915e+02,1.059194936156820717e+02,1.273842860573406028e+02,1.404920476896337220e+02,9.489397726045640979e+01,1.699231507387910085e+02,1.681721818188366910e+02,1.745934912314178575e+02
7.856012551518178100e+01,1.051150109881642152e+02,1.846177786385396473e+02,1.022056318373035850e+02,1.410772609823818016e+02,1.283294529540113160e+02,1.162432309745410350e+02,1.754134957400117116e+02,1.707781486997542402e+02,1.733463864674331774e+02
9.649325679274296874e+01,1.011211295688631822e+02,1.688190014755109303e+02,1.057705233097624244e+02,1.076231584662074852e+02,1.327328811509183595e+02,1.002826139091113475e+02,1.776065007952008443e+02,1.448781620303330442e+02,1.795711774577858080e+02
8.860572752388215179e+01,1.001304012203696061e+02,1.763595292960980885e+02,1.074547775909852447e+02,1.409927306884403038e+02,1.426004601342252442e+02,8.798614773736986194e+01,1.628445721772465902e+02,1.549771643618283292e+02,1.724690862645866503e+02
7.856463642450070495e+01,9.608357648198631296e+01,1.818739281093457691e+02,1.115664132536005440e+02,1.324594146424407768e+02,1.469521554333738038e+02,8.972734705196413074e+01,1.761502378490719991e+02,1.482189293841061613e+02,1.826633023371460069e+02
7.265461717577672118e+01,1.052802440637829591e+02,1.858148357962945454e+02,1.011839941889595451e+02,1.406803150588149833e+02,1.250719628257325837e+02,9.445030043111833606e+01,1.725377448406968313e+02,1.749931093195614835e+02,1.721563697209121813e+02
9.428697352143025512e+01,1.047410144621613313e+02,1.624563565348962300e+02,1.017534244284581604e+02,1.018902264350528526e+02,1.425789087636045167e+02,1.098557397483447460e+02,1.799209562745843130e+02,1.537344300190148374e+02,1.767054886569740404e+02
8.066036066444611663e+01,1.051443549210312653e+02,1.769717621152976506e+02,1.020270227566909256e+02,1.267109455095107364e+02,1.344589003545812318e+02,9.775912824855836902e+01,1.694791083839688497e+02,1.642931048015294095e+02,1.713762985219719042e+02
7.768089647622799987e+01,8.787836514805582055e+01,1.863293589746335499e+02,1.192244889662217560e+02,1.322635339015598106e+02,1.466597561759523103e+02,8.273788145767244373e+01,1.770276500788483816e+02,1.434889467397866269e+02,1.921604916801216234e+02
7.218600137563443297e+01,1.129116546401861001e+02,1.864872272109368794e+02,9.357199223345035932e+01,1.301832880490894127e+02,1.468410527331403443e+02,1.128129909394839672e+02,1.872023316231522756e+02,1.718879757562813779e+02,1.774887046565773119e+02
8.014712087841725463e+01,9.382111224179294595e+01,1.855041945671418659e+02,1.131260142773937645e+02,1.335641696566219139e+02,1.411332530600599000e+02,8.720799509273561512e+01,1.778197764513049322e+02,1.508328321019349119e+02,1.852922619929077257e+02
6.869883637161946410e+01,8.241846589391258249e+01,1.921070316230634205e+02,1.253097166121553840e+02,1.130186544769878196e+02,1.658909538013509462e+02,7.191171286092790638e+01,1.658331362214837270e+02,1.365354995766816160e+02,1.940294738163711656e+02
7.631382717223858947e+01,1.084647516721966554e+02,1.776769014095643513e+02,9.857466778164619825e+01,1.513102454656238365e+02,1.436867158634237001e+02,9.162017897354158436e+01,1.761678962913308339e+02,1.638517954686818143e+02,1.675218894233467211e+02
7.052007646890378112e+01,1.158772223109486390e+02,1.839250733947137348e+02,9.110724502807373426e+01,1.434592236989612388e+02,1.500423694474271485e+02,1.158649238704303173e+02,1.893971946743283468e+02,1.772526900509533903e+02,1.774414402594329943e+02
8.553488115998005981e+01,1.115282522255661775e+02,1.697559912895539753e+02,9.595640873914474867e+01,1.176761500948543357e+02,1.241838590724042604e+02,1.053478114365199474e+02,1.711216334757361608e+02,1.748529146948990842e+02,1.569021566262008776e+02
8.449352192910409087e+01,9.159407344107654581e+01,1.868996017670014851e+02,1.169839292467188301e+02,1.302540183776492881e+02,1.406082892043164918e+02,8.538691399084123645e+01,1.698357932773385244e+02,1.542017831543622037e+02,1.851304006328346361e+02
7.977302704783177489e+01,8.842323077862289438e+01,1.888385601734498493e+02,1.187460843474220695e+02,1.054275075310344505e+02,1.747016931397489259e+02,8.067795566307100330e+01,1.750698079076562124e+02,1.454002349415955564e+02,1.932205056299926866e+02
7.864016602965092773e+01,1.040221825355770875e+02,1.738749625479558460e+02,1.032181833014440002e+02,1.333587541395301628e+02,1.438692453128865907e+02,9.703508154140504871e+01,1.752709311303649145e+02,1.623875155190167447e+02,1.741247420062782396e+02
7.554720789225792998e+01,1.034677881712200929e+02,1.806521218811849110e+02,1.032186840922188225e+02,1.293164329492921638e+02,1.209010949952176759e+02,9.206197170005830799e+01,1.689290496316704946e+02,1.602093028167424222e+02,1.704456223597290148e+02
8.611378020079827422e+01,8.808536497895744333e+01,1.792994679307321064e+02,1.199525905103039207e+02,1.092704538965101051e+02,1.442991578204206178e+02,8.404884663806947742e+01,1.543659400549683767e+02,1.519187115768132230e+02,1.771838873972656359e+02
7.897682113977170104e+01,1.063060828859093476e+02,1.705444134717563145e+02,1.010444782823872032e+02,1.286205488556499290e+02,1.472273124081662843e+02,1.040304009078601268e+02,1.857582911458764272e+02,1.575621523896393796e+02,1.811860763182403673e+02
8.418695901365971679e+01,1.058491219097855378e+02,1.761759854053834431e+02,1.012541380823206367e+02,1.188905759566898155e+02,1.527650521022847840e+02,1.082894243358233837e+02,1.885364997294697957e+02,1.531692883411583921e+02,1.882991584887268175e+02
7.748438169093823547e+01,9.957287571971443185e+01,1.827260117625573628e+02,1.074014905989717903e+02,1.214826635235423851e+02,1.360783199889234254e+02,8.452446595417055164e+01,1.798903735485825734e+02,1.587460809389290830e+02,1.838586615671875109e+02
8.460443721743321532e+01,1.010984341317894746e+02,1.701787489151338093e+02,1.061914175302338066e+02,1.338312088364238548e+02,1.472941466195157716e+02,9.648461416946443592e+01,1.773750607875142293e+02,1.520255415776906034e+02,1.785530391683342089e+02
9.068659824164605254e+01,8.887421949600008020e+01,1.724477341120818608e+02,1.189127714299213352e+02,1.240150476211185264e+02,1.442775937242082307e+02,7.968659899221452747e+01,1.664079996106181341e+02,1.314822926560578367e+02,1.854261447539093126e+02
7.530642019243931884e+01,1.024777961934092332e+02,1.814545219635346882e+02,1.048212860674213829e+02,1.301199990028018760e+02,1.539117208344510743e+02,9.385700730072053943e+01,1.837629579362426000e+02,1.561530812272963544e+02,1.852261565079452623e+02
8.614886917205548400e+01,9.568868036215332040e+01,1.781375463401654713e+02,1.126328404769849243e+02,1.353512691968555259e+02,1.541255589348844239e+02,8.637406251417192493e+01,1.679920394030366140e+02,1.509678353706536313e+02,1.782629182686569322e+02
8.443258278103566283e+01,9.017509562914398202e+01,1.807594510411599629e+02,1.173872315064620437e+02,1.310561440104121971e+02,1.470499026996663758e+02,7.478578749881776844e+01,1.561335301903042989e+02,1.513595451155838987e+02,1.753915107002021898e+02
6.058211334081387633e+01,1.026724896544697572e+02,1.952854993140080921e+02,1.034232718647074165e+02,1.234814875239009666e+02,1.427370563370755860e+02,9.579549274431261097e+01,1.888063388374600606e+02,1.607412880400357267e+02,1.918658939351799120e+02
7.525091488691067809e+01,9.377982774769094476e+01,1.877026686167100422e+02,1.137166700587224426e+02,1.236043827944869804e+02,1.553440113288930604e+02,8.647562707053216968e+01,1.659384440985474782e+02,1.571387436429200193e+02,1.764103917231323351e+02
8.796355132790303344e+01,1.047387217993023683e+02,1.704659444784501545e+02,1.024101353139233055e+02,1.118143383228654670e+02,1.448847929460576722e+02,1.010893249271968273e+02,1.801063302365098195e+02,1.508764378765759488e+02,1.801496372570755113e+02
8.787950952382779235e+01,1.057054410839560319e+02,1.754518703317025654e+02,1.015759683102917137e+02,1.312332524174327659e+02,1.371731489522031495e+02,9.977759388671907459e+01,1.690139565673623281e+02,1.606796294192013761e+02,1.664896442045929064e+02
8.535810472102856750e+01,1.088446991110327531e+02,1.701158096289018147e+02,9.852226661151165388e+01,1.227564078980560112e+02,1.365875757557920167e+02,1.061244764088252452e+02,1.801855821964297490e+02,1.641864209512410184e+02,1.723932204594375719e+02
7.631760247083401794e+01,1.188163084203484345e+02,1.715251261388638966e+02,8.913511313503498457e+01,1.388780675643558311e+02,1.444408313853315065e+02,1.192103515027621654e+02,1.821648085919175344e+02,1.766796652117905637e+02,1.613764494409324755e+02
8.754284152420258636e+01,1.084212481940272141e+02,1.694867136275151722e+02,9.854587876802200697e+01,1.289123789781207847e+02,1.432033748251966188e+02,1.077378198860743908e+02,1.734700031486306386e+02,1.668223277667698881e+02,1.695170872559311022e+02
7.851177285643315429e+01,9.919033762459781656e+01,1.759063612019399159e+02,1.078297774047207298e+02,1.250843432658786583e+02,1.327560910803846070e+02,8.583188626752885853e+01,1.670884795096669393e+02,1.563124280909237882e+02,1.732194920530082811e+02
8.701517827840542907e+01,9.268338459377315530e+01,1.799453965669253819e+02,1.161470787078689995e+02,1.172216469460601616e+02,1.406049454433492372e+02,8.489607421146425281e+01,1.641402045694146352e+02,1.497601786593136808e+02,1.807305888285400499e+02
7.460374741287922973e+01,9.818249185030487070e+01,1.854518234526494496e+02,1.092266359478783073e+02,1.420182684028024482e+02,1.400383226496747682e+02,9.060384700284990345e+01,1.712953815367970662e+02,1.655446940401730558e+02,1.770176868786575426e+02
8.195269723268246764e+01,1.140579479003432084e+02,1.648106525635102741e+02,9.339452156430000684e+01,1.274791959935302543e+02,1.401992624623349855e+02,1.182169347761729625e+02,1.822913301196847158e+02,1.654517881611523649e+02,1.692235183467628588e+02
8.102045427294468993e+01,1.091805701593044091e+02,1.686820064877847187e+02,9.824038755899185560e+01,1.120421751254672813e+02,1.254502117855123231e+02,9.593437305675539051e+01,1.768909232226166921e+02,1.567616277376351377e+02,1.685376137842895616e+02
7.999975979359841460e+01,1.020997858012202073e+02,1.784172000979760639e+02,1.055625157952856483e+02,1.312397815698261070e+02,1.449459169132283876e+02,9.591853148327859913e+01,1.813354919758591848e+02,1.513543998340306302e+02,1.831079358806373705e+02
7.654194353552556151e+01,1.020903052577855874e+02,1.741534349119046681e+02,1.051838633642148437e+02,1.355071936362857628e+02,1.501036724073461244e+02,8.868702063547166858e+01,1.727675743159804540e+02,1.562806423941788694e+02,1.749298332085373033e+02
7.932744196089005584e+01,1.144713864440205384e+02,1.705733794962743275e+02,9.366550967102760694e+01,1.351561570876712608e+02,1.398958239180616090e+02,1.058871663569072155e+02,1.799080329743180471e+02,1.690599260369477292e+02,1.684403800120117296e+02
8.292360891433453673e+01,1.071516139770033647e+02,1.709320884739736073e+02,1.000771491230081978e+02,1.321050266140575218e+02,1.439515810234121034e+02,1.000223539529899028e+02,1.698917621877942281e+02,1.677015882918772718e+02,1.608351694693328966e+02
8.785490144820904845e+01,1.257523814404490281e+02,1.667089023088792317e+02,8.190795662259573362e+01,1.144446434789771843e+02,1.206059928161672303e+02,1.279171821831324962e+02,1.810364981797490316e+02,1.752924148926672956e+02,1.564023621430160631e+02
8.103584773870205993e+01,1.036822774971010972e+02,1.770647267197946064e+02,1.035107373819302978e+02,1.316303590053195762e+02,1.486191943509153077e+02,9.601491889940294300e+01,1.714424187746796804e+02,1.611845404246983549e+02,1.727625420441391100e+02
7.441612906785702819e+01,9.670321760718849191e+01,1.846348412727693074e+02,1.102569219247054519e+02,1.483761435860271263e+02,1.215983163637689302e+02,9.004043675051721607e+01,1.683092979696545797e+02,1.581815460065541288e+02,1.758067396631004442e+02
8.382184074850773925e+01,1.053825059348824311e+02,1.773391454314568989e+02,1.014445236027788582e+02,1.248345239573592949e+02,1.385957790834478089e+02,1.025397475122073558e+02,1.734461101201329427e+02,1.677307420114216825e+02,1.666411160578491319e+02
8.527603252263760680e+01,1.017968283558371354e+02,1.655324324613193028e+02,1.053211215287994804e+02,1.032398485058421898e+02,1.378453915936521241e+02,1.011416854618647960e+02,1.773270261642489629e+02,1.460974058250126859e+02,1.812587129225494493e+02
7.769145141573643798e+01,1.164357368165734101e+02,1.697490929161885731e+02,9.140469640498871229e+01,1.340871717595929908e+02,1.513002218229345033e+02,1.084126620648959545e+02,1.791772243884358602e+02,1.799259192684826871e+02,1.563226803292991747e+02
8.239844004841542358e+01,1.040401698166611482e+02,1.821417352651933186e+02,1.031736062467646065e+02,1.173100931757564354e+02,1.471303760034612367e+02,1.078450378535846141e+02,1.881558459606919484e+02,1.627432574967083951e+02,1.933595980157615770e+02
8.870189584823346252e+01,1.005246667826655198e+02,1.698703121637681477e+02,1.069688468054484787e+02,1.072515635305518913e+02,1.420835314614347169e+02,9.559264484630617176e+01,1.672223080006394582e+02,1.527887968162236234e+02,1.735243934144737352e+02
8.430330358477330321e+01,1.103256619090321351e+02,1.698319751118997090e+02,9.641707298165077589e+01,1.417982615941638755e+02,1.493725649935773561e+02,1.110217992423633007e+02,1.860045398083481984e+02,1.657992075720963498e+02,1.767756831397773851e+02
8.530001515181756133e+01,1.165662896150830079e+02,1.628519670611003392e+02,9.043428227310890577e+01,1.133507517689342308e+02,1.402034632188848207e+02,1.146441432593921093e+02,1.796129736510071950e+02,1.743309021929440519e+02,1.611663452734710802e+02
8.298524190517163390e+01,1.164411180729153443e+02,1.633242994045594685e+02,9.115754415845388792e+01,1.214533844107265281e+02,1.385914912445119569e+02,1.120009618161776928e+02,1.803827044871602254e+02,1.733204737642941495e+02,1.618172619094612230e+02
7.531326802106595153e+01,9.946049122904565820e+01,1.810571152662614338e+02,1.080169310272287788e+02,1.297394351774329948e+02,1.523873056990674684e+02,8.821331707225832020e+01,1.672550899592194753e+02,1.599875888565716764e+02,1.704440976133110155e+02
8.217244043977952117e+01,1.073379703054311562e+02,1.788205440139153950e+02,9.931446790700668714e+01,1.283170218282813835e+02,1.566239304167798707e+02,1.037604757307628063e+02,1.740863553491387563e+02,1.703844821790394803e+02,1.677828004112007250e+02
8.982770101757741088e+01,1.007341507041933824e+02,1.723848065828660481e+02,1.069329360127996864e+02,1.020410884433860588e+02,1.371574845535329530e+02,9.984482592927011524e+01,1.731384974029813009e+02,1.508195149639782926e+02,1.795029599418403734e+02
9.399237741561627502e+01,9.350503717010047922e+01,1.775927962755540364e+02,1.149327561259817543e+02,1.025628016704196739e+02,1.378991134984067628e+02,9.091448942409547840e+01,1.718481997457299428e+02,1.330025108495888730e+02,1.847228803982498277e+02
7.872858287425732726e+01,9.579598982279327402e+01,1.831513018404820912e+02,1.116798888445448341e+02,1.283578366005296516e+02,1.595311936957410524e+02,9.016572186933549915e+01,1.698506766614470678e+02,1.585856542328534147e+02,1.786849287500145067e+02
7.682850493522381896e+01,1.139761211240771104e+02,1.765409852361062519e+02,9.322453924273962400e+01,1.319936096185321617e+02,1.534729390067628572e+02,1.209855369089702037e+02,1.920371194985661703e+02,1.718082705477414152e+02,1.821250817527534593e+02
8.981345509024357909e+01,9.711268362050083169e+01,1.760151261334994786e+02,1.106143811643671455e+02,1.339014971369380760e+02,1.389117977244428346e+02,9.068343702541383777e+01,1.629269849863801198e+02,1.557176396588025113e+02,1.733324309935333360e+02
7.852289454670643920e+01,1.045068235213043977e+02,1.747009876167157643e+02,1.026116435975384178e+02,1.463320221716041374e+02,1.337310449702314088e+02,1.069495146034816173e+02,1.810270562079701619e+02,1.697690277734932920e+02,1.785084929218055834e+02
8.229318092795109862e+01,9.603940945510890970e+01,1.828157971000054829e+02,1.112033027560066643e+02,1.264786611908550071e+02,1.391632294578126618e+02,8.848557070480379139e+01,1.622892321553979116e+02,1.599526894280848524e+02,1.728011978616478075e+02
8.004658126862740630e+01,9.956165368502166757e+01,1.790303840135911457e+02,1.077992360666942062e+02,1.356152460688228416e+02,1.503398626071981141e+02,8.886866775737794910e+01,1.839961383548531728e+02,1.491395343581376096e+02,1.860667740454437364e+02
7.436100895734524840e+01,1.032218695024135400e+02,1.767035329436639302e+02,1.032790504918050232e+02,1.288596835249538231e+02,1.579360711795858094e+02,9.745202604518922840e+01,1.789150357452187734e+02,1.577290968636212369e+02,1.803648330917121996e+02
8.196732290120816344e+01,1.014144149089339066e+02,1.764393371140340321e+02,1.054317254350137176e+02,1.313993572258825111e+02,1.435936138851216981e+02,9.251972732530626331e+01,1.774962827769074636e+02,1.546067798176941892e+02,1.782795439114334215e+02
8.336703251333928222e+01,8.964101524298217782e+01,1.837436158453801625e+02,1.182157626152586403e+02,1.272620753460998344e+02,1.556806451303533265e+02,7.992379651056322132e+01,1.652196666506085592e+02,1.496223362723526975e+02,1.814111248006584276e+02
8.115415279598927611e+01,1.016870673114540864e+02,1.768853808289149754e+02,1.053314295560669365e+02,1.239181079977626609e+02,1.425616376621297547e+02,9.106459978805574451e+01,1.656711509433541494e+02,1.615624572375950834e+02,1.675470989098312486e+02
7.988419334622120971e+01,9.846148682032850274e+01,1.788619887923577778e+02,1.086953164935659828e+02,1.268511227482433128e+02,1.513656424207261750e+02,8.581697813259157215e+01,1.648012821880135732e+02,1.623525288740334531e+02,1.721704684843780626e+02
8.588022349806523437e+01,9.421810197477367410e+01,1.661002787148335926e+02,1.126115135402035179e+02,1.442041420453662681e+02,1.222989422304204652e+02,8.802954123006853138e+01,1.619084460345063405e+02,1.440959652999577543e+02,1.734858732571365465e+02
8.267083917589879150e+01,1.054400043601277162e+02,1.817866409664729588e+02,1.019376651049208107e+02,1.273356779628867912e+02,1.442223792297414491e+02,1.045108967183688549e+02,1.798541834560189443e+02,1.689309127668080350e+02,1.745492413987877001e+02
7.038018207283711547e+01,1.062306393349650193e+02,1.795741146897653095e+02,1.011255018860649528e+02,1.294567303174609947e+02,1.275386974436811158e+02,8.834899733053239856e+01,1.747095535007271963e+02,1.660558448771176359e+02,1.752295056929351915e+02
8.363692659171319121e+01,9.658891461436775216e+01,1.737920015698054783e+02,1.110516020805191459e+02,1.458436104172344017e+02,1.421536851448587129e+02,9.649578032480272327e+01,1.814647800830159383e+02,1.503181473354039213e+02,1.883533830990554918e+02
8.220221646161770934e+01,1.167264337504389573e+02,1.703136448656896107e+02,9.082696272438282392e+01,1.314604213350887107e+02,1.419464519841245362e+02,1.133272711990931896e+02,1.825163006392274099e+02,1.639803522864518186e+02,1.688054532756569017e+02
8.349947999449467773e+01,9.850165940468338022e+01,1.691117061173299305e+02,1.087933801934670868e+02,1.234450107031936454e+02,1.394404150468877503e+02,9.416001567827257190e+01,1.675933117625270086e+02,1.533978468069968244e+02,1.706909609784843553e+02
7.854860602350926513e+01,9.986735503767755517e+01,1.820602640008309834e+02,1.067656159923028412e+02,1.306638403648013878e+02,1.445503185016683290e+02,9.004536307440790210e+01,1.763908623513732152e+02,1.541002340058026334e+02,1.812766937365295519e+02
8.379652978511548156e+01,1.169893151635411073e+02,1.654357259666303150e+02,9.002771764999145887e+01,1.312005928867931175e+02,1.394488361103109071e+02,1.251882949827769664e+02,1.862955808845315175e+02,1.677910883763966581e+02,1.712264991154434313e+02
7.933865489097333068e+01,9.731577841584709176e+01,1.813743853067735188e+02,1.102326998636674347e+02,1.265669108146304893e+02,1.426041749341062257e+02,9.261730602966341053e+01,1.766335142460618215e+02,1.514139522949395200e+02,1.843769100656272997e+02
6.753807064922547454e+01,1.126525530928852845e+02,1.888232716565707676e+02,9.413452917342895887e+01,1.383464557045573997e+02,1.673591951353124330e+02,1.064095694182971386e+02,1.963674608525786596e+02,1.712319793740448972e+02,1.906070554604293932e+02
7.997504229875302428e+01,1.023053606564286042e+02,1.766431261693814747e+02,1.044507069886278572e+02,1.308549049758786964e+02,1.495651018244794557e+02,9.709200206981691395e+01,1.755637389627251821e+02,1.587830072978673002e+02,1.770972124686004747e+02
7.618108184667325133e+01,1.101194877142193604e+02,1.714173650538304798e+02,9.727356190984959028e+01,1.357853748166436958e+02,1.372559264523557374e+02,1.131653765200236705e+02,1.821919804719243245e+02,1.672868537048039457e+02,1.714264337172271837e+02
8.383332990141606444e+01,1.087669798845532227e+02,1.776720466112473957e+02,9.852633611863369367e+01,1.293140194529170799e+02,1.318574840349725434e+02,1.026143641828158763e+02,1.804146867749247747e+02,1.613036352733311674e+02,1.750751697768928636e+02
8.371528890760636443e+01,9.817212970201995859e+01,1.758550646697858326e+02,1.086740571559023323e+02,1.353542634957904625e+02,1.412504959327748963e+02,9.055141851888689075e+01,1.713084879723344045e+02,1.519600696304974576e+02,1.745120889892341722e+02
7.710577450724339599e+01,9.605019577984836587e+01,1.765544634556153767e+02,1.107747444436501922e+02,1.275545821787292766e+02,1.442664516193441102e+02,9.100262538181337391e+01,1.683437816110406118e+02,1.562131881455121061e+02,1.747790770878555406e+02
8.298099158735966796e+01,1.167883488500597764e+02,1.723468708937743656e+02,9.011370491986984632e+01,1.293315656894321251e+02,1.456876231057218263e+02,1.221072284339526561e+02,1.805625844207558828e+02,1.709022216240105649e+02,1.664171148886444200e+02
8.104656676979756469e+01,9.263735542838600168e+01,1.689770221804955952e+02,1.144817399085115852e+02,1.174767633342618751e+02,1.198546434862188050e+02,8.090101263509782825e+01,1.621679571178708272e+02,1.359505007604298612e+02,1.754148539056541551e+02
8.751961509915089721e+01,1.029958715776088525e+02,1.697146121060231678e+02,1.037087384760927620e+02,1.445999230259532737e+02,1.508353863579801271e+02,1.017638652084926036e+02,1.841140462365899282e+02,1.508834428826508542e+02,1.881550772537948717e+02
7.475260232420659179e+01,1.056182589197638322e+02,1.758305437659600727e+02,1.010849254280876579e+02,1.158147406691188621e+02,1.481930385453275392e+02,9.168508288847002063e+01,1.726600286123309331e+02,1.624215622285542509e+02,1.725501208057167162e+02
6.784913750024533385e+01,1.097282387727978517e+02,1.855209756886342518e+02,9.702947419142240904e+01,1.260467943662280845e+02,1.535814102513364503e+02,8.853905919776948963e+01,1.865682375934872823e+02,1.752804002205071470e+02,1.799756868531467546e+02
8.213063119383549804e+01,8.510025323574569711e+01,1.767044812535623066e+02,1.225457596034359398e+02,1.232442313545818138e+02,1.352014609796575257e+02,7.270142481313737903e+01,1.665762746539864736e+02,1.278623422721562406e+02,1.830565734257461656e+02
8.677345292301869506e+01,1.121476459020855714e+02,1.649973693286756031e+02,9.540292260056251905e+01,1.157589464896793174e+02,1.353547384364179322e+02,1.171288789867022899e+02,1.715890696850571828e+02,1.746812350491223356e+02,1.604012357344390978e+02
7.651202560992932433e+01,1.066795309597733308e+02,1.822060040926316731e+02,9.986928428714985273e+01,1.299639758580798912e+02,1.499337597710660646e+02,1.026615937708476451e+02,1.848313799706254201e+02,1.650290727952656766e+02,1.843650811960460771e+02
7.615381266208386535e+01,9.771870095675018320e+01,1.843440773581841938e+02,1.102099110782694282e+02,1.271645819061870384e+02,1.677745450062326142e+02,8.645298496471437488e+01,1.570500577297959524e+02,1.638271205166516324e+02,1.710844681610824694e+02
8.414496265383458251e+01,1.024671941885831643e+02,1.800661186372617237e+02,1.043752467260312500e+02,1.226851749533290672e+02,1.528974985105565736e+02,1.044576785920718578e+02,1.826262394693646627e+02,1.584241805413899442e+02,1.842162703027488817e+02
7.788896457882619018e+01,8.664178190772560129e+01,1.816691992973664753e+02,1.204500231445383491e+02,1.039307932966823387e+02,1.589715356750062654e+02,7.597067145095857654e+01,1.739556362834725576e+02,1.311519382635293027e+02,1.955730977406265367e+02
7.829678231509423370e+01,1.032699424142124940e+02,1.792010080611089222e+02,1.042807387114118995e+02,1.291570572966213035e+02,1.573276899082235047e+02,9.815818846808465992e+01,1.845920881387744146e+02,1.590557758251366636e+02,1.877451284279586901e+02
6.694197730751729125e+01,1.024035052025797654e+02,1.886657716726640217e+02,1.048021661341738167e+02,1.195859746748084831e+02,1.317329082114270875e+02,9.344048944698366199e+01,1.791495750454220968e+02,1.586008041987357160e+02,1.834496880521537889e+02
8.269134664567208404e+01,1.047881950104716111e+02,1.768519774174073689e+02,1.018542555794667663e+02,1.075316605383033561e+02,1.288840471131375978e+02,9.214546791301759754e+01,1.828109656778130727e+02,1.514080100098786374e+02,1.769326879133941759e+02
8.430606819720959777e+01,1.037041991317751695e+02,1.763778098320344441e+02,1.033888437226962509e+02,1.341580683255071449e+02,1.354180314762166688e+02,1.008245059608081249e+02,1.716411017981324392e+02,1.661397694984612485e+02,1.700965683212043871e+02
8.100147648187375182e+01,1.031757920721652795e+02,1.753539443110803120e+02,1.045497574955772819e+02,1.460185221546764183e+02,1.383878936392835328e+02,1.053659298776248363e+02,1.824121782687459188e+02,1.655887042323288938e+02,1.788661778321029772e+02
7.806738920541501159e+01,1.165199098998787690e+02,1.648885346745828144e+02,9.159895738964790723e+01,1.160886674636478233e+02,1.463610512239507386e+02,1.197904087661364940e+02,1.889931693431887822e+02,1.631261803398070356e+02,1.832370626082183946e+02
7.816023615034318084e+01,1.101125153714897920e+02,1.740284352397302143e+02,9.757411924010033033e+01,1.452619008386010933e+02,1.448732100648454377e+02,9.547720730887445484e+01,1.742996825781617360e+02,1.682932107785878202e+02,1.654306247582199205e+02
8.351665246518349761e+01,1.116330745333912660e+02,1.690262067412713520e+02,9.549900190537685774e+01,1.300158945435161399e+02,1.462476757390073487e+02,1.091228942035296825e+02,1.776674790886197286e+02,1.711358431318936368e+02,1.684257282962562670e+02
7.011067581208443755e+01,1.093649302983763505e+02,1.787572869455197804e+02,9.850983195012325666e+01,1.286476073676223564e+02,1.609112055224946687e+02,9.637254062877687488e+01,1.806456850972924428e+02,1.634060763457951566e+02,1.747220446219207872e+02
7.964607301386094207e+01,1.117003025228264619e+02,1.667628986930230610e+02,9.519100312894100568e+01,1.275682860427970695e+02,1.379346094352773378e+02,1.022741618512729076e+02,1.853817306366715627e+02,1.615235966930327436e+02,1.741634509911300768e+02
8.103741864891743774e+01,9.981742980723407754e+01,1.785219189321378224e+02,1.074604573101353111e+02,1.299773609453315544e+02,1.465779894215635011e+02,9.395901910053285633e+01,1.856668006387505727e+02,1.463649362662968656e+02,1.856007248511077989e+02
8.376027056606507415e+01,1.165380057955267716e+02,1.620918555950501911e+02,9.179471204435343168e+01,1.275754360669727134e+02,1.407349649889043519e+02,1.096461657343963054e+02,1.786553703901324468e+02,1.713821825275359174e+02,1.591586653342010607e+02
8.278498813541627044e+01,1.063029819840672303e+02,1.735591303353885166e+02,1.006417527944397392e+02,1.297208022588367271e+02,1.405114668829015443e+02,9.590712664114030872e+01,1.656290304866585927e+02,1.705770766476330778e+02,1.609608234514953722e+02
7.572984848948216552e+01,1.070163999015572358e+02,1.821318409537652485e+02,1.001749172509264412e+02,1.301148842537278938e+02,1.474236664993337342e+02,9.935495988117250477e+01,1.870431312528405385e+02,1.721069348791775724e+02,1.795423125376464952e+02
8.005747620793080443e+01,9.524203642849948892e+01,1.856285829042771809e+02,1.136728579402517738e+02,1.208553670757884788e+02,1.451749460322431275e+02,8.279422501312288318e+01,1.594205339160714345e+02,1.567321485767302534e+02,1.740632763852836717e+02
7.669388593764996642e+01,1.115199052656176377e+02,1.737156587635854237e+02,9.517477474367136381e+01,1.405146493130798149e+02,1.473127510172895143e+02,1.011591597257712749e+02,1.790225792732987600e+02,1.711280282328066846e+02,1.645970843186142076e+02
7.998614014716839904e+01,9.368305834774997720e+01,1.815953985249379627e+02,1.142126240432810249e+02,1.295474351757640648e+02,1.487632441145948121e+02,8.929493883834871326e+01,1.836510086861405568e+02,1.422907380202946683e+02,1.957845059385063280e+02
7.284200140865540618e+01,1.006487714165928651e+02,1.840363424813130848e+02,1.068366011530708732e+02,1.343225341477865982e+02,1.195917130333951661e+02,9.661748386012109790e+01,1.742255092767033773e+02,1.621559490004715940e+02,1.763616506209137071e+02
8.453570885987973327e+01,1.107326626891377259e+02,1.731359987353662007e+02,9.678421244030708692e+01,1.304245441669101524e+02,1.362431813699773500e+02,1.029553289173701671e+02,1.736211936232600408e+02,1.744570909181771299e+02,1.604547469963791002e+02
8.177977761657929534e+01,1.025870581979039002e+02,1.787357295548299305e+02,1.042307844609569969e+02,1.296907243245715904e+02,1.521656993252805421e+02,9.625681910501512561e+01,1.848903073874268728e+02,1.531529562214550992e+02,1.880486816515686144e+02
8.020605956049656982e+01,1.023430603260281373e+02,1.802266477143147938e+02,1.045433526039671364e+02,1.303086862379188346e+02,1.304207100493482301e+02,9.932318112836870228e+01,1.746308086422238546e+02,1.607772496381936094e+02,1.754432587375404466e+02
7.935495363207554931e+01,1.150249058047416497e+02,1.634742113446572773e+02,9.245493482058758161e+01,1.091868029945964622e+02,1.464558841211370179e+02,1.125104984997371105e+02,1.706158189085278707e+02,1.784885696510014554e+02,1.568499402155639757e+02
9.258018310399747008e+01,9.853066204135444650e+01,1.719274630939343922e+02,1.091450694203924598e+02,1.172160421723003196e+02,1.415559932214788148e+02,1.001508410333255199e+02,1.769149015453610616e+02,1.504282928744492551e+02,1.819806766857864488e+02
7.483127780290341491e+01,1.091790212804558564e+02,1.738145112788060658e+02,9.860109990095610044e+01,1.370222563260669517e+02,1.244478007180265138e+02,1.027547068356135753e+02,1.789088581410203176e+02,1.649193715790448209e+02,1.739187578906776537e+02
8.112941841812825317e+01,1.048807515019657899e+02,1.702725443338731282e+02,1.015879465640139045e+02,1.189077902549381065e+02,1.430903825981191346e+02,9.890769532905611072e+01,1.742874027696404653e+02,1.550351102689442655e+02,1.683223229398491014e+02
8.562718440623974914e+01,1.046111120695355226e+02,1.649590067362168782e+02,1.022646851763677063e+02,1.482746851855392265e+02,1.539269116146138856e+02,1.025865710435965923e+02,1.786030620840344625e+02,1.470909767190156003e+02,1.795095588912727465e+02
8.037528713079190368e+01,1.029610520715000916e+02,1.824729010557511799e+02,1.040550614595961036e+02,1.319087728375072288e+02,1.363244651181272218e+02,9.665099380003007923e+01,1.713149986472878652e+02,1.702844279745755216e+02,1.690142151465179552e+02
7.823617900939679259e+01,1.030523427093508531e+02,1.734297569786885731e+02,1.036344935149502220e+02,1.374904699438686180e+02,1.331347908598951051e+02,9.234635046707185779e+01,1.715609291699681478e+02,1.578172977605996152e+02,1.700371695508720506e+02
8.698139573665356750e+01,1.178445258254292298e+02,1.680175260400155537e+02,9.008640760188812635e+01,1.064675105029220390e+02,1.173166740161946962e+02,1.038868448196509746e+02,1.820975163188729482e+02,1.546663377026257535e+02,1.664590313782455553e+02
8.484361583026147002e+01,1.039293577635767747e+02,1.736408545469621174e+02,1.032061320841860237e+02,1.382286899947995948e+02,1.441079050523809144e+02,9.017076945887598072e+01,1.651541832593236165e+02,1.608913188019928953e+02,1.641100096454383959e+02
7.702967709334588164e+01,1.092440166885140229e+02,1.847224938368180744e+02,9.739223772292847059e+01,1.573950445169086265e+02,1.359381948632768342e+02,1.214536031244853405e+02,1.891504090038094716e+02,1.800348023513493558e+02,1.781293374051811327e+02
8.026979784699177856e+01,1.126162047201874543e+02,1.709178567027429096e+02,9.492905329173321149e+01,1.421280380302543449e+02,1.438777472002080628e+02,9.765589562641176258e+01,1.752346111145768361e+02,1.764974097350773832e+02,1.583416909923317064e+02
7.716221411557889098e+01,1.092631059626224328e+02,1.729987449144700520e+02,9.813040316855425260e+01,1.334100054615611839e+02,1.476876487953237245e+02,9.473867917643579517e+01,1.728991946187768178e+02,1.661026902536091825e+02,1.673579480399849047e+02
8.039362572165227050e+01,8.420802993719604501e+01,1.941554541086534016e+02,1.242494601905893745e+02,1.176657897943134117e+02,1.691242155057958314e+02,8.305626908527406727e+01,1.764785014447722631e+02,1.487102123240170499e+02,1.945735390832187761e+02
8.664661149712300414e+01,1.055147358590843965e+02,1.690514412319043629e+02,1.015839538127731743e+02,1.172060499006385612e+02,1.361797124964765260e+02,1.016776324866870311e+02,1.742151112464223104e+02,1.586933578590092679e+02,1.710539963593246569e+02
8.236942373247838134e+01,1.085127203876259614e+02,1.720956021046021931e+02,9.829719232773298643e+01,1.579529730790729332e+02,1.486680273038915345e+02,9.694474736438783680e+01,1.740979970303330617e+02,1.612860975304780027e+02,1.641192676772834886e+02
8.586388988824582214e+01,1.233837674969914247e+02,1.597973267530778401e+02,8.417869606619591138e+01,1.087918040567512321e+02,1.313612283987573335e+02,1.250458387492755321e+02,1.837377442625317769e+02,1.651984463373360654e+02,1.620381747832061876e+02
7.287623949380612487e+01,1.165127517396691132e+02,1.802576756572106831e+02,9.159711286431068800e+01,1.241699040645236778e+02,1.411238515002301881e+02,1.092375933288195995e+02,1.843699377086911397e+02,1.751817788968024274e+02,1.697872662892105211e+02
7.316288413139081115e+01,1.027667801791909028e+02,1.843451220040896885e+02,1.049260405451607170e+02,1.288593314403171348e+02,1.453629448039106080e+02,9.179746160493883167e+01,1.742187089231763082e+02,1.640583768973288556e+02,1.768360437502624620e+02
8.281139113040661925e+01,1.184377788791539956e+02,1.676786002015450947e+02,8.914738202100510023e+01,1.233631001824016380e+02,1.525451953632405946e+02,1.170086729286769298e+02,1.749470502939973073e+02,1.808998063841996213e+02,1.603449865927459825e+02
7.629196585746502990e+01,9.519081833605793008e+01,1.717996430491784565e+02,1.116162917614530983e+02,1.081802027934665489e+02,1.471580466849378297e+02,8.348215416656526600e+01,1.727224117425236898e+02,1.429072894195256254e+02,1.817915278424980272e+02
8.103608991237378234e+01,1.221770738178971101e+02,1.687862499003985874e+02,8.553999045496696851e+01,1.328360896819705772e+02,1.566969742400220582e+02,1.058010187505343822e+02,1.769752965179238515e+02,1.856367730537591001e+02,1.494108420362236131e+02
7.553940247030949706e+01,1.099817976245763589e+02,1.734645794426778309e+02,9.727155409758800886e+01,1.278392156922693061e+02,1.367734100443891236e+02,1.077290836332896617e+02,1.806443317887339788e+02,1.647717758754429838e+02,1.730038658132316698e+02
8.789003311129307860e+01,1.001737793499710847e+02,1.679196233248094074e+02,1.070676808804821434e+02,1.419467079752559471e+02,1.345116957647374818e+02,1.008052606938937572e+02,1.786048083809170919e+02,1.490616199562487623e+02,1.822393588175537218e+02
8.276884824069237823e+01,1.230045637602093507e+02,1.636859549080708973e+02,8.532989367848152540e+01,1.337949400955314445e+02,1.440347064954808900e+02,1.249300049899676708e+02,1.760374525991234975e+02,1.821782790461716672e+02,1.502269108047248949e+02
7.879606202276444549e+01,1.004305571133377839e+02,1.698208209966996662e+02,1.074816129208158912e+02,1.272570809239024925e+02,1.200851909739545533e+02,9.612985352264436756e+01,1.731639079955373006e+02,1.512910605708298704e+02,1.782474425782920946e+02
8.597497575016713256e+01,1.097834711486580659e+02,1.685105325823405735e+02,9.753417572384590528e+01,1.392866325193519401e+02,1.445694354397824952e+02,1.023787052987674144e+02,1.720792354551110463e+02,1.666022507289586088e+02,1.595208014001609911e+02
7.397729681463933105e+01,8.735653631036308298e+01,1.888759213780740254e+02,1.204881280661177101e+02,1.283556508535022544e+02,1.484470584613851258e+02,7.529676846252473865e+01,1.630350453910384374e+02,1.451446269193825742e+02,1.838269855727913011e+02
7.960024340482449645e+01,1.096491702312710572e+02,1.761984470432380192e+02,9.746000444894546888e+01,1.349000185841197776e+02,1.435853859407476136e+02,1.055161344765284923e+02,1.726622707453522878e+02,1.685164243320164701e+02,1.636649012913467516e+02
8.394763909311986083e+01,1.026181398371341515e+02,1.789820696806291096e+02,1.046124753356527748e+02,1.224337146097297477e+02,1.306806971950105378e+02,1.017760794519046215e+02,1.793946056869778829e+02,1.464003745952782651e+02,1.783421651472808946e+02
8.951917736263966674e+01,8.964712620918777475e+01,1.697504274045804493e+02,1.186789314747404518e+02,1.395969491118068504e+02,1.350592441780141542e+02,8.507487437711748157e+01,1.520985280034098821e+02,1.453264248410401365e+02,1.765697553505661119e+02
8.122096596689915771e+01,1.175142216796162415e+02,1.659629654681066029e+02,9.021753147249931715e+01,1.288425939792270469e+02,1.511653366608194062e+02,1.137269224880793956e+02,1.714326842036996084e+02,1.786415393689808866e+02,1.516257327546836962e+02
8.722700314255452270e+01,1.014608527982714463e+02,1.702353949641564839e+02,1.065018481910776558e+02,1.558322870248431968e+02,1.276666444165281007e+02,1.250728456138232616e+02,1.745573166218552785e+02,1.737860446015534421e+02,1.745866679897071947e+02
7.217286983164048308e+01,1.116252990180733491e+02,1.854872217571118824e+02,9.534351488953346632e+01,1.380594452732677269e+02,1.570116517467073152e+02,1.073187377213099865e+02,1.893359206524644094e+02,1.691693778375325223e+02,1.851148788680793871e+02
7.873429502578473205e+01,1.009268333429577638e+02,1.822039222812036030e+02,1.064508775249671402e+02,1.271108315104121971e+02,1.201962682230046937e+02,1.013357119320491222e+02,1.793591399100575643e+02,1.522117717901406309e+02,1.838528182854416002e+02
8.174168163569665069e+01,1.112447026858213235e+02,1.701745043193677418e+02,9.645554053788895033e+01,1.451724687927837181e+02,1.345387747211030671e+02,1.063521596549609569e+02,1.762383256164345937e+02,1.672746723780570051e+02,1.650511706223251451e+02
7.936513207884526366e+01,1.213952206412437249e+02,1.700508221929648869e+02,8.652973248069996259e+01,1.469074044340724754e+02,1.473546766860059449e+02,1.073764497696021465e+02,1.798498784807477193e+02,1.816675474086937925e+02,1.524660277118446459e+02
7.558004491062855834e+01,1.066736337060215760e+02,1.715498267059901707e+02,1.007701974064659538e+02,1.329877769166106987e+02,1.373520660621694276e+02,1.021601599215129283e+02,1.813425731268677907e+02,1.594232653716740629e+02,1.787597101082565416e+02
8.677700291605687255e+01,9.240595160071876535e+01,1.684083448445180409e+02,1.142833801210474434e+02,1.273370151036853599e+02,1.444106120688489625e+02,8.380703536258729969e+01,1.665329801795039373e+02,1.404661949316201230e+02,1.758722581913234819e+02
8.734602458806729430e+01,9.535632124190357217e+01,1.761382728909829609e+02,1.127355320752214851e+02,1.404436324202890205e+02,1.464404831749967286e+02,9.941399703012498890e+01,1.738846314159188466e+02,1.428371375540432950e+02,1.797859213700058092e+02
8.764115636082387084e+01,1.126269940698626328e+02,1.760176266526559345e+02,9.439864838873857877e+01,1.523097141200179863e+02,1.461772667092851350e+02,1.157938162742713359e+02,1.863213881459984975e+02,1.792466964164910337e+02,1.740795678248169054e+02
8.395112098785138244e+01,8.844509623591926584e+01,1.773518665527680866e+02,1.192361232042860451e+02,1.309555741959686088e+02,1.418077333194783876e+02,8.180045617209466968e+01,1.568078744021210866e+02,1.513245365360913297e+02,1.729965200176002611e+02
7.282796356113648528e+01,1.046647869760277558e+02,1.767216025685647480e+02,1.031815885827493133e+02,1.384438035713012027e+02,1.362757065517476747e+02,9.495697519765886341e+01,1.817655032482896047e+02,1.448815454879937192e+02,1.865614101042511095e+02
6.817512623997426147e+01,1.037914243752243806e+02,1.793580629324296467e+02,1.035265816674184265e+02,1.202979769521827507e+02,1.618223713261655519e+02,9.004983637319597278e+01,1.810469128397259908e+02,1.555826166609463712e+02,1.818995686521293749e+02
8.416942085357403869e+01,1.068077797556402970e+02,1.720662053918221943e+02,1.003749982342671814e+02,1.356018271857375908e+02,1.380447234136632630e+02,9.541272596107515369e+01,1.695201063957963186e+02,1.688749966958699247e+02,1.634441633572342027e+02
7.682577280731892699e+01,1.082667001748564530e+02,1.670940372144559376e+02,9.819405819481129072e+01,1.417364913338298607e+02,1.467661926073602388e+02,1.011488256214717296e+02,1.794768864122185903e+02,1.554891582468686124e+02,1.735728663553955187e+02
8.575096388192868346e+01,1.039318292776229669e+02,1.781389840339997761e+02,1.040216559619259300e+02,1.329488028401012230e+02,1.396901961786321351e+02,9.828890699730905567e+01,1.697247491386685567e+02,1.662063427308735868e+02,1.706515478839637865e+02
6.546636869044995422e+01,1.051075089240553666e+02,1.874385267888883106e+02,1.026685443670105400e+02,1.332988529318446922e+02,1.042796143216661164e+02,9.712898627506288562e+01,1.776718134489808278e+02,1.651444889048275968e+02,1.769306087841751207e+02
8.339634029598927611e+01,8.604869536702659616e+01,1.777277801429608814e+02,1.208324849010061683e+02,1.354633888715381431e+02,1.382975360972455690e+02,8.515667245374712024e+01,1.631883652416024404e+02,1.385441696683106443e+02,1.833480955710174669e+02
9.524741469355321044e+01,8.457103643958595285e+01,1.735816247856000416e+02,1.238587264866184654e+02,1.026853643768901634e+02,1.310374672336152742e+02,8.033437869535478626e+01,1.558804892209325033e+02,1.244492512384591123e+02,1.798889596810104479e+02
8.248152090640759582e+01,1.146387386137726594e+02,1.717754150723794453e+02,9.300272509461159132e+01,1.292146980279559898e+02,1.338757464808992097e+02,9.996628484712633167e+01,1.721555886772427755e+02,1.798039958069262525e+02,1.563921104421379198e+02
7.939911828966832275e+01,1.082410688066962052e+02,1.748418715094903462e+02,9.852229227131122968e+01,1.201878037714834022e+02,1.457425378782323548e+02,1.045313861130336193e+02,1.679979081508670049e+02,1.714195708671746274e+02,1.617895514716865648e+02
6.695968715878224486e+01,1.131163392180683900e+02,1.889194513654092304e+02,9.437866650527233503e+01,1.573315574043865013e+02,1.353973619265130708e+02,1.200261980055430797e+02,1.898469113317284780e+02,1.824994113186535856e+02,1.793467221607925524e+02
8.002064894171452636e+01,9.197048739736106882e+01,1.790320012217143528e+02,1.150469921380829277e+02,1.286359816455716896e+02,1.609170783383420655e+02,7.721395978914293323e+01,1.827378756013665395e+02,1.376773836950001737e+02,1.932225882758857836e+02
8.331826289029812926e+01,8.681109181438711175e+01,1.762448537444451802e+02,1.205297720730852546e+02,1.071925305092210579e+02,1.403214598519376466e+02,7.106423315988573108e+01,1.530410025176558690e+02,1.457797568777737638e+02,1.784462797989608873e+02
7.795858024092412109e+01,1.204858380967858125e+02,1.644991619681695454e+02,8.809677353506798170e+01,1.425743033403034019e+02,1.416167586667112062e+02,1.084013987241843608e+02,1.783729977813515859e+02,1.762106798926529905e+02,1.517219049086334337e+02
7.461418600412106628e+01,1.148355672771218110e+02,1.702472584938386433e+02,9.207377758627647779e+01,1.260517786854381370e+02,1.515496589762738893e+02,1.038922741769412426e+02,1.827894866374287801e+02,1.718189234772858640e+02,1.699232643594505419e+02
7.528128115864491576e+01,9.757065848653343210e+01,1.884416236376145832e+02,1.098641158044886055e+02,1.313766580337161827e+02,1.512961172086766908e+02,9.073363552080186878e+01,1.802892327514443593e+02,1.534347264805970212e+02,1.858039703716995348e+02
8.069937060805058593e+01,9.250939644520309457e+01,1.808262819146493428e+02,1.153680973947596016e+02,1.307846724802131462e+02,1.653425888044408509e+02,7.243805623637231861e+01,1.682401869502816396e+02,1.392132187524971982e+02,1.836767573704483141e+02
8.210845522614216918e+01,9.870195632820156106e+01,1.712757452225068562e+02,1.087896157652687492e+02,1.352449588888759422e+02,1.520155529601148316e+02,8.777958664880785022e+01,1.652737839129719930e+02,1.526663011798796674e+02,1.706025762905838121e+02
7.388123858006692046e+01,1.142939659768822480e+02,1.772210502123216145e+02,9.256781696533674619e+01,1.220640170687312889e+02,1.099754440409711549e+02,9.921888021217378650e+01,1.732737459150109487e+02,1.765216019341883680e+02,1.539167265047790636e+02
9.075410488279557342e+01,8.643757894282367715e+01,1.798605446314195149e+02,1.219830053002190056e+02,1.319942410701389122e+02,1.410734578592351625e+02,7.139134061919244800e+01,1.493915050235543447e+02,1.416678195933041593e+02,1.728471670498611559e+02
8.384312954576707000e+01,1.122222831064942170e+02,1.648172510361054890e+02,9.529618747537845991e+01,1.250974580758685875e+02,1.233731645566991517e+02,1.112853096781829265e+02,1.863665333894047933e+02,1.556508121231732389e+02,1.800465375532867540e+02
8.672286112638211364e+01,1.006281408632281114e+02,1.725190239941457264e+02,1.066467555761885109e+02,1.382659809255475807e+02,1.360964428407720277e+02,9.417966688262018238e+01,1.684733144250664907e+02,1.531318822244343778e+02,1.722257300367118944e+02
8.201008497210240478e+01,1.069720098340990830e+02,1.661218048428872578e+02,9.981516627972835920e+01,1.539527204149837303e+02,1.295369258744291017e+02,1.191206624864200023e+02,1.785015747156892019e+02,1.703231487313447019e+02,1.711172802200080980e+02
7.925563092561459655e+01,1.054446360284569550e+02,1.811719477867463581e+02,1.019061684012960853e+02,1.196049977952117729e+02,1.555423687321714112e+02,1.038955281137088207e+02,1.785760746207986074e+02,1.696084788182911893e+02,1.801248460163833727e+02
9.467872385712361449e+01,1.117321720982077409e+02,1.650593174790719502e+02,9.541633868222946546e+01,1.472485996746892738e+02,1.295247187835744569e+02,1.202280698774913219e+02,1.813016750124249654e+02,1.723203836420712491e+02,1.707083657135727037e+02
7.589651984008050079e+01,9.723539043610122690e+01,1.827449981366971485e+02,1.095034858286928596e+02,1.197557340675468254e+02,1.505307413560918519e+02,9.551150134788545643e+01,1.834964666870389181e+02,1.486592190602955839e+02,1.895729544510604967e+02
8.169367818566060180e+01,1.309717292452338029e+02,1.618873415386060231e+02,7.730894188588375471e+01,1.292224427574748802e+02,1.564220295769742677e+02,1.295685285090068248e+02,1.838535187748227315e+02,1.960175714532074949e+02,1.487932784905197252e+02
8.070831030638909454e+01,9.720101610963371286e+01,1.907916590964177601e+02,1.111450419724535408e+02,1.314563827031726646e+02,1.604675010664037416e+02,7.747817633138689075e+01,1.664136872199330526e+02,1.671352065840897581e+02,1.772142591228248705e+02
7.074648235769963378e+01,1.089755591267826844e+02,1.782699053978303425e+02,9.831034186487907789e+01,1.299781025165195274e+02,1.325519759280255983e+02,9.986372152553590809e+01,1.804437600580010610e+02,1.655369772354302427e+02,1.754859451403381456e+02
9.391721685262417907e+01,9.790879706685569772e+01,1.711432232653478138e+02,1.092609198540996971e+02,1.018219907098884391e+02,1.352187688571981141e+02,9.633801654563936268e+01,1.688299299386296468e+02,1.443113609591660520e+02,1.810413902749778856e+02
8.052110071511960143e+01,1.016442592555764008e+02,1.745281728004792683e+02,1.053751012087416115e+02,1.328267707341785240e+02,1.422382024449876496e+02,8.644920722232851062e+01,1.702735405770096975e+02,1.681607842484650632e+02,1.689787960400344957e+02
8.315571413965916747e+01,9.067383040879991540e+01,1.756074457859376423e+02,1.167373640612315597e+02,1.248570713513965416e+02,1.455049828512242982e+02,8.758675078140291248e+01,1.852830897775445180e+02,1.396377941111264249e+02,1.978877941717865099e+02
8.925358627768254394e+01,8.628141916935470590e+01,1.839271581416705601e+02,1.223082725704264107e+02,1.114417615049953270e+02,1.428602920991948793e+02,7.718109721528085743e+01,1.760600778070244985e+02,1.278275122979817411e+02,1.934067615618469347e+02
7.735054616661763305e+01,1.099055833334210206e+02,1.748378968631604664e+02,9.666273644572014234e+01,1.477328230851764488e+02,1.492665251714757630e+02,1.082157564519503978e+02,1.821246323791299062e+02,1.704473493138489744e+02,1.726555501570465196e+02
7.273084224792218322e+01,1.182558402532818604e+02,1.840063476657250874e+02,8.821337588136906049e+01,1.408845029586429405e+02,1.418467250687650392e+02,1.210010980723956493e+02,1.925246438589844900e+02,1.841024220327076932e+02,1.736863404860260118e+02
8.501265610786175841e+01,1.063619443887951661e+02,1.747918341850617878e+02,1.004569400549482765e+02,1.223151196354503440e+02,1.331137162072232911e+02,1.034040441273311046e+02,1.712185962405953603e+02,1.642262136379418394e+02,1.682139003624679674e+02
8.285853172870373839e+01,1.047721935475352097e+02,1.746391497647145741e+02,1.021890323013615074e+02,1.359858991914863395e+02,1.508869723302892396e+02,9.092191812978776966e+01,1.680980634299073415e+02,1.687167216578660032e+02,1.661734485974075426e+02
8.651042766900754089e+01,1.153018699998143006e+02,1.633701057528832905e+02,9.235207790141815565e+01,1.532775598877544212e+02,1.358806500358155915e+02,1.174964596389392284e+02,1.735741393473897176e+02,1.731564159134564420e+02,1.547006094207527269e+02
7.655819033117985839e+01,9.260455601309564599e+01,1.788131686692813389e+02,1.141375161111902656e+02,1.336351386608059215e+02,1.411918988449147889e+02,8.817169085727724109e+01,1.710918227788958745e+02,1.479303574601349851e+02,1.824029541959526171e+02
8.434694503279423827e+01,1.125917337725045968e+02,1.666605207418778889e+02,9.557080194359535597e+01,1.314383623713130760e+02,1.300785562021306703e+02,1.057621703504184154e+02,1.723599159923348623e+02,1.743632273713288328e+02,1.584220178475143541e+02
9.196955569120144958e+01,1.064214176947357942e+02,1.633147811388352864e+02,1.007859865129541816e+02,1.330405109935874748e+02,1.292009648305944154e+02,9.972960219369920765e+01,1.678501925972256856e+02,1.490600971320805570e+02,1.649526319851638902e+02
9.302336679430699462e+01,9.578253864889171609e+01,1.662474069690087788e+02,1.111402305514168205e+02,1.437535201424236107e+02,1.469899928791097352e+02,8.140687785135301624e+01,1.636023470667157369e+02,1.432212793568310758e+02,1.723944281091453661e+02
7.127694080801701659e+01,1.138359498197319795e+02,1.714438791071752064e+02,9.366837510472053907e+01,1.369117228203887748e+02,1.420297234279683778e+02,9.164772919403108631e+01,1.738236902561936574e+02,1.722254018524823209e+02,1.566054407706024278e+02
7.614248715372777099e+01,1.145999944919827271e+02,1.702085787152627461e+02,9.310689376300091169e+01,1.339035656565303611e+02,1.488201014620832154e+02,1.099068772553065685e+02,1.834472408053431707e+02,1.662921386102376005e+02,1.693381157269241442e+02
8.451185242863392943e+01,1.189735346103194047e+02,1.741598838066438191e+02,8.795541822170729063e+01,1.407984417194003868e+02,1.469524499995282838e+02,1.171447496174434093e+02,1.815457435754094320e+02,1.814123795965847989e+02,1.610395326366188158e+02
7.591035237940049285e+01,1.078397284561875153e+02,1.765237596725800984e+02,9.882017656421179197e+01,1.268436517493302631e+02,1.408051384312680909e+02,9.193376139389070545e+01,1.730076755491051870e+02,1.721081746855912229e+02,1.648761203636886705e+02
8.058153788777089233e+01,1.076002982074501801e+02,1.800808213596919529e+02,9.953741346305126569e+01,1.302879969590778160e+02,1.588445998055509278e+02,1.045863371847728160e+02,1.842410306689295965e+02,1.581289486626324674e+02,1.833115095844032396e+02
7.705867506595349425e+01,1.084080559576037217e+02,1.803387824987748616e+02,9.861966631566996000e+01,1.253677006178970146e+02,1.465868813020757386e+02,1.048160363195994762e+02,1.838649724778685766e+02,1.628803004214701673e+02,1.789151491572620500e+02
8.256636957855916137e+01,1.002440836468818475e+02,1.784779751544574253e+02,1.072595901191782417e+02,1.279497114086026954e+02,1.430912628991178224e+02,9.767182759033235584e+01,1.795188169685158925e+02,1.505689967611966154e+02,1.845119706740142931e+02
8.050910767944550628e+01,1.102601576412203599e+02,1.795263788049796574e+02,9.698362465208286665e+01,1.433047988527889061e+02,1.461141035182050416e+02,1.085406497477153209e+02,1.801010657754693227e+02,1.730627889970479032e+02,1.710774172892334093e+02
8.873278698356843108e+01,1.076759919935944367e+02,1.720145159160474293e+02,9.892392198746914289e+01,1.447495926731700706e+02,1.497220841867498109e+02,1.027289979516127971e+02,1.715861193743500905e+02,1.603914600053963682e+02,1.685683305611374010e+02
7.193912003966069335e+01,1.181832058692457963e+02,1.741059243773797505e+02,9.059094551211113355e+01,1.473377167099590110e+02,1.587100261075071046e+02,1.196302866099933055e+02,1.864551499095711904e+02,1.723559792230067274e+02,1.715753080000640978e+02
8.340364541145062560e+01,9.945836278443363199e+01,1.732663981711247914e+02,1.080687527508091392e+02,1.170623249822730827e+02,1.577263062221578309e+02,1.011259091256717113e+02,1.777311696615967946e+02,1.569790566006836912e+02,1.815309138049842943e+02
7.592865058811402434e+01,1.001085634196284104e+02,1.836402308737615101e+02,1.071045200974296989e+02,1.153063734882945823e+02,1.499795775932840058e+02,8.899987242208513294e+01,1.801880820897374349e+02,1.573516320625481626e+02,1.843073742141487230e+02
7.337325637074208373e+01,9.989093713854578027e+01,1.791635850166657917e+02,1.074873686805915298e+02,1.144595846646899986e+02,1.526436282617620179e+02,8.656738588796648060e+01,1.642535330262932973e+02,1.659039849678216001e+02,1.714589536537887682e+02
8.384293685885167235e+01,1.041161851847651292e+02,1.709705569242814533e+02,1.025534966663073959e+02,1.283879739159221458e+02,1.344697689039281556e+02,1.020611738322833446e+02,1.822215067652020650e+02,1.499412070552048704e+02,1.850480480541946520e+02
8.338796122403836364e+01,1.000852373803141404e+02,1.803487141227105610e+02,1.067760115042876663e+02,1.259982464426631736e+02,1.511692719680837342e+02,9.204659084068330799e+01,1.673688189891133504e+02,1.573526324371037504e+02,1.762880969991447557e+02
7.210352937908864135e+01,9.978957505171325693e+01,1.812263980602601521e+02,1.079236585498403969e+02,1.160736504906291771e+02,1.628774275404981324e+02,8.861806145893129383e+01,1.816557032969746786e+02,1.594683246055779478e+02,1.866376424779655565e+02
8.045781554313397521e+01,9.979075652008083352e+01,1.753145944570878498e+02,1.075730560273479881e+02,1.267501811498279380e+02,1.356617083174756715e+02,9.153889015899690662e+01,1.700808017906699376e+02,1.541299326757130643e+02,1.765978791465522875e+02
7.703523823650574798e+01,1.011869856977942277e+02,1.787260520254949085e+02,1.059004147947382393e+02,1.271721810215587425e+02,1.428050481600335786e+02,9.156240931736024891e+01,1.771922648158822255e+02,1.546583770403800031e+02,1.808941590537788500e+02
8.538133142920231933e+01,9.750271895920064935e+01,1.771103468334058277e+02,1.095840250850271644e+02,1.298050996774310875e+02,1.434516514164975831e+02,8.777475634799989734e+01,1.745978855696473317e+02,1.470996412227091810e+02,1.814794359555008043e+02
7.563744498820996398e+01,1.094851199353220750e+02,1.821063501631597035e+02,9.718286985164398573e+01,1.407752520853156852e+02,1.541568111402562806e+02,1.110072782395938304e+02,1.891662375536713796e+02,1.647774277666745206e+02,1.819225833763839830e+02
7.938779197664952392e+01,9.995529356991079339e+01,1.764315805827954762e+02,1.069266980663489761e+02,1.420357689337308216e+02,1.387225080949834535e+02,8.632767347084077869e+01,1.683230855968747335e+02,1.612459923962292692e+02,1.695064186801673998e+02
9.257250888677334899e+01,8.779829720799949655e+01,1.662808009480813496e+02,1.194247694612097206e+02,9.597931046425054546e+01,1.410740807873777101e+02,7.867378047691377674e+01,1.558116366174969869e+02,1.388231361845669767e+02,1.786003612925769914e+02
7.946676673026776427e+01,1.176639080831888009e+02,1.701310838555673115e+02,8.979931110149139784e+01,1.309988302254552650e+02,1.376810265404752442e+02,1.042930039821723369e+02,1.719118158427033620e+02,1.790206082055506727e+02,1.506451075424911608e+02
6.718705199690556640e+01,9.862803825383213052e+01,1.943182672356942646e+02,1.083416225836228790e+02,1.239251193219299125e+02,1.329567200166753480e+02,8.608683154569658313e+01,1.767613783237490850e+02,1.634125595132050535e+02,1.808410618057014574e+02
7.330342145295834655e+01,1.042019861603262711e+02,1.859713592922070973e+02,1.031099894792389335e+02,1.319372335189456749e+02,1.454067508203557679e+02,1.009968513010600475e+02,1.870559677985463338e+02,1.585213578680691739e+02,1.845180983891250719e+02
6.982290659876561278e+01,1.069304815942528535e+02,1.834950260018685810e+02,9.971209478383774183e+01,1.216778122895831871e+02,1.415719270927480409e+02,9.756604520069154773e+01,1.785486858692918020e+02,1.613850298265156766e+02,1.747851606359245409e+02
7.799161587687230224e+01,9.393833048288848886e+01,1.756629350876191609e+02,1.125691260994028511e+02,1.092154884451503563e+02,1.548573077542356202e+02,8.854852411733659778e+01,1.720287536439452367e+02,1.487545084694561979e+02,1.819974465718032945e+02
8.421402464838719482e+01,1.060412277693035890e+02,1.750063882266858570e+02,1.003160844147753181e+02,1.265316700154418754e+02,1.411372049076131532e+02,9.856927994476350818e+01,1.721764594522271352e+02,1.744708094338116666e+02,1.674061859001876940e+02
8.938095091315007323e+01,1.042601194197418977e+02,1.693655719255784504e+02,1.036933999211143913e+02,1.181615029984588432e+02,1.239132300240567872e+02,9.787480596290620838e+01,1.752589628902230459e+02,1.515185428748068830e+02,1.724093765964271654e+02
7.809383785756325835e+01,1.129774982595923234e+02,1.780187671130279057e+02,9.357921923702473066e+01,1.216783644670123863e+02,1.563448401910833070e+02,1.159553085921862987e+02,1.818924309817109304e+02,1.737484382430253049e+02,1.761209365477325548e+02
7.661730244787430877e+01,1.112644883955004502e+02,1.757540771459916584e+02,9.573230093723053358e+01,1.332818600350494194e+02,1.509358579141668031e+02,1.064955593703845409e+02,1.804239994493279653e+02,1.695385829249558469e+02,1.678875257720710863e+02
7.878630594940877074e+01,1.042635662520411302e+02,1.797407115494588368e+02,1.029758706838440361e+02,1.151615246051425743e+02,1.413818987233213136e+02,9.386348608718904529e+01,1.753571247664246755e+02,1.655312239417967817e+02,1.756945551981689562e+02
8.899907681377625579e+01,1.093558434361698914e+02,1.743251735066750996e+02,9.748796205228084943e+01,1.229939934128398704e+02,1.391518059892228791e+02,1.137402917502978710e+02,1.784508274999413686e+02,1.711233916321930906e+02,1.672133561720611681e+02
8.146306048365330810e+01,1.074589731210949708e+02,1.717960777973512165e+02,9.966709186142200849e+01,1.297383862846965599e+02,1.423914047104886720e+02,1.062284651158908275e+02,1.837812866029296117e+02,1.626119816938576719e+02,1.796375141491653551e+02
8.319898740978932494e+01,9.407946841065910348e+01,1.797609048282483570e+02,1.138569110930513801e+02,1.208880738133067894e+02,1.491736631614736268e+02,8.364642206417116199e+01,1.657781420853886800e+02,1.498255857268509885e+02,1.794370868553878893e+02
7.249735999139046783e+01,1.055700715446951676e+02,1.791766533350327961e+02,1.015477507860016289e+02,1.338592255228633690e+02,1.454147964341214845e+02,8.592921451316865955e+01,1.771521473732743459e+02,1.665438358226952573e+02,1.699243061890365709e+02
8.526695458622670287e+01,9.625658802335289010e+01,1.751745065247395985e+02,1.112873524725984993e+02,1.289376642370099830e+02,1.381094557864240358e+02,9.421458796249422107e+01,1.681787193027291494e+02,1.528247594574627897e+02,1.792438741674186815e+02
7.971304242344594115e+01,9.196095117573764810e+01,1.800144429897645466e+02,1.152665632367681923e+02,1.181575646513576316e+02,1.408446566683820436e+02,9.419174209819826160e+01,1.626159512606415944e+02,1.461389069894490262e+02,1.861022777905227770e+02
7.309960405560231322e+01,1.015821141416313935e+02,1.801032158529141896e+02,1.055713466108393135e+02,1.214091833793992805e+02,1.390626914722493837e+02,9.204677069769891773e+01,1.809192190674100118e+02,1.495206915775475522e+02,1.846075885643722643e+02
8.428841514917111510e+01,9.473449457829025278e+01,1.766732373034337513e+02,1.120625453889917793e+02,1.470859416538352775e+02,1.359830383581689546e+02,9.555251339660676990e+01,1.688521014806781011e+02,1.621400430539784452e+02,1.790990207245113481e+02
8.384124434025979156e+01,1.030010484868767549e+02,1.734315319752076618e+02,1.043124650121282997e+02,1.397848743313426780e+02,1.434761818272641847e+02,8.911802605377229725e+01,1.678487958517823415e+02,1.634932131210503599e+02,1.674657919754745592e+02
8.265331615539288634e+01,9.834961180036094675e+01,1.716697881614545338e+02,1.088299621940206947e+02,1.271001338475818443e+02,1.448999142272046754e+02,9.107709459053072010e+01,1.777832850125584798e+02,1.487971822956738492e+02,1.818045129825832475e+02
8.283913026781773681e+01,1.145661321247103501e+02,1.740758509730676167e+02,9.233618125324959180e+01,1.528428157085056114e+02,1.315174899918607423e+02,1.229499619959453014e+02,1.868036190477166372e+02,1.788175265530285856e+02,1.732289529194595445e+02
8.430622182818150634e+01,1.172816213632109452e+02,1.615337983762601368e+02,9.088981547212118528e+01,1.019655341023082542e+02,1.346933213395646760e+02,1.159462599514583019e+02,1.824509704616818624e+02,1.669992522934613248e+02,1.656028797378303636e+02
7.979130862684941405e+01,1.129688624853375245e+02,1.701940212940553181e+02,9.524725827580208204e+01,1.354078479522342491e+02,1.397385755402616212e+02,1.012591143010714916e+02,1.719501678702388006e+02,1.736446726957497617e+02,1.580803816666366686e+02
7.690707644851899261e+01,1.095421935284617234e+02,1.725495165383199208e+02,9.711175331478828809e+01,1.367287994885320472e+02,1.342294847590497682e+02,1.045170243142703441e+02,1.768971612063203054e+02,1.604405759314236661e+02,1.688912406315567125e+02
8.173447619410252685e+01,1.160848460013153840e+02,1.685769482647756092e+02,9.234078922873253248e+01,1.337024915331477928e+02,1.394183464867643067e+02,1.158748467324832347e+02,1.814643368926797109e+02,1.684287414739069959e+02,1.660083711495163072e+02
7.850767992468571776e+01,9.915776241962936410e+01,1.815570440387109272e+02,1.077680509388994636e+02,1.223607133740062523e+02,1.409806586725286195e+02,9.450660351501497303e+01,1.798204840627465444e+02,1.577108559349713346e+02,1.852199493398429979e+02
8.894591255517697448e+01,9.788264906053569803e+01,1.676011737381795399e+02,1.095835406184744301e+02,9.153981084762762066e+01,1.322505103570989320e+02,8.815525541292223011e+01,1.670347991791520315e+02,1.428877951244053861e+02,1.786114974369766344e+02
7.826710142226910705e+01,1.139305968547346879e+02,1.652959783470014088e+02,9.473129066830391309e+01,1.484092968815440940e+02,1.418257781488469789e+02,1.176981513260463146e+02,1.860297151115689473e+02,1.690704855660138151e+02,1.763956585576297869e+02
8.064088450403905028e+01,1.077656828129771043e+02,1.832215267514565937e+02,9.953870318835491560e+01,1.319129425400371360e+02,1.432349744064382264e+02,1.052482893823245433e+02,1.787454703059945302e+02,1.729564082363781949e+02,1.685996913065673937e+02
7.740812845559811706e+01,9.448889849727180490e+01,1.867374581789353840e+02,1.126691476256203117e+02,1.260579977446670341e+02,1.379818202478460023e+02,8.850709626661333118e+01,1.774819617775235372e+02,1.483847890833554288e+02,1.874079402436973680e+02
8.540910139711594695e+01,9.729012737815406808e+01,1.769639014994481556e+02,1.102295460999559822e+02,1.105557284766311454e+02,1.427955264670423219e+02,9.492521682964357410e+01,1.777242423799786764e+02,1.447675365099844953e+02,1.857522161354782213e+02
8.919024463029599303e+01,1.077438215131047059e+02,1.690643015300611012e+02,9.883509194856399915e+01,1.123569597416991996e+02,1.415874994022420594e+02,1.123411040066340831e+02,1.733848307636532979e+02,1.781243251601395627e+02,1.667851536025764574e+02
9.420504973860478515e+01,1.059812554234745789e+02,1.680987096821645252e+02,1.011087371707510414e+02,1.073505361491317558e+02,1.278058610183767030e+02,1.097173703073123363e+02,1.795311922785792547e+02,1.545414570907292386e+02,1.782507155885460008e+02
7.543051703305935973e+01,1.062460684592011262e+02,1.722401057874539845e+02,1.004885981977533760e+02,1.227627597862357902e+02,1.386467012686303804e+02,9.566197392927202259e+01,1.752886794117245870e+02,1.586018905082879087e+02,1.733458260049583544e+02
7.622101293535924071e+01,1.169407062346222688e+02,1.736304033493379109e+02,9.137754301732296369e+01,1.341713461989040184e+02,1.416045832259229371e+02,1.101055118201831249e+02,1.789814703074250417e+02,1.741150366852221509e+02,1.615880902161361803e+02
7.891481547089314574e+01,1.096022905374052812e+02,1.786541940664628498e+02,9.811889845138306043e+01,1.215158115142459678e+02,1.574936952216199586e+02,1.083977675794223217e+02,1.840049658325467306e+02,1.661647910216984769e+02,1.806580421676399340e+02
8.269538988204693908e+01,1.086118402296784211e+02,1.728512590622285359e+02,9.835101177548880003e+01,1.277037944906825828e+02,1.441779584509900758e+02,1.012388142703631786e+02,1.732554456797394948e+02,1.692904419640240690e+02,1.645593936791183580e+02
9.504389098318314666e+01,9.227074519192007074e+01,1.682730285620072834e+02,1.156107524559449615e+02,1.492841606253261375e+02,1.358179723841718385e+02,8.354267123924287830e+01,1.536508550402674871e+02,1.462726641932663938e+02,1.708223647823097338e+02
8.479806022377705688e+01,1.057848055923464585e+02,1.799000840579846852e+02,1.012114145011257591e+02,1.347483843082065391e+02,1.500093275529912660e+02,1.040604333339789775e+02,1.810838816669736104e+02,1.656866542140183469e+02,1.764742953529121507e+02
7.770887039633488769e+01,9.213564537112739572e+01,1.814188445156196110e+02,1.154598642290186348e+02,1.286784222835178184e+02,1.449744994265607545e+02,8.502898282395395313e+01,1.716807442215237813e+02,1.442503888348279020e+02,1.862457580914260973e+02
7.621442142160630340e+01,1.134752942660930444e+02,1.746575622057298176e+02,9.424431770300382993e+01,1.160640880280608940e+02,1.214397959334424684e+02,1.038811722754100231e+02,1.802142946031842428e+02,1.591265705565152189e+02,1.733495019724132646e+02
7.489943249555325622e+01,1.103835538143399049e+02,1.732247629409411900e+02,9.746712165331358335e+01,1.284445886129016685e+02,1.563504870755246827e+02,9.775654918538126026e+01,1.766279175487313466e+02,1.706224705318150541e+02,1.682640650620224108e+02
8.951276789637303466e+01,8.215707973783042917e+01,1.736219452118257038e+02,1.252483118177008095e+02,1.566296985858554649e+02,1.311028718573621461e+02,8.947773960815462146e+01,1.591586518195424276e+02,1.355977338591752073e+02,1.881428242077591051e+02
8.065290640326237792e+01,1.055369742477419663e+02,1.695890646075585835e+02,1.018923046291422310e+02,1.261873992794627952e+02,1.470263571364453981e+02,9.987843826995882068e+01,1.768408412245068746e+02,1.575714772680935880e+02,1.740907361259224047e+02
7.797408376665806884e+01,1.003827358597996522e+02,1.739795668517926686e+02,1.066055981815409126e+02,9.452210451303670879e+01,1.220056923253110597e+02,8.423201105581316028e+01,1.829372654763016897e+02,1.398007857540783903e+02,1.871554167618515123e+02
7.917302827568745727e+01,1.118157289737942506e+02,1.685184227322915547e+02,9.538079681998009107e+01,1.220218780451888847e+02,1.491604210955671022e+02,1.097663298009494213e+02,1.811934722569737630e+02,1.684596469590601941e+02,1.699615459193946947e+02
7.576245497198796386e+01,1.054015073591950227e+02,1.782810062264779560e+02,1.020414918512653770e+02,1.327898621672267723e+02,1.383806944710782716e+02,8.922754207836183582e+01,1.646615422275815206e+02,1.695280335882840177e+02,1.627568919410469164e+02
7.810922606321072692e+01,1.002762121969940949e+02,1.850897341763356678e+02,1.075587649047922554e+02,1.485538627618427086e+02,1.452601362390092561e+02,1.039469829557994274e+02,1.913975360301289754e+02,1.585464267769989988e+02,1.907643840064766039e+02
8.333300220998025054e+01,1.036693429464581300e+02,1.737150400673726551e+02,1.032704574019264641e+02,1.323883583658809471e+02,1.341988031489423463e+02,1.036527745483973888e+02,1.749093731251511770e+02,1.576532712916073820e+02,1.758062611570121874e+02
8.659360682996010894e+01,1.114741828555348206e+02,1.691739522313455097e+02,9.519382826989406965e+01,1.464796876424426841e+02,1.514245768410733888e+02,1.203185555695155529e+02,1.796140444484505849e+02,1.702130892912087461e+02,1.712211498369934191e+02
8.715690140457844848e+01,1.004321040624859620e+02,1.679329980408528797e+02,1.068348400891375007e+02,1.222673498505229759e+02,1.490219902915528962e+02,9.359392986284288440e+01,1.620534395483288961e+02,1.594037341216740629e+02,1.645174619903328050e+02
7.069238679142689818e+01,1.039520530814411927e+02,1.777964841222146504e+02,1.029496911317657890e+02,1.032642290705318260e+02,1.446670710069707582e+02,9.511489168392213855e+01,1.849738818314824300e+02,1.466223390141663572e+02,1.828848232974769701e+02
7.323534105749821776e+01,1.110697193259480287e+02,1.730422612523416035e+02,9.670502855634207151e+01,1.303876661175365257e+02,1.472763018829396913e+02,1.032546258925059703e+02,1.805945340302739339e+02,1.690245079735455533e+02,1.730374411692382921e+02
8.009478907318806762e+01,1.099677215034249116e+02,1.678131972050050251e+02,9.728241696959251783e+01,1.390492717140788841e+02,1.347361991030744264e+02,1.085558924435237316e+02,1.842326659765992360e+02,1.590152800420460721e+02,1.785360663881065477e+02
7.676759813757634276e+01,9.646633042042282113e+01,1.866321252083161824e+02,1.101866405606817665e+02,1.293767808788890648e+02,1.583593688828519532e+02,8.168280593143495594e+01,1.791179757622037130e+02,1.495020038226780912e+02,1.863302119722129930e+02
6.771824321182465667e+01,1.040564021432879258e+02,1.851502988433221333e+02,1.038713096529793205e+02,1.371547384375209617e+02,1.597202974779180238e+02,1.000949663876155284e+02,1.951586878803525167e+02,1.577523148099122068e+02,1.921976039161445726e+02
8.674175982208943481e+01,1.030761232638838578e+02,1.711903906857350819e+02,1.047465181351255836e+02,1.346467439049358177e+02,1.419766620022824952e+02,1.010231760500529674e+02,1.787852872815880971e+02,1.532569969931778928e+02,1.793738870372535814e+02
8.806078361006474609e+01,1.089820484930756379e+02,1.689101143276074879e+02,9.817008368676418684e+01,1.524099416249866294e+02,1.188045118970445344e+02,1.272684915422061351e+02,1.781503806916032033e+02,1.681546711960968992e+02,1.703128188004257311e+02
7.482720293136334533e+01,1.102562017554524232e+02,1.743139324282983296e+02,9.660337156062836073e+01,1.462995950692767906e+02,1.386673769576123902e+02,1.140326753615001110e+02,1.843223622349057393e+02,1.671472387353119871e+02,1.757656715860130419e+02
8.950683251054978484e+01,1.017560131291034509e+02,1.654213819300511830e+02,1.058103670329403343e+02,1.037578063124294090e+02,1.368171247465184877e+02,9.821475598798784290e+01,1.653854996171746450e+02,1.497088702211318036e+02,1.704054630150558580e+02
8.273822383614277953e+01,1.060301715696337510e+02,1.685757945870736592e+02,1.001881199330639305e+02,1.133349043840045738e+02,1.428498099369577119e+02,1.005465318916896251e+02,1.781382333246026235e+02,1.560672765264449140e+02,1.739821617355110277e+02
8.303649184139466399e+01,1.212771130615952302e+02,1.595211532061675541e+02,8.616529438650125883e+01,1.118948369139308738e+02,1.406106449586919496e+02,1.258152053116420177e+02,1.827139362004552083e+02,1.665565494040188810e+02,1.666874050845863451e+02
7.817801147731042022e+01,1.087747789884093095e+02,1.847235924994328968e+02,9.846799762552494428e+01,1.550417524689311790e+02,1.268816583675912568e+02,1.180448135195830730e+02,1.831598189082894521e+02,1.778662224302229902e+02,1.759896142234565843e+02
7.647006632419324035e+01,1.075746780598643113e+02,1.674900981282571308e+02,9.957690846925491712e+01,1.329617312514657783e+02,1.391628850919774720e+02,1.047686838863948253e+02,1.782834627834115224e+02,1.597274281719861051e+02,1.701811484446289171e+02
7.582606835695004577e+01,1.033272811958673287e+02,1.783798815404752247e+02,1.035122995526146354e+02,1.286605661624545860e+02,1.494612196011117646e+02,1.103613951860526470e+02,1.836997810211930471e+02,1.518735950926480314e+02,1.861471539487602342e+02
8.402093984218335265e+01,9.914713164066102991e+01,1.736869591569283955e+02,1.080955646336626472e+02,1.093324898296470451e+02,1.397350253684095094e+02,9.358565912233385120e+01,1.771118544545922475e+02,1.445342188814816495e+02,1.831712180127861131e+02
8.099193112583851928e+01,1.195517980570080567e+02,1.610166951512673847e+02,8.900326943403000257e+01,1.265007733815784263e+02,1.470231575591138551e+02,1.211631097553828624e+02,1.729189381507191854e+02,1.745502248743710538e+02,1.549664921512367357e+02
7.904650402100777740e+01,1.160635547602656175e+02,1.670443716143945210e+02,9.252636776870006940e+01,1.410900091642017173e+02,1.358651636464170167e+02,1.091390805600741771e+02,1.758916875031743245e+02,1.779618844429192563e+02,1.536020756711723436e+02
7.892965896459317321e+01,1.250233183318856049e+02,1.667680839394906513e+02,8.295382091408485792e+01,1.332818658465022850e+02,1.497845632655194947e+02,1.246574791430095104e+02,1.770557856467519002e+02,1.926861783901391050e+02,1.526564030995132555e+02
8.321532510252690429e+01,9.700191210602548608e+01,1.740527441894391529e+02,1.102203127593349876e+02,1.294590263479823875e+02,1.452778234107068727e+02,8.065851328359636341e+01,1.567948840466294484e+02,1.565455896595654508e+02,1.690128953208686937e+02
8.293777246804928893e+01,9.992183716242340097e+01,1.765090156888345234e+02,1.075826825202059212e+02,1.438634560221309471e+02,1.387731031400731752e+02,8.831783381687196766e+01,1.655663312879357534e+02,1.619632354417977353e+02,1.710069126238586534e+02
8.906897248359418029e+01,1.112827690580966760e+02,1.612649737393239491e+02,9.638040857022518537e+01,1.188652659469718742e+02,1.462639986497930238e+02,1.176659952162364391e+02,1.736236089971814351e+02,1.786427825430569669e+02,1.610035185565712084e+02
8.893942575188374633e+01,1.018329033667328645e+02,1.740871247743943684e+02,1.051387229264330330e+02,1.608355648630733299e+02,1.427141365332177827e+02,1.054816643355945018e+02,1.805390358475003438e+02,1.606896978655991575e+02,1.805981378307106127e+02
8.275829134913182372e+01,9.464655652289417276e+01,1.747710248624661915e+02,1.131951123476576271e+02,9.743643252192686077e+01,1.332823154253534028e+02,8.526496634470018421e+01,1.682517177370343404e+02,1.496612874010739347e+02,1.785629133333923448e+02
8.235252237351632232e+01,9.148300291245010385e+01,1.747056251561025135e+02,1.157821352482389869e+02,1.120815233701343345e+02,1.339089222175649354e+02,7.222953448282274280e+01,1.517708055880818563e+02,1.512121715286908170e+02,1.714487871279480089e+02
8.706823556156849975e+01,9.347107030098464975e+01,1.820192704295495503e+02,1.143462162316393318e+02,1.266367841476077842e+02,1.340099866015485475e+02,8.252709088312181507e+01,1.632760620024953084e+02,1.565198756197628995e+02,1.808284070839645494e+02
8.196761415930485839e+01,9.645097130184200296e+01,1.771384472047666065e+02,1.105998986885499420e+02,1.433251981848354148e+02,1.362735785467199037e+02,8.725261733518632923e+01,1.657856337931904989e+02,1.560704101214346906e+02,1.742727549423935045e+02
8.451670996876454467e+01,8.146255695467021951e+01,1.842213843559602253e+02,1.267193078324746551e+02,1.321546768659229087e+02,1.482590302450231263e+02,7.463940981613191639e+01,1.636483600345406728e+02,1.313669079581437131e+02,1.907220091571571459e+02
8.825659637184834594e+01,1.005366231465819169e+02,1.718660370504239552e+02,1.058923586309503975e+02,1.441983052307243156e+02,1.326238058430722901e+02,9.035614964948686634e+01,1.646318878886256414e+02,1.553244589755473157e+02,1.686452308943035234e+02
7.728257785769200439e+01,1.084505311513426591e+02,1.749824140762666218e+02,9.862620622670168302e+01,1.288163119667644310e+02,1.379072845203450868e+02,1.098608055471042064e+02,1.821736493763480382e+02,1.628998017350373289e+02,1.770995080222847093e+02
7.648754562469220275e+01,1.135373870024564553e+02,1.674235803281644337e+02,9.422717200225109480e+01,1.348241158240909385e+02,1.400293308121732423e+02,1.043790907620051769e+02,1.797243205514702993e+02,1.674130162337956449e+02,1.631562433590652574e+02
9.044102548094487304e+01,1.040109661633255769e+02,1.659599760269502156e+02,1.038440987319302025e+02,1.249308170789356041e+02,1.413371210915616700e+02,9.600224653469118152e+01,1.626880299952779012e+02,1.615406924525437375e+02,1.618571564306976427e+02
7.784085518153405303e+01,1.033639460766794969e+02,1.794159763550141804e+02,1.038182677999686661e+02,1.210252304339284706e+02,1.396803777439168641e+02,9.549044558988603626e+01,1.768266940024647909e+02,1.611454862544474622e+02,1.782621060361625780e+02
7.820918451281285400e+01,1.105602235460760880e+02,1.663873022293427937e+02,9.650685487693066023e+01,1.187469328158969688e+02,1.516168620211652467e+02,1.139672071097949413e+02,1.868211883959326940e+02,1.638858612517056486e+02,1.802442166557075609e+02
7.937202407451367492e+01,1.208022170255067635e+02,1.659345871900895588e+02,8.726344797020668409e+01,1.200560614281768608e+02,1.396161089164785096e+02,1.204118049501040844e+02,1.809996437040124135e+02,1.778203378806052228e+02,1.607546618332626451e+02
8.405905674429631347e+01,1.022475363725903321e+02,1.685821864997724049e+02,1.048919909447979393e+02,1.192479690426463890e+02,1.451871786338857362e+02,9.522586134658845936e+01,1.686466352847371297e+02,1.522373495737252256e+02,1.714217449774505724e+02
7.866844044657445068e+01,1.056658202821495820e+02,1.800933939313271992e+02,1.014252665639471473e+02,1.318194814735526847e+02,1.354079326016477296e+02,1.004916488884547618e+02,1.786391330269131856e+02,1.635305370131669065e+02,1.764228730251552690e+02
7.944303882153725738e+01,1.115388047212841798e+02,1.700833217298367970e+02,9.601829676335567854e+01,1.272041185313339042e+02,1.333059053046277711e+02,1.082504650412658123e+02,1.819784264621291356e+02,1.685847738871512433e+02,1.705113189568283190e+02
8.586569674344754333e+01,1.030360436106207658e+02,1.723794665431359761e+02,1.037901842892717781e+02,1.389913592675204086e+02,1.411507138831189820e+02,9.141983682499918018e+01,1.710885294583592611e+02,1.651585937479672452e+02,1.693154745449783434e+02
8.773579905958867187e+01,1.003798420617463876e+02,1.716827675794938557e+02,1.066703324989032211e+02,1.303817118295903015e+02,1.422782765252164552e+02,9.460275188671144520e+01,1.800216829088483053e+02,1.502319780925450345e+02,1.827360477795364488e+02
7.519244588943219298e+01,1.126642633492234040e+02,1.667252678667882435e+02,9.507288379972690961e+01,1.212093933933849144e+02,1.550133281571439454e+02,1.122161631344417003e+02,1.835240170565400319e+02,1.667329865435299894e+02,1.720464766373397936e+02
8.017770366402363891e+01,1.147241133863213349e+02,1.727434493398049824e+02,9.316210214799160383e+01,1.373306264990443992e+02,1.451465774995855043e+02,1.079231366275409130e+02,1.754611540493521886e+02,1.763832298407492658e+02,1.610034683098556627e+02
7.725729976626134032e+01,1.149311011100294877e+02,1.708509366905072682e+02,9.296419379120582960e+01,1.441624347680682945e+02,1.395611102802327821e+02,1.066329216717341808e+02,1.805472233203206258e+02,1.803407930175004026e+02,1.609074138154747118e+02
8.455384688111043090e+01,9.476202840750244150e+01,1.762314312254765980e+02,1.127395537496160927e+02,1.391485225522393989e+02,1.406796338183454225e+02,8.478640261875185047e+01,1.632574505415711599e+02,1.507537923196492216e+02,1.771154684176208605e+02
8.359887485237813110e+01,9.655888263528373727e+01,1.760763312970975392e+02,1.101810675859999122e+02,1.393196656519050407e+02,1.378379164857438752e+02,8.928549031005891834e+01,1.636456276086125570e+02,1.550461645165619871e+02,1.729368943323852648e+02
8.670438772471642608e+01,1.026137855464699555e+02,1.753464279269555561e+02,1.046036224514793815e+02,1.253614823335284996e+02,1.334794134718946168e+02,1.028520067690471080e+02,1.757224115339074331e+02,1.554219804743466398e+02,1.793403024723293413e+02
8.184135745497441405e+01,1.028569975758078385e+02,1.786491789018491261e+02,1.044214469791006508e+02,1.283221463078136253e+02,1.493539039117864320e+02,1.000911793469050792e+02,1.731936352458749013e+02,1.651384997109112760e+02,1.735143070568801988e+02
7.725199286671376342e+01,9.934156481568840036e+01,1.808499376868585102e+02,1.080635595173191490e+02,1.161794418209667015e+02,1.304263390523961732e+02,9.261505720602067981e+01,1.806706742850098806e+02,1.453220790663895627e+02,1.840588400115730394e+02
7.960997064443326110e+01,1.138115272635700990e+02,1.694521654939034931e+02,9.394980743532890699e+01,1.429497859144086647e+02,1.355916862411073396e+02,1.157705439685443309e+02,1.869004934337887960e+02,1.658119723538098356e+02,1.715564268579246630e+02
9.445876736970639342e+01,9.352805910651710519e+01,1.644855105673650257e+02,1.140625152290415230e+02,1.429554090911025810e+02,1.574481081587842652e+02,8.229377177940401111e+01,1.624172565844807821e+02,1.325895034114060422e+02,1.759680959930183519e+02
8.814756396444535369e+01,9.066925745849636087e+01,1.792944662963727467e+02,1.170971528590273323e+02,1.401562814825649070e+02,1.362021911365560243e+02,8.590209457860979114e+01,1.599049711433205800e+02,1.497404013017354032e+02,1.752092497100593675e+02
6.845880697699284667e+01,1.147890142688634683e+02,1.851678158139565937e+02,9.262594787781948469e+01,1.288580552517871070e+02,1.531272259575895021e+02,1.086311442314246563e+02,1.857768749204430776e+02,1.712487995365796110e+02,1.729218343844177355e+02
8.876510176094269866e+01,1.083333097810032655e+02,1.612629801129678242e+02,9.945315571134800336e+01,1.062795395964259910e+02,1.493128407222799012e+02,1.116407938955882457e+02,1.796853849348578649e+02,1.589358290473160764e+02,1.725114200463058580e+02
7.488848821850514526e+01,1.099127670714738656e+02,1.708817089890817158e+02,9.715155150746817014e+01,1.298412646168346214e+02,1.400544587595037171e+02,1.067027486919024852e+02,1.891707212534699636e+02,1.613033113816914579e+02,1.825046691944362749e+02
8.290180985661244506e+01,9.570646942799118051e+01,1.782871689295152180e+02,1.114977414906572761e+02,1.197632520311946678e+02,1.590110554320386598e+02,9.447272137390169178e+01,1.767262200918946462e+02,1.492611074188885709e+02,1.869768608560325731e+02
7.630533985825276488e+01,1.082008981073382188e+02,1.731595696007588856e+02,9.922684437041992567e+01,1.194948953801269340e+02,1.460240669471791932e+02,9.932749888883623157e+01,1.749253432956490713e+02,1.685023651460347196e+02,1.684978984942199816e+02
7.841383658381199950e+01,1.132132044548275758e+02,1.676860169863084309e+02,9.394464413827175520e+01,1.095087113642568397e+02,1.386190175039342591e+02,1.082852402685740856e+02,1.841906329748187261e+02,1.621838850716290494e+02,1.718169459452392687e+02
8.024175719948506469e+01,9.103035373632934579e+01,1.793042967712262623e+02,1.166637858003925743e+02,1.279771626295025158e+02,1.348594634158185670e+02,7.153706697212251697e+01,1.589747801032815175e+02,1.493558778206048032e+02,1.765898977269889940e+02
7.636170110138154143e+01,1.306909819210055161e+02,1.617925172244885914e+02,7.841661964362377546e+01,1.474942472690219688e+02,1.327070383650830934e+02,1.285214842020133403e+02,1.862858301606927114e+02,1.852379206160244962e+02,1.496804808130027880e+02
8.552804431350922698e+01,9.340578426067855844e+01,1.781580590849498265e+02,1.145117683709215584e+02,1.268068727069968986e+02,1.535978562457135865e+02,8.879106107936891590e+01,1.639778664913926320e+02,1.560177082160649320e+02,1.798712213387252916e+02
8.406398080321049804e+01,9.761767859404113779e+01,1.809123008345941059e+02,1.099734984115313949e+02,1.212684154623622703e+02,1.418682005626729676e+02,8.961618313776048694e+01,1.621365680602345662e+02,1.678965441325840970e+02,1.731473387827636827e+02
7.883053027125096435e+01,9.849303310756710061e+01,1.756515583490708821e+02,1.086217977107119026e+02,1.186078303010637569e+02,1.524650312883428285e+02,9.670018312917741810e+01,1.718627770152840810e+02,1.641089057961640378e+02,1.757394218792678942e+02
7.961503176422810668e+01,1.020064334163549233e+02,1.803653798496106617e+02,1.049379361048888626e+02,1.477376861685390281e+02,1.291408541423848817e+02,1.141248932837108043e+02,1.811699604299817281e+02,1.675525021890339872e+02,1.805116439213516344e+02
8.424815723331666106e+01,8.486521041040447244e+01,1.907873423492291920e+02,1.234644721821498337e+02,1.251171437018985557e+02,1.437763508779576966e+02,7.816193703399690662e+01,1.592088364568505483e+02,1.445901804903683683e+02,1.840000401487114061e+02
7.572385941477513427e+01,1.096149173194649507e+02,1.791456300711015217e+02,9.762974167620653532e+01,1.229626056665057945e+02,1.417574499470761964e+02,9.857699952112230335e+01,1.816649929192815023e+02,1.722287585178551694e+02,1.695449642886879076e+02
7.645910160275197143e+01,1.175092558080437470e+02,1.724226262068131916e+02,9.045041158800835035e+01,1.147910390311355400e+02,1.442328329903653810e+02,1.164840570448497203e+02,1.752241291013512807e+02,1.777122841218647977e+02,1.621705310096504320e+02
8.233254946799969787e+01,9.254539503549364099e+01,1.793242470120767109e+02,1.151118469462346496e+02,1.311732763761157798e+02,1.369745745284131715e+02,9.009152415977510486e+01,1.717862248626504140e+02,1.409633329847989103e+02,1.821723327388527025e+02
7.556842844219899291e+01,1.053117960805180360e+02,1.803170850967744343e+02,1.015487773716997566e+02,1.304507425689573097e+02,1.548792308790258119e+02,1.041156800447562603e+02,1.928789407667670446e+02,1.574374876359639188e+02,1.904170528998138536e+02
8.913163657518124694e+01,1.088885521257403184e+02,1.695760969912389271e+02,9.789310126757139585e+01,1.546355000251407432e+02,1.409427403432897279e+02,9.832923493371995960e+01,1.780619664547000127e+02,1.635485041776833555e+02,1.652968729486229051e+02
7.471250836582875365e+01,1.091862418020251084e+02,1.790714818184951298e+02,9.799450644856209180e+01,1.378003856652850914e+02,1.467764404637387941e+02,9.807237038599046741e+01,1.784959397074732976e+02,1.745027301052746793e+02,1.661065779378177751e+02
7.454533426495289916e+01,1.045367806369545747e+02,1.802704449092725270e+02,1.022439098060678901e+02,1.375242168420429039e+02,1.575275078637174317e+02,9.593891010271104847e+01,1.774667329099927144e+02,1.589414234200654050e+02,1.716389563431503404e+02
7.617031382055974120e+01,9.713539132123020181e+01,1.820208232944587223e+02,1.106123283804010811e+02,1.064578636997813987e+02,1.418614080173543641e+02,8.256279185997041736e+01,1.706736080405268865e+02,1.541652520636258146e+02,1.799101105084182848e+02
7.997485034199452514e+01,1.246956917757275392e+02,1.721163537000993244e+02,8.289636695390457533e+01,1.472468019538993644e+02,1.389594153089097688e+02,1.287664842365840343e+02,1.823565043118748861e+02,1.879295756558117887e+02,1.505489443888427843e+02
8.048233787747120971e+01,1.078690740430834580e+02,1.660971267318109028e+02,9.961718720948213956e+01,1.420885335320110130e+02,1.322568523509076783e+02,1.128974165676692394e+02,1.779360355344567495e+02,1.653673972228703519e+02,1.716155822028877367e+02
7.771657513113713378e+01,1.027422291675689507e+02,1.770104194974282734e+02,1.047350661531638565e+02,1.384121390098209190e+02,1.495051298958829591e+02,1.035652803538897899e+02,1.866841335800442891e+02,1.554029864112076780e+02,1.831204953541519274e+02
8.560436493190026397e+01,1.031852645764234353e+02,1.753357798849919789e+02,1.045726056248497429e+02,1.406766456478709983e+02,1.433351145011953065e+02,1.012543252466777233e+02,1.796306365636143880e+02,1.614459096232590696e+02,1.776207156529190172e+02
8.845527465673184508e+01,1.073972381765129853e+02,1.690988711213448994e+02,1.007128159925889435e+02,1.526881446951503563e+02,1.311713978869489381e+02,1.181359809993365673e+02,1.785433053878102498e+02,1.646484820285973569e+02,1.740531334628822435e+02
8.982693068714833373e+01,1.030053133929255296e+02,1.718909592425206654e+02,1.037574535459827842e+02,1.522801119202251243e+02,1.215841135007909486e+02,1.178091392575362590e+02,1.746372534242425161e+02,1.636663166025815030e+02,1.749805341114761461e+02
8.578131513329243774e+01,1.211526416355850984e+02,1.549466546570638172e+02,8.733506700402016065e+01,1.485916794353599357e+02,1.493304993433526704e+02,1.306173138378718761e+02,1.788629596737179952e+02,1.761343372801480314e+02,1.585015231420757402e+02
7.183122040363049621e+01,1.000057762825968553e+02,1.836632009839395039e+02,1.069590734839987221e+02,1.152514813655490684e+02,1.624280216319135377e+02,8.418866935955080066e+01,1.742720798459801870e+02,1.629913163820443174e+02,1.802672425856353868e+02
6.663710282774663085e+01,1.098548515999796678e+02,1.823501243686059468e+02,9.726953516906017683e+01,1.320777334721262264e+02,1.336704784853032777e+02,9.130781362043413196e+01,1.828452628758702474e+02,1.721273710766968748e+02,1.761621044625999559e+02
8.457041446896290893e+01,1.017714556122305680e+02,1.783421586846688740e+02,1.061828388199757995e+02,1.217473251336688804e+02,1.248624562246373841e+02,9.799190399633440052e+01,1.752274758723530965e+02,1.532314219514069578e+02,1.768195147266151537e+02
7.735404486985898131e+01,1.105859224090459634e+02,1.767024352049211018e+02,9.695352773001307867e+01,1.393414411657924461e+02,1.481863017899564454e+02,1.005759928582766918e+02,1.764044262227568822e+02,1.707747190186915418e+02,1.651251369466545214e+02
8.428324855895733947e+01,1.081861257070782472e+02,1.738695147132256977e+02,9.843006369477028272e+01,1.220869069808597374e+02,1.435322315318158815e+02,1.023731407283404735e+02,1.807985664513859945e+02,1.591892339924511930e+02,1.766481923212768663e+02
8.617752070756650085e+01,1.049687237406256486e+02,1.749445676004270069e+02,1.025331604183268013e+02,1.510094128066177177e+02,1.474133378786615083e+02,1.009686627148250011e+02,1.772439485994134145e+02,1.612853509524998685e+02,1.718473840703727831e+02
7.750369785757756347e+01,9.849086258952644357e+01,1.720898623859265797e+02,1.084253671318840446e+02,1.315702279919261741e+02,1.317185169679692933e+02,9.208716992126497303e+01,1.740832185951028066e+02,1.508348330298600217e+02,1.807347984065773119e+02
7.699250583382344360e+01,1.248093231136086274e+02,1.654368152415135853e+02,8.412191011017078779e+01,1.362111624592418480e+02,1.418559727890065858e+02,1.170042181371310619e+02,1.771302199271474080e+02,1.814739313760933896e+02,1.485368796338798631e+02
7.880834846230244750e+01,1.203408938909056474e+02,1.631100454723218434e+02,8.786384022241348646e+01,1.336194232219333458e+02,1.565813155991605470e+02,1.225313980339625743e+02,1.822228815761361318e+02,1.744529464135108014e+02,1.651653479983570207e+02
8.674971558185315246e+01,9.300540040080574045e+01,1.782242095863202564e+02,1.150533602461766662e+02,1.323440623992557335e+02,1.424957036597303102e+02,8.467366371141466175e+01,1.577449475434575277e+02,1.453795696238217374e+02,1.780276062240364183e+02
7.820700776608681792e+01,1.242367204243424226e+02,1.661208022033551686e+02,8.412835023557657621e+01,1.241360201483095693e+02,1.483849300963453004e+02,1.238070156930545238e+02,1.701316143778119283e+02,1.840052095094857236e+02,1.452183671345474352e+02
9.276247124405598754e+01,9.765101648514297494e+01,1.736441110765317433e+02,1.100591054410290184e+02,1.457643898838634300e+02,1.476659410817197511e+02,8.881768325553926502e+01,1.670043482241187291e+02,1.434877305964169523e+02,1.749535134782554735e+02
9.212722627850270385e+01,1.286816727930786897e+02,1.572913327907899372e+02,7.947697748249287031e+01,1.238464223855609703e+02,1.516796838862470338e+02,1.395481681583979992e+02,1.847108382192406850e+02,1.827666442433533689e+02,1.554205469240905870e+02
7.219209912451005096e+01,9.484850616400268564e+01,1.919202665185311787e+02,1.118113253415178718e+02,1.266720343941325950e+02,1.250894344372323701e+02,9.282042912231477771e+01,1.608169208970818715e+02,1.583761090973553678e+02,1.734637354364158739e+02
8.011375127764439696e+01,1.180887830967190553e+02,1.693671837245801441e+02,8.849772848194355390e+01,1.279346762114639091e+02,1.331333751303724000e+02,1.120121945499041942e+02,1.788191939798150258e+02,1.747964349130330106e+02,1.581836349119903673e+02
7.570067723127102965e+01,1.083873361611845780e+02,1.740053865706304066e+02,9.949230514472240827e+01,1.249512101226920890e+02,1.628703747613004396e+02,1.016363344548800853e+02,1.721639877167496877e+02,1.695018104503092786e+02,1.643439629425766100e+02
8.141991482706761474e+01,1.058528623992684174e+02,1.762358634268620960e+02,1.016427119970869484e+02,1.310668828246618318e+02,1.508669203443101594e+02,1.018802058456996349e+02,1.810296988991055684e+02,1.594209363201794645e+02,1.812529259075882067e+02
7.632159410448765868e+01,1.007847205216172028e+02,1.781799065565446369e+02,1.062918096632313194e+02,1.351732420438403892e+02,1.356246311587861726e+02,1.013442238925555614e+02,1.864562028852257924e+02,1.549295883814034482e+02,1.863216641297103990e+02
7.779812450738644714e+01,9.379900455122020730e+01,1.849450860714295857e+02,1.136242428869556846e+02,1.130980096274490165e+02,1.348896505457929322e+02,8.150291368948015247e+01,1.806138419714722829e+02,1.385717309156594297e+02,1.919820177902938951e+02
8.299046881528592223e+01,1.076709038728955079e+02,1.777493582164624684e+02,9.930452629929298780e+01,1.351907624119396019e+02,1.560835526210836122e+02,1.113933035491565136e+02,1.772709518280778127e+02,1.660698756316838285e+02,1.712008508195640673e+02
9.215880884261822814e+01,9.929060054217603692e+01,1.735144218301156513e+02,1.082184508294414940e+02,1.327420257443065452e+02,1.425897646171621034e+02,1.003379949687579540e+02,1.718551042583737569e+02,1.532841967681584379e+02,1.775958158721687425e+02
8.968893162937855834e+01,9.135107074325111398e+01,1.790250522440055363e+02,1.170290868208360138e+02,1.375945249312991905e+02,1.305444286984971711e+02,8.767875791178735767e+01,1.641334213820252614e+02,1.485247102419075986e+02,1.759230982413055528e+02
7.963593642445302123e+01,9.574801800792243966e+01,1.827095723246911518e+02,1.111706226021599235e+02,1.236781318896884727e+02,1.512225124461225221e+02,9.083247021423372303e+01,1.735208946523223119e+02,1.504870526531872770e+02,1.836169247975113024e+02
7.635924503238892669e+01,1.085050509983780671e+02,1.786237939839938633e+02,9.888083859538549802e+01,1.243393277937049675e+02,1.497791015131047914e+02,1.002093812583545116e+02,1.755018942561898427e+02,1.708804023603138944e+02,1.705091938128234972e+02
8.093957591088509673e+01,1.004533620590451051e+02,1.781573070382455342e+02,1.065808339417528572e+02,1.278323164099330711e+02,1.371182431203893373e+02,9.499592531310113941e+01,1.811314338055405813e+02,1.523880511263546964e+02,1.831597365488769640e+02
7.932957510681843871e+01,1.092188680360200692e+02,1.750916068052628987e+02,9.758401473617071531e+01,1.344877857082958030e+02,1.460720078570417115e+02,9.995431626425775562e+01,1.785902337935719686e+02,1.688453939596352598e+02,1.672163792600395311e+02
7.298989276619649047e+01,9.753528929893997201e+01,1.939113447164872639e+02,1.098572447598528328e+02,1.389264372402305412e+02,1.508343245608380983e+02,9.124262342439683948e+01,1.924919464495930868e+02,1.581829210559067747e+02,1.930982075681449999e+02
8.294610048862195129e+01,1.178068950140955735e+02,1.651363396739343159e+02,8.953411575412268064e+01,1.247118573525423812e+02,1.536888733727506349e+02,1.181751566289523510e+02,1.773256378081593709e+02,1.781033575276074430e+02,1.606379794826271166e+02
8.992060889335370177e+01,1.027994817162039567e+02,1.690464995002130024e+02,1.042182527334045830e+02,1.137500388139362144e+02,1.547467140776685426e+02,1.108662225364306835e+02,1.814188883510384755e+02,1.564701039383349439e+02,1.839277519931556810e+02
8.113219465347027892e+01,9.836362939720180520e+01,1.758279174959043019e+02,1.091781986207317772e+02,1.257577464097614097e+02,1.419994961244634339e+02,8.717050001607927356e+01,1.661964825001511770e+02,1.581282360593018552e+02,1.748718284716369737e+02
8.581844376059270019e+01,1.014710220957281877e+02,1.779971271252015583e+02,1.061954457462381782e+02,1.129562115782375145e+02,1.559476887208989808e+02,9.791451112018617664e+01,1.752769180444035726e+02,1.581959371606049558e+02,1.856086374869110216e+02
7.765191160174107665e+01,8.553678486888435373e+01,1.868184447681287281e+02,1.229350512922357979e+02,1.194075744563216972e+02,1.569690535885862062e+02,7.335260698781999622e+01,1.667556338665042119e+02,1.413510842958626768e+02,1.909459187140228380e+02
8.323393492432332152e+01,1.040921847635987092e+02,1.731651231741288655e+02,1.029299961925100746e+02,1.188988672309989738e+02,1.413590738398603150e+02,9.802128026472124134e+01,1.799975004103932577e+02,1.513812506536183378e+02,1.806189401497604479e+02
7.597846613856053466e+01,1.086837294513466645e+02,1.856682168191054814e+02,9.892732062941307447e+01,1.267843217366809654e+02,1.163488044364026734e+02,1.060147798417666820e+02,1.743098396268639760e+02,1.709126496950325986e+02,1.680741225232841600e+02
8.790307189555859679e+01,1.021611057633641053e+02,1.695572814440110676e+02,1.042779727876734199e+02,1.381575566047305870e+02,1.504756753665975282e+02,1.063387135027507213e+02,1.780728853848729329e+02,1.641976750234303495e+02,1.795970554997684587e+02
7.184379510613179320e+01,9.977748551611927041e+01,1.848195795511582844e+02,1.080260836706113281e+02,1.367463996225471305e+02,1.576221284491590211e+02,8.321986553655656849e+01,1.726339086350951391e+02,1.538286812046704313e+02,1.772170059432746996e+02
8.059026999803280944e+01,1.129654445761921693e+02,1.692880149280408375e+02,9.428551642602199934e+01,1.457231497579688835e+02,1.346525010687879274e+02,1.204337677715876964e+02,1.843153145221028524e+02,1.701258762816128751e+02,1.741283765783073534e+02
7.520962058039403075e+01,9.477741993610885629e+01,1.877153746431449406e+02,1.124250734374474945e+02,1.261311930531139183e+02,1.339782004577687928e+02,8.927668473707231556e+01,1.840387251284871297e+02,1.496579933503804227e+02,1.905547043432952989e+02
7.170097921820378417e+01,1.066160466188671876e+02,1.732226847355941288e+02,1.005197963640641632e+02,1.322369568461055565e+02,1.332302457315496156e+02,8.854648540006670032e+01,1.684766958859715658e+02,1.618509578744111082e+02,1.644463602652313341e+02
8.789403717251515502e+01,1.094628948086979676e+02,1.659142605906108372e+02,9.770935842400307081e+01,1.392812602931136894e+02,1.340016960126928041e+02,1.098068452833751110e+02,1.868822619226727682e+02,1.544192392865357419e+02,1.777194745888473619e+02
7.637547923656201476e+01,8.817389823143508920e+01,1.788541164045909397e+02,1.197705419213127556e+02,1.201605110281581688e+02,1.455699277741483399e+02,7.139278898225816761e+01,1.607067037132535177e+02,1.413087472954926511e+02,1.818071652998687853e+02
7.136382080646252746e+01,1.055164471233370591e+02,1.786049788390973561e+02,1.011230767965864601e+02,1.210609021001930046e+02,1.443467178566030213e+02,9.547009796486887012e+01,1.821500935760293203e+02,1.558604211250481626e+02,1.790364814748527635e+02
7.555871637197232360e+01,1.073908151501896668e+02,1.784731371199468128e+02,9.964349436765427015e+01,1.388305780441934871e+02,1.468348734004071900e+02,9.222785786376985584e+01,1.726814214494977193e+02,1.723503009418187162e+02,1.658167918076278795e+02
7.571263764830327148e+01,1.148552578056338120e+02,1.733095326071361058e+02,9.260625971859211347e+01,1.324522764795894432e+02,1.550490756852201173e+02,1.211374907253840831e+02,1.860417290237698751e+02,1.749774553815064451e+02,1.727038429131271471e+02
8.132392089100575561e+01,1.086652579719307710e+02,1.699866423403600209e+02,9.861061086511129758e+01,1.211398005449647712e+02,1.436404189688733766e+02,1.014463194964984325e+02,1.761225314644131856e+02,1.614904151300129911e+02,1.720413819899322618e+02
8.093387512894368285e+01,1.064279820436718751e+02,1.694745922779420368e+02,1.015316586494993629e+02,1.316844585054988670e+02,1.371796416265538880e+02,9.914387980686220203e+01,1.704516188112054067e+02,1.605120821634469053e+02,1.672972620477439989e+02
7.913108174534535522e+01,1.052167962158205796e+02,1.698286732828000538e+02,1.023671854511451187e+02,1.088243596368903923e+02,1.190021859628728578e+02,8.772457096563371692e+01,1.717890699711594777e+02,1.477739221790967008e+02,1.665841691245796312e+02
8.132606299253201598e+01,1.236009909028294373e+02,1.622725269889214985e+02,8.455790421372169874e+01,1.191839733534927177e+02,1.229174072963765809e+02,1.206675488411048320e+02,1.843252654281411367e+02,1.741776388475832960e+02,1.615079430689575304e+02
7.221575792165494079e+01,1.072434373015644837e+02,1.768057906126359455e+02,9.972478926187271497e+01,1.345201657229537773e+02,1.498704418165258119e+02,1.025947543738940624e+02,1.853214076069150167e+02,1.629985963145432493e+02,1.784783665885688890e+02
8.687317134471631164e+01,1.068679091001036454e+02,1.707493366991857044e+02,9.957480080431217573e+01,1.453856961244220543e+02,1.262964225036672303e+02,1.120748375414470104e+02,1.811729232874665456e+02,1.674673141578373929e+02,1.769575341095687975e+02
7.970240925284123534e+01,1.045757762679937173e+02,1.736983808671811573e+02,1.018991058469366493e+02,1.188346750551338005e+02,1.469132694823316285e+02,9.288931298838647876e+01,1.771421852019581991e+02,1.572581276932892820e+02,1.774805454363586534e+02
8.148853002520299071e+01,9.418800605480697641e+01,1.821891299133876316e+02,1.135988331735681953e+02,1.183704284542674827e+02,1.557476433140805909e+02,8.525742874132188831e+01,1.802096690443310933e+02,1.415449042657551786e+02,1.907462767710449327e+02
7.920351561935639495e+01,1.142037693524840165e+02,1.654229007458070271e+02,9.317635212099069975e+01,1.183292996996516990e+02,1.391623913867047975e+02,1.012292471884349254e+02,1.733298425880227285e+02,1.693910470942196866e+02,1.602660311808349718e+02
7.245374594660496825e+01,1.227132690513613511e+02,1.720681581889966481e+02,8.598105072980636976e+01,1.168038785570735740e+02,1.299148379189542482e+02,1.082170846222499279e+02,2.019955791440758901e+02,1.645425080696282407e+02,1.816861077298881639e+02
7.178992889853215331e+01,1.055600502008679200e+02,1.836846052800992481e+02,1.012734462619375648e+02,1.239982254022235679e+02,1.450617768985799501e+02,9.664372298704179798e+01,1.743004418519292074e+02,1.633733524719414731e+02,1.742441705813171495e+02
8.337382496925091857e+01,1.164759189302208711e+02,1.692489267086366169e+02,9.112682701652759931e+01,1.259662680739040184e+02,1.461111119014791200e+02,1.207356285809138683e+02,1.854537034240517812e+02,1.704506958762345334e+02,1.745935469021560777e+02
7.423171223731732482e+01,1.059616134503963281e+02,1.808773344849923603e+02,1.010638175309252205e+02,1.211602878087634849e+02,1.390085092408231446e+02,8.940897742496522937e+01,1.726829865780625539e+02,1.711319953540501615e+02,1.686063332309486498e+02
8.829696901174283141e+01,1.042575235778572846e+02,1.708392155265191548e+02,1.026150834411930504e+02,1.314996942394847679e+02,1.389747225863507936e+02,1.005827527402499584e+02,1.727253432181630330e+02,1.606055376270947477e+02,1.728345061292411913e+02
7.818030257554745788e+01,9.647285699491527566e+01,1.777979099845269673e+02,1.102529412657570305e+02,1.221369428747768211e+02,1.591126014811567018e+02,9.067918483005556141e+01,1.729742498305592733e+02,1.511181500891385099e+02,1.804307645311119188e+02
7.870430646868443603e+01,9.486178907399204263e+01,1.833932148312905781e+02,1.128122452647041740e+02,1.242949105018253135e+02,1.395430171711019227e+02,8.927887920127901111e+01,1.762110680547509389e+02,1.510065369496283552e+02,1.899837483515503038e+02
8.522179929943776244e+01,8.393341998403099069e+01,1.829465692138055317e+02,1.242574524134945335e+02,1.255227035993213462e+02,1.412277100903562257e+02,7.238328597532304798e+01,1.556858681646142202e+02,1.430956844130692502e+02,1.819900181045295824e+02
7.287943442197537536e+01,1.102298393661263276e+02,1.774017144834378712e+02,9.706505267327541731e+01,1.270919197910899925e+02,1.537654990477136323e+02,9.640767786489519153e+01,1.724742045012269216e+02,1.739357844630417844e+02,1.612795134534599413e+02
8.514982478352284545e+01,1.055956843907120515e+02,1.766528911387303822e+02,1.018225221336435737e+02,1.435639811122293281e+02,1.369484936816266725e+02,9.332086346136125599e+01,1.703102951404605108e+02,1.678581033239302656e+02,1.676305374850990404e+02
8.308565472098088378e+01,1.081827419513943482e+02,1.736131461208442204e+02,9.940623304253334425e+01,1.191103111618633079e+02,1.520877385360768983e+02,1.059674765823939708e+02,1.843977486995015340e+02,1.564444982746777555e+02,1.837390069713356127e+02
8.343838997216916198e+01,9.237497169916656503e+01,1.850281840955594532e+02,1.152056341320824089e+02,1.287430831903095054e+02,1.515678884608319947e+02,9.003730413900407825e+01,1.793907786813531118e+02,1.439605433384118101e+02,1.894800721158744921e+02
7.843656547399258727e+01,1.044910582715752412e+02,1.839078417217114918e+02,1.024880391508888664e+02,1.337541655415172386e+02,1.431596452815107057e+02,9.191223911033662830e+01,1.677101403680596547e+02,1.732681124249634763e+02,1.658241105427505602e+02
7.769003386827206725e+01,1.076158817822220612e+02,1.714783184325078480e+02,9.962711935495848081e+01,1.355708476418132591e+02,1.491683280093244264e+02,9.257668501721414600e+01,1.695478481409106450e+02,1.601039178112683317e+02,1.657347126950981249e+02
7.657982879908776397e+01,1.042142475361111451e+02,1.742985721623280995e+02,1.028044990599703254e+02,1.265965243989105034e+02,1.422126271349958131e+02,9.257894290076288257e+01,1.724150524643216329e+02,1.610402743557629606e+02,1.699523703207733263e+02
8.707824824782109374e+01,1.025127168858530808e+02,1.746494771038869374e+02,1.048858640641521873e+02,1.405605556444699573e+02,1.455723954958490083e+02,9.208366701589616810e+01,1.688977401164326864e+02,1.645941685775456449e+02,1.654584787239791979e+02
7.272334434123730773e+01,1.074806652033808518e+02,1.787172743474820606e+02,9.938509500777239225e+01,1.272904960924262809e+02,1.472401919586232850e+02,9.946712324605974231e+01,1.768517101612839895e+02,1.654503953496155759e+02,1.723597264041664232e+02
9.003011108966565246e+01,8.901693506931093225e+01,1.763604054247716419e+02,1.195374418795656624e+02,1.386239256375903892e+02,1.472031853122285554e+02,7.888321692334207569e+01,1.562735463586602407e+02,1.381904866734681150e+02,1.769797087063552965e+02
8.549582918019986266e+01,1.087280547434571076e+02,1.756821223592141621e+02,9.833053673809284589e+01,1.477465847247714805e+02,1.506788287980130860e+02,1.001446914433101085e+02,1.779096244183335500e+02,1.628471843639550229e+02,1.671899884094955553e+02
8.601754583450055236e+01,9.911467189734008798e+01,1.789509540294984333e+02,1.083893338963937225e+02,1.133181556874389457e+02,1.249868556482366273e+02,9.043974295841249500e+01,1.796941384282860952e+02,1.384486838618454954e+02,1.861711212744476427e+02
7.064159567685818786e+01,1.137011237258198548e+02,1.826727458333352558e+02,9.385728720581049345e+01,1.292396948152656364e+02,1.647302850110105226e+02,1.179424663840392498e+02,1.847374840286526876e+02,1.786549084821877500e+02,1.759713163127662767e+02
8.008708722921109313e+01,1.115943906718972016e+02,1.692001515125611775e+02,9.577743428205961607e+01,1.518264772409076500e+02,1.294048584622911164e+02,1.231790035127261547e+02,1.818592181411538320e+02,1.741152539292511960e+02,1.690905195822479357e+02
8.336512456866002196e+01,1.069569638932230760e+02,1.764649600183347218e+02,1.002507122532081070e+02,1.350106575751180458e+02,1.352204993588498780e+02,1.053867348788836864e+02,1.739998528865132528e+02,1.698235313335595151e+02,1.668972030629875292e+02
8.049439947338795776e+01,1.052865304166558076e+02,1.763656018620112889e+02,1.017131518796634140e+02,1.160281866007919120e+02,1.475266499144605348e+02,1.012500352619746593e+02,1.761786096003804403e+02,1.595284750500855466e+02,1.750921683659317125e+02
8.004761637778973693e+01,1.069354137146952439e+02,1.725834242200234883e+02,1.005328829289030494e+02,1.237423640602702903e+02,1.476362847311071107e+02,1.054800268767932323e+02,1.863909973558936315e+02,1.554734848776993772e+02,1.822005398025276293e+02
8.319864790173268432e+01,1.076010113174202729e+02,1.665361407940963261e+02,9.919786074763054273e+01,1.288722360247249412e+02,1.476731450182965943e+02,9.940313813673051868e+01,1.822968053874526220e+02,1.535946130195794126e+02,1.775467609514953722e+02
8.032036517592167968e+01,1.077219949478390504e+02,1.762381841635087483e+02,9.977411788707489393e+01,1.425314266198749351e+02,1.142720804435781190e+02,1.141246623157122997e+02,1.759166963306222158e+02,1.669226991424498578e+02,1.709875834336044420e+02
7.901327903600430602e+01,1.181541081557157327e+02,1.699027165567258351e+02,9.019477401679272077e+01,1.337036408299083519e+02,1.386282965166143128e+02,1.129582690356830028e+02,1.784354488757405477e+02,1.739376847485241910e+02,1.596232821693184007e+02
8.924384291501736755e+01,9.656682549064186105e+01,1.747391811704019062e+02,1.106159805208992424e+02,1.471022516602153587e+02,1.317213448209336946e+02,1.010817140399077800e+02,1.707089491692338186e+02,1.570073082337317487e+02,1.792968500008346666e+02
7.161257807942128295e+01,1.018438355067851830e+02,1.836396174674609654e+02,1.054352537096094551e+02,1.208416246884937095e+02,1.476532685977987001e+02,8.695854911790880237e+01,1.827626236882958608e+02,1.606125204900441190e+02,1.867162382950546373e+02
7.758208219738698119e+01,9.123527522777345666e+01,1.893534888421872608e+02,1.162477471605491104e+02,1.295112322980041313e+02,1.406317464930585572e+02,7.577255988703760181e+01,1.593378089872155385e+02,1.634200534263787290e+02,1.772336281885864366e+02
7.735036419363713378e+01,1.012040749902012635e+02,1.775339490866044514e+02,1.057690175101708832e+02,1.304160499685878563e+02,1.560424158794454286e+02,9.291199133382829700e+01,1.745780751016888814e+02,1.581810660401520749e+02,1.771670436610939134e+02
7.336038489671445006e+01,1.132259970421078492e+02,1.789159649705270283e+02,9.414405658846611402e+01,1.211792356485004234e+02,1.452087072355321595e+02,1.021237465499499706e+02,1.872526468244347768e+02,1.647202514151272794e+02,1.779719407906295885e+02
7.937525264950490111e+01,1.145155796000840951e+02,1.749767723923305027e+02,9.319451853638405225e+01,1.396616756731147575e+02,1.440742435676625917e+02,1.220453974364856151e+02,1.853895144817385869e+02,1.746375869253811857e+02,1.717804935326339830e+02
8.181851537557339782e+01,9.129445305113819131e+01,1.795020778869966023e+02,1.161799628735136451e+02,1.211289803424353408e+02,1.471768051011136720e+02,8.403111699806245838e+01,1.631622266975197988e+02,1.392078957894978544e+02,1.804167327632667650e+02
8.442232455344891662e+01,1.129214439207794953e+02,1.652511159872392170e+02,9.440965536242241285e+01,1.208320745938892173e+02,1.426614958567193696e+02,1.109114838002780346e+02,1.818756765929017263e+02,1.637670751253304502e+02,1.690776547541381944e+02
8.359859050842023009e+01,1.088313791865589906e+02,1.739522086476663105e+02,9.856232637172455213e+01,1.325289761537189293e+02,1.409526317936948487e+02,1.088051762341121105e+02,1.737749090400490957e+02,1.693181279042897245e+02,1.664919236054184069e+02
8.450145757230019683e+01,1.006364548022034455e+02,1.743093285655358784e+02,1.064988233447622719e+02,1.269729753249759483e+02,1.451368901354840943e+02,9.204028910981210743e+01,1.674218664971146779e+02,1.590876117387948057e+02,1.709821808089973558e+02
8.385487231643891448e+01,1.062005079353335191e+02,1.713515196388343327e+02,1.003403551802586975e+02,1.083455879503364372e+02,1.515995732767156312e+02,1.057777340172389415e+02,1.785251883474145131e+02,1.661402436236081144e+02,1.755093101610900987e+02
7.925648091765141601e+01,1.035650294089796830e+02,1.743581293171027653e+02,1.040047395825933876e+02,1.252795078271503257e+02,1.509475506169370362e+02,9.303418878303560291e+01,1.709011145737920003e+02,1.630555181244549772e+02,1.734505703797103990e+02
8.139073404701447600e+01,1.016539190525296021e+02,1.786347607617953770e+02,1.056745113283943596e+02,1.347774666660899925e+02,1.536186207158139894e+02,8.745138583169969593e+01,1.696673554387841421e+02,1.576970876792607328e+02,1.729192123164894213e+02
8.236617861719822997e+01,1.065697426388147164e+02,1.660919453000405781e+02,1.010123266876291694e+02,1.529122138732547569e+02,1.399879567546418855e+02,1.082496796010592846e+02,1.834480932858739095e+02,1.511234832743344327e+02,1.786930042853119005e+02
7.513472329111790771e+01,1.260132833683970262e+02,1.790323357974866383e+02,8.120459862803930662e+01,1.483314261251563835e+02,1.368349595291188905e+02,1.145640672205546764e+02,1.837794207838330465e+02,1.918701314667401334e+02,1.547046256413223375e+02
7.634482561083531493e+01,8.985532031600502023e+01,1.864779936169961445e+02,1.169384637401055755e+02,1.270411164873714256e+02,1.133789850098661134e+02,7.346268061386140857e+01,1.647115587201867299e+02,1.475319464394984266e+02,1.819050901880027880e+02
7.756850664349293822e+01,1.181865180546524812e+02,1.734225455617288105e+02,8.914458625024074934e+01,1.405298310035342979e+02,1.486214980108312318e+02,1.001607441066363720e+02,1.782957088855061727e+02,1.796856129506764432e+02,1.516335198035003771e+02
7.145914717050290221e+01,1.106074008012297440e+02,1.832380588149407856e+02,9.756529916828388593e+01,1.223950197213764000e+02,1.362074917180112550e+02,9.278771934495958362e+01,1.763632993307862478e+02,1.702170226315197965e+02,1.687438636770012010e+02
7.326448442073559875e+01,1.154724797496679116e+02,1.719720561301091664e+02,9.209893266862148664e+01,1.303633163237447548e+02,1.397376515490583131e+02,1.065575895665744213e+02,1.826107400861535268e+02,1.716583554187951108e+02,1.653541152825119127e+02
7.960928310485577697e+01,1.153783780003073502e+02,1.742598577832559101e+02,9.257301732903236768e+01,1.327484880500907707e+02,1.571409338933995912e+02,1.109709296582797435e+02,1.803094200995717244e+02,1.791861203054127714e+02,1.616643352260353197e+02
8.120814438195920104e+01,9.757498404030826578e+01,1.811693848764279835e+02,1.103833003342699470e+02,1.146106407755489158e+02,1.278670966846517274e+02,8.827257654653581653e+01,1.774628092256341176e+02,1.479404106477437040e+02,1.819609004010917772e+02
8.737501281531548614e+01,9.573096988742378244e+01,1.782482793723920338e+02,1.113917561770033302e+02,1.330271234029407310e+02,1.459927679521611878e+02,8.527746329294237171e+01,1.621766844895634847e+02,1.564824224451718351e+02,1.761792611827613939e+02
9.044247028263306731e+01,9.548356122915771493e+01,1.738296984528878681e+02,1.119386727810453834e+02,1.085571990424270439e+02,1.284753405077031800e+02,9.275336197601350818e+01,1.675120492485318380e+02,1.450620900133786222e+02,1.807182804693939318e+02
8.494191445441937560e+01,9.812653730456855783e+01,1.776396771466115467e+02,1.088589758277487221e+02,1.280269681328410911e+02,1.329415449721387574e+02,9.522943476425203357e+01,1.680317363050732808e+02,1.548732602337536832e+02,1.747663611521484484e+02
8.887995056839680785e+01,8.781225221996334085e+01,1.838871506547311299e+02,1.206810373664450111e+02,1.113912521117801475e+02,1.527796532136968324e+02,7.957379738079103504e+01,1.629546395448003011e+02,1.379762057403264066e+02,1.854322392692329515e+02
7.005860014291501159e+01,1.114243195170643617e+02,1.731670390164235585e+02,9.604119761293644331e+01,1.369439926260585594e+02,1.424296986085942933e+02,9.793403152214082752e+01,1.758714025226388173e+02,1.628591535279688856e+02,1.661156827559234728e+02
8.254986952276921386e+01,9.510040486996200571e+01,1.823046121394017689e+02,1.127300124988507690e+02,1.216817975157375145e+02,1.521510181648305604e+02,8.692629102455171619e+01,1.597906055060181814e+02,1.571410978773770353e+02,1.733526507069828142e+02
8.484326046736931914e+01,9.743249942009475717e+01,1.736362405812123768e+02,1.095947384536814155e+02,1.423327266687030601e+02,1.419213651938012788e+02,8.180581978546175037e+01,1.636845715847764211e+02,1.483962382713494321e+02,1.701568041791679491e+02
8.172354851694798583e+01,1.071029356608274270e+02,1.770312987064698689e+02,9.998219311242813490e+01,1.274075145834560203e+02,1.425513148231080720e+02,1.043232747672656444e+02,1.845246317592416005e+02,1.623051345685658475e+02,1.816304644694091905e+02
6.324154774876332397e+01,1.046255096832397271e+02,1.926817801093438618e+02,1.023393572122406425e+02,1.394445718230182933e+02,1.336681083066037843e+02,1.047046468018153575e+02,1.855705032554421621e+02,1.672132516542611143e+02,1.831569233884574999e+02
7.671167562933659667e+01,1.115986068064453889e+02,1.734231013452390187e+02,9.590132399653906248e+01,1.239320175164813804e+02,1.382329979164174745e+02,9.916493908153566395e+01,1.752923304644379812e+02,1.722682777682480832e+02,1.618608277191879381e+02
7.359876163335538024e+01,9.317712978665855417e+01,1.889143546914437763e+02,1.136911955178331795e+02,1.283024471776063251e+02,1.529200078172258088e+02,8.938397566066774402e+01,1.812507075873170095e+02,1.564616693893609067e+02,1.900971745600463976e+02
7.933005763622021789e+01,1.277316129470351029e+02,1.589147023057321064e+02,8.157968737190479658e+01,1.350244925731296348e+02,1.517101946694425294e+02,1.271871140359500316e+02,1.868756493386779027e+02,1.807975820938286802e+02,1.535813951840164293e+02
8.018095104428029174e+01,1.134115875104549218e+02,1.632892942672351353e+02,9.471568553900236509e+01,1.396828691476459312e+02,1.379218190533689210e+02,1.095700595735171703e+02,1.784430706706795888e+02,1.617833480874238035e+02,1.646305317630531420e+02
7.370119272204136962e+01,1.261476532334568788e+02,1.699678021168092243e+02,8.262789940839523695e+01,1.416202864760036277e+02,1.466126414460710237e+02,1.176136263965228466e+02,1.849711519685540395e+02,1.784582942763505002e+02,1.552152151217224230e+02
7.058230678768849486e+01,1.040365389401200105e+02,1.877971945797780506e+02,1.024851633012842598e+02,1.286384948009128379e+02,1.473444625360540101e+02,9.707828876958879505e+01,1.878079415765557485e+02,1.566044929364857694e+02,1.885284115423919786e+02
6.485279858144021148e+01,1.112777373308422852e+02,1.849138909077027790e+02,9.625160610681290052e+01,1.465227268451328086e+02,1.390558457893899629e+02,1.082527488528350261e+02,1.958344840017113881e+02,1.681765899697480222e+02,1.862445201625587572e+02
8.840338389607167358e+01,9.146263865773704538e+01,1.796320849900821202e+02,1.160744188130449714e+02,1.445359625929469871e+02,1.390322170776895234e+02,9.386244878755601917e+01,1.669818538633141713e+02,1.546718306282696744e+02,1.778035825242759813e+02
8.085060863228535766e+01,1.041290588939669419e+02,1.751587568318227284e+02,1.024800054655026855e+02,1.275744165295238304e+02,1.329641944987348268e+02,1.000700450895884899e+02,1.789835424032960134e+02,1.566221388170657178e+02,1.800155722548725237e+02
7.227744002671933288e+01,1.250345495903971482e+02,1.668909472768882267e+02,8.371575781708473585e+01,1.536143745297069358e+02,1.368154872877172181e+02,1.186153797267535595e+02,1.829384783712182241e+02,1.829210614601311704e+02,1.540338684072258104e+02
7.351753664048409576e+01,1.106477179491999436e+02,1.734578702246526234e+02,9.660347457235569379e+01,1.161292210036392021e+02,1.521873294932416627e+02,1.057601464747050670e+02,1.873230994698558050e+02,1.636785599330601713e+02,1.776208723535301317e+02
8.161108039351201171e+01,9.811460457389381418e+01,1.834977854585031025e+02,1.084345241487574043e+02,1.194733817690486717e+02,1.605944437009862611e+02,9.595776096569093738e+01,1.838580547478947835e+02,1.605559669772324582e+02,1.885673582901718248e+02
8.102670846911168212e+01,1.141328453088286210e+02,1.684773838018754475e+02,9.349034929280990980e+01,1.493195120209331321e+02,1.400928192359975526e+02,1.135269530175784496e+02,1.843390934077058034e+02,1.661116629580197355e+02,1.707674508442642320e+02
7.464641530843472594e+01,1.273789175266506959e+02,1.704971851205209248e+02,8.064693850284332655e+01,1.323619839662189293e+02,1.281745280248693177e+02,1.275730944334128765e+02,1.850268754568848806e+02,1.859713734427628538e+02,1.517060624708892931e+02
8.581357820363736266e+01,1.070906081909420777e+02,1.660053004121163838e+02,9.956817799067015073e+01,1.133201992177839088e+02,1.198033204299977967e+02,9.588951483951601062e+01,1.735910769310746389e+02,1.507198929527936002e+02,1.693965989699127306e+02
7.744091968270039672e+01,1.159726332241776277e+02,1.716469006037095539e+02,9.193571315711254499e+01,1.368923421019191551e+02,1.437773654682210633e+02,1.020256007073977855e+02,1.767757446524653631e+02,1.743670739272770902e+02,1.582166503419639696e+02
8.184793046148514861e+01,9.725685770456817636e+01,1.795616162216046803e+02,1.100169698000502052e+02,1.379302646034831810e+02,1.510260160786679933e+02,9.908384183631929432e+01,1.856361617800746160e+02,1.514481871465382596e+02,1.913911914577247728e+02
8.983529000015950317e+01,1.014282494748118211e+02,1.754095274900773518e+02,1.066297187507700386e+02,1.493269579523677635e+02,1.400289715153745362e+02,9.643362597213777576e+01,1.668188626077923971e+02,1.656528315136370679e+02,1.669868389715911974e+02
9.804619452388978118e+01,8.869729056601551065e+01,1.727002033686021321e+02,1.191863181293558540e+02,1.348221174293632316e+02,1.415702555996946046e+02,8.528094319091829334e+01,1.568256355133805471e+02,1.296638253370461484e+02,1.826568219413520922e+02
8.136923114987111205e+01,1.000331194812538911e+02,1.787872265970090382e+02,1.064680496752809944e+02,1.180887490624065208e+02,1.464521671456865022e+02,9.355306891189607654e+01,1.664686218407902913e+02,1.606689128318963071e+02,1.729394382586242784e+02
8.141389600964284057e+01,1.176297027805927087e+02,1.654072775041440480e+02,8.976975196605438612e+01,1.419668169432754325e+02,1.391291923148206422e+02,1.182524583099940685e+02,1.792131819334778982e+02,1.703962542751965543e+02,1.618750560631515611e+02
8.044982810350155944e+01,9.927139777337339410e+01,1.815213023220876210e+02,1.076773953959893646e+02,1.510916341656322288e+02,1.445030459386876771e+02,1.054088501690486339e+02,1.885000068155083852e+02,1.559005240837273618e+02,1.861930669595958818e+02
7.522384427519536132e+01,1.001960883254292298e+02,1.813483229374269001e+02,1.068146487474989357e+02,1.415114282333726692e+02,1.415131186468175599e+02,1.020778155087092784e+02,1.817625240293297963e+02,1.467220100203690549e+02,1.854622549166442980e+02
8.451858978005147094e+01,1.003279516214611817e+02,1.720451788102963917e+02,1.071832588688086929e+02,9.702268744646261212e+01,1.479782898945382783e+02,9.186601070152315174e+01,1.768383464571986394e+02,1.462860411146817228e+02,1.813231383909942735e+02
8.109288109870648498e+01,1.084567375594857026e+02,1.723677028661349766e+02,9.911090362077469251e+01,1.437687795871372032e+02,1.407259891254476258e+02,1.001310983656505016e+02,1.762219847050461965e+02,1.712174176315007230e+02,1.668151264538528551e+02
7.836258892746663207e+01,8.635780082290199289e+01,1.773399321382621281e+02,1.205716783702921333e+02,1.141730616801852989e+02,1.411270036918691346e+02,7.632612309442552601e+01,1.576093629208359914e+02,1.464754199722943326e+02,1.818211592187645067e+02
8.465076211126542205e+01,1.082960478851678658e+02,1.723703290020802967e+02,9.882471874361748121e+01,1.337428100222224998e+02,1.426147375924161622e+02,1.048745355366328624e+02,1.707853853759322362e+02,1.664922483900723478e+02,1.656622190823318590e+02
8.059753300281262511e+01,1.034190107995751191e+02,1.800055117403844349e+02,1.034531624317717018e+02,1.312786535137767601e+02,1.363508246166280458e+02,9.597424850450548206e+01,1.707365200427327352e+02,1.697619800755915662e+02,1.674846886744262804e+02
7.797280555995202178e+01,1.076156616920712281e+02,1.759476871585229389e+02,9.956546136742348097e+01,1.246573408359165001e+02,1.513192439896634767e+02,1.031630125402072338e+02,1.737108588722500997e+02,1.742375767866311094e+02,1.679373943557502855e+02
7.860466726155972594e+01,1.005910910779717256e+02,1.772999552285054676e+02,1.065821168721270027e+02,1.350613590890044975e+02,1.423884133023790071e+02,9.606820586906465564e+01,1.700499275234494405e+02,1.597165131012139341e+02,1.751364710082771410e+02
6.065930148990845794e+01,1.047222112456443597e+02,1.866692775582650654e+02,1.024269201458048286e+02,1.240666033142680931e+02,1.538716122729352662e+02,8.927564812289270435e+01,1.905567710009370046e+02,1.630111031869587919e+02,1.871362840285064806e+02
7.990585152836537475e+01,1.182185589188816834e+02,1.647284598147252552e+02,8.926340866094345472e+01,1.167553069127226877e+02,1.488638432843259523e+02,1.183157356737712291e+02,1.865669472423348623e+02,1.706845555046734830e+02,1.695558764090301622e+02
8.414724400671219939e+01,1.150449836218836595e+02,1.691466116105893605e+02,9.244606915121788404e+01,1.275669422262782859e+02,1.481822282893232057e+02,1.173206284402469066e+02,1.724804826584611135e+02,1.786728119591412565e+02,1.573447385778190721e+02
7.766958509417271728e+01,9.538981727902915964e+01,1.773147083019593708e+02,1.119601758719038429e+02,1.158398179525012779e+02,1.401408997399381349e+02,8.444226411567720447e+01,1.702156764474663930e+02,1.495819925109086057e+02,1.776595296313526262e+02
8.138533915611004943e+01,1.050552504250886727e+02,1.743314461802819721e+02,1.019017681181978645e+02,1.284119320624942588e+02,1.371158711535505006e+02,1.026639424918750194e+02,1.742392073181424337e+02,1.636002438256678602e+02,1.697528717269661058e+02
7.298522739144063110e+01,1.069423354679825593e+02,1.794042167162278645e+02,1.006532814205240669e+02,1.341077998691673088e+02,1.470122022552064607e+02,9.884959599958452259e+01,1.773207473364625173e+02,1.649559050241646787e+02,1.755734510769607652e+02
8.417231361599660033e+01,1.087414024436953355e+02,1.647011546587327473e+02,9.858717183774227522e+01,1.207478607112045097e+02,1.423282187206319520e+02,1.088342290876964000e+02,1.810238625016961294e+02,1.543644035795865079e+02,1.765510348429443468e+02
7.848440896006322021e+01,1.112386598700764466e+02,1.772799826955178730e+02,9.647820961480850599e+01,1.297977507823581504e+02,1.496410903555921266e+02,1.062686727403262523e+02,1.745778137949261861e+02,1.737697304526505491e+02,1.644078284253837694e+02
7.616974805327153319e+01,1.037085974479201127e+02,1.736611807441094868e+02,1.028238762170624199e+02,1.124370678776378440e+02,1.475891463381818483e+02,9.368192759738954578e+01,1.659624306169305044e+02,1.646573240498242399e+02,1.682870270361663927e+02
6.956662856074071044e+01,1.111803743654969026e+02,1.783465008234361164e+02,9.598223247384542844e+01,1.280769789034004020e+02,1.520546866280606935e+02,1.048676699756244091e+02,1.846576156225953298e+02,1.660675408879456540e+02,1.793016344060661424e+02
7.722174759240841979e+01,1.048376423755767632e+02,1.821005344783643238e+02,1.019020545110654297e+02,1.157097138875598716e+02,1.208828230721524903e+02,9.487787464843782459e+01,1.814954787996564107e+02,1.497304635087189695e+02,1.788683404674293627e+02
8.625316371055340881e+01,9.636456666533973703e+01,1.800645403360703938e+02,1.109104285538744392e+02,1.205896565431232261e+02,1.529501132590345094e+02,1.055830299018481639e+02,1.786048593726906972e+02,1.585564171860156080e+02,1.921423254360916246e+02
7.611556224556660766e+01,1.098900033647301484e+02,1.757719190513471119e+02,9.743421258037800214e+01,1.382422862166042137e+02,1.331434978169969270e+02,1.093919307647803691e+02,1.861643789616379934e+02,1.680149430522856733e+02,1.751736600746872057e+02
7.310117794604992980e+01,1.081077193508031655e+02,1.817453838681558125e+02,9.819665163760895155e+01,1.328953296059245872e+02,1.421135414464048097e+02,1.026766246913531688e+02,1.865253691879067617e+02,1.639474880138573667e+02,1.818944858660461534e+02
8.018093009324765319e+01,1.240670130292060662e+02,1.675849603509286396e+02,8.444135117536301038e+01,1.371261319631213951e+02,1.344436066371968934e+02,1.254816326259234813e+02,1.808829305377755361e+02,1.844927759805855771e+02,1.510894087304832567e+02
6.979541911216473693e+01,1.053359452003720094e+02,1.769763516282418720e+02,1.015741865933489265e+02,1.415018376374120521e+02,1.466872166616491029e+02,9.967206791626009021e+01,1.845952534285340505e+02,1.567844792047677061e+02,1.804032507886650194e+02
7.733516968818402404e+01,9.601894957964447030e+01,1.808102089857438557e+02,1.113443993628572883e+02,1.049204153531665611e+02,1.395575292927793214e+02,7.824912939058336292e+01,1.693408469763550954e+02,1.476758123973546049e+02,1.784178657283546556e+02
6.836194287272191161e+01,9.823977054302719125e+01,1.841370925551036350e+02,1.100399435312103691e+02,1.224766227120036888e+02,1.658455055875352571e+02,8.212864474044832264e+01,1.858060656246695714e+02,1.486485018471417447e+02,1.941493652214767565e+02
7.661929963560795898e+01,1.111088148171189118e+02,1.768619734739640705e+02,9.625713557010406873e+01,1.285658037328595924e+02,1.563894776327184388e+02,1.095916629193881420e+02,1.801730963197503286e+02,1.689257261196312925e+02,1.695661864032508959e+02
8.299069426985478515e+01,9.904005203788307199e+01,1.762277485674003117e+02,1.087226435989689293e+02,1.228836900704974937e+02,1.405166968328527162e+02,9.349071208225282703e+01,1.669286671784672933e+02,1.627236500123677274e+02,1.728521775355102648e+02
7.928473047943806762e+01,8.797844081019189844e+01,1.867377275919297688e+02,1.203870336339425506e+02,1.298504409009094047e+02,1.474092141611150453e+02,8.874109480367692981e+01,1.767649156060967641e+02,1.348825167754826566e+02,1.919415226330520738e+02
8.344901205630993957e+01,1.108484410310271073e+02,1.785247351621964924e+02,9.649177537118906400e+01,1.701151844376201439e+02,1.382868572694829652e+02,1.183679305671313671e+02,1.855216939655099111e+02,1.799832287172017118e+02,1.731279505243064989e+02
8.106320530207848662e+01,1.135199645573380280e+02,1.741716302430013172e+02,9.316574769100064657e+01,1.174838718885059166e+02,1.275539117676786134e+02,1.011865555404284862e+02,1.812208987680230337e+02,1.601353348830876371e+02,1.734094442476989855e+02
8.231714187594151610e+01,1.115077197963478852e+02,1.675562238489964955e+02,9.569721750920528791e+01,1.214458149784679222e+02,1.399961325151494691e+02,1.073116870282748607e+02,1.805007234719548421e+02,1.605343824962315580e+02,1.696132042159797777e+02
7.936047683687901610e+01,1.155048292989018250e+02,1.712983226870873921e+02,9.193933758890146635e+01,1.507269192451114463e+02,1.450641191823056886e+02,1.125555117486575512e+02,1.874429516998086171e+02,1.678439011613068601e+02,1.720933446039917101e+02
7.707689265938496703e+01,1.076224670002343942e+02,1.834369762634614460e+02,9.980704794084543607e+01,1.237441421115274238e+02,1.425477991921476075e+02,1.093820872067073253e+02,1.901532563772950368e+02,1.578160375395951291e+02,1.857029373397590746e+02
7.732871484788155669e+01,1.090993444586279679e+02,1.723703813945630543e+02,9.815647228812689207e+01,1.506368967109794426e+02,1.288756821376851747e+02,1.018985800503352550e+02,1.745184265580926137e+02,1.696179551819500944e+02,1.652291784336330522e+02
7.952093005212044829e+01,1.106516223663571168e+02,1.751307084059098713e+02,9.690942862635368726e+01,1.376100854986781883e+02,1.145281534714273164e+02,1.094840813337424663e+02,1.739955131319318014e+02,1.682255633810696622e+02,1.656575274219276537e+02
8.490501807661748046e+01,1.065090919846775819e+02,1.717403197085240834e+02,1.007431382760953369e+02,1.552267218941325950e+02,1.398902102334073732e+02,1.121464268921473888e+02,1.818590973821435171e+02,1.675382954219517728e+02,1.783830277671577562e+02
8.359342883558964843e+01,9.219831156377819070e+01,1.818428364788869374e+02,1.151429686397861900e+02,1.134272928500051307e+02,1.504290359539560029e+02,8.349677128182443653e+01,1.675049419906888204e+02,1.498645432034668943e+02,1.851939909209968675e+02
8.941043038697934264e+01,1.143488383257868577e+02,1.680573612546304219e+02,9.301152271037811659e+01,1.369649993890399742e+02,1.389157567841581056e+02,1.225154106973269847e+02,1.780781100002083974e+02,1.765681493023571988e+02,1.633039127936126818e+02
7.508387355538106078e+01,1.095293868893864442e+02,1.809282232915738575e+02,9.762682607775444410e+01,1.196263461635882663e+02,1.455546523553899476e+02,9.529288653121980701e+01,1.788839556184563833e+02,1.746633416453537961e+02,1.720035649885894884e+02
8.277344553204274291e+01,1.074233231509211350e+02,1.742992617880681507e+02,9.987580922996515653e+01,1.211116691940898704e+02,1.394809018594793031e+02,1.019661360143283275e+02,1.787268142905984121e+02,1.603405019680199644e+02,1.760591698636772264e+02
8.239752133222317809e+01,8.688568785433795938e+01,1.789204010462144367e+02,1.206873233914923134e+02,1.138590288871402549e+02,1.468980801326802919e+02,9.195030841814073597e+01,1.656264867988381582e+02,1.410345029572186490e+02,1.846211415877105821e+02
7.666929619045949096e+01,1.043410410398724366e+02,1.762021775936463825e+02,1.027205517292570534e+02,1.274805158489818382e+02,1.180316684169343660e+02,9.171387759433778797e+01,1.654151780215058523e+02,1.714587635735211393e+02,1.619413522829773058e+02
8.232940487595296020e+01,9.524123355393436441e+01,1.760070712959149830e+02,1.120027592480730476e+02,1.343923766726131248e+02,1.489984851700833985e+02,9.122151461826356922e+01,1.822101968136582570e+02,1.418288011292157194e+02,1.872959365000488390e+02
7.644743062587475890e+01,1.053333101088288117e+02,1.753091517185548298e+02,1.011870132387232246e+02,1.258543377929801750e+02,1.570423975212148378e+02,9.731649134145769153e+01,1.748362035361085134e+02,1.619857842663464567e+02,1.704953050961258043e+02
7.861201553078389281e+01,1.145339295679810334e+02,1.739903882240632527e+02,9.289310754841083906e+01,1.132885721438998985e+02,1.285782423240712831e+02,1.020796256421664623e+02,1.823833019343171316e+02,1.711479485074219724e+02,1.624149792542221178e+02
7.150059087606167907e+01,1.024561320955040742e+02,1.828692813312390797e+02,1.040721780509304466e+02,1.250653951281184959e+02,1.504047753436139772e+02,9.501946876035722767e+01,1.889035494086299138e+02,1.577339187005696317e+02,1.874664649119140734e+02
7.903958335550522918e+01,1.015152521470668603e+02,1.825437703227380268e+02,1.061677637845825615e+02,1.356280023568744468e+02,1.376379386407903382e+02,9.675755432830843006e+01,1.785144719091210561e+02,1.641686606148419401e+02,1.769501965989830126e+02
8.120156525107121581e+01,1.059016849214318086e+02,1.714519965743401997e+02,1.020127530843567314e+02,1.301039817446346092e+02,1.422709816319516847e+02,9.227859712229761158e+01,1.685929569807801442e+02,1.642340455392537137e+02,1.637358879794838060e+02
8.788705432446694488e+01,8.723787638937261590e+01,1.803963584398606770e+02,1.209734644741367759e+02,1.133869797849530983e+02,1.321705163640550325e+02,8.105710825906785999e+01,1.614465256986174779e+02,1.330215285161671659e+02,1.806001950850250353e+02
8.006522302361226195e+01,1.036810318121793557e+02,1.766401694660762303e+02,1.042955987304996910e+02,1.247271518671388435e+02,1.429753791911176393e+02,9.092963746772798572e+01,1.691245650258813100e+02,1.690271561036047956e+02,1.684681473722221483e+02
7.981785407694077605e+01,1.194633080924036790e+02,1.687663354074338429e+02,8.801630810653681181e+01,1.276274477356548118e+02,1.501821218950322816e+02,1.103319334446051982e+02,1.759461566117558675e+02,1.830059895852742216e+02,1.526068423440219988e+02
6.608013413878178710e+01,1.280165964776757050e+02,1.777343862151483052e+02,8.018674289440626524e+01,1.271552368068570900e+02,1.341055050713590333e+02,1.166957589148143200e+02,1.884327354636941152e+02,1.829006947020230314e+02,1.615344509830238451e+02
