8.144627380371093750e+01,1.130785675048828125e+02,1.700582885742187500e+02,9.355055999755859375e+01,1.201880874633789062e+02,1.479596557617187500e+02,1.136433258056640625e+02,1.790903472900390625e+02,1.736325836181640625e+02,1.639486541748046875e+02
7.433026123046875000e+01,9.546331787109375000e+01,1.839938354492187500e+02,1.144845275878906250e+02,1.066906356811523438e+02,1.504089202880859375e+02,8.706347656250000000e+01,1.792196807861328125e+02,1.499191741943359375e+02,1.889013214111328125e+02
8.433305358886718750e+01,9.262825012207031250e+01,1.838185729980468750e+02,1.139774703979492188e+02,1.123987579345703125e+02,1.352795257568359375e+02,8.583071899414062500e+01,1.707467956542968750e+02,1.447076416015625000e+02,1.837154693603515625e+02
7.099861145019531250e+01,1.236153030395507812e+02,1.692891540527343750e+02,8.517527770996093750e+01,1.272645568847656250e+02,1.496957855224609375e+02,1.183862457275390625e+02,1.885888824462890625e+02,1.773383483886718750e+02,1.684639892578125000e+02
7.699062347412109375e+01,1.095841064453125000e+02,1.801031341552734375e+02,1.019731216430664062e+02,1.273602676391601562e+02,1.490414886474609375e+02,1.014064559936523438e+02,1.783122711181640625e+02,1.693692779541015625e+02,1.725797729492187500e+02
8.703250122070312500e+01,9.834523010253906250e+01,1.782117767333984375e+02,1.110252914428710938e+02,1.428926391601562500e+02,1.420645294189453125e+02,1.005875854492187500e+02,1.807649841308593750e+02,1.537545318603515625e+02,1.854782104492187500e+02
8.603302001953125000e+01,9.671088409423828125e+01,1.762486724853515625e+02,1.114769744873046875e+02,1.258160400390625000e+02,1.411840515136718750e+02,8.547973632812500000e+01,1.618836669921875000e+02,1.577167358398437500e+02,1.723871917724609375e+02
8.084924316406250000e+01,1.024001922607421875e+02,1.768002624511718750e+02,1.035569915771484375e+02,1.211417160034179688e+02,1.454611206054687500e+02,1.028070068359375000e+02,1.813201599121093750e+02,1.557609100341796875e+02,1.822575988769531250e+02
7.353814697265625000e+01,1.024577941894531250e+02,1.785415039062500000e+02,1.037678756713867188e+02,1.247577972412109375e+02,1.522937927246093750e+02,9.333807373046875000e+01,1.786704406738281250e+02,1.567937011718750000e+02,1.797113647460937500e+02
7.453546905517578125e+01,1.202508926391601562e+02,1.727389526367187500e+02,8.782356262207031250e+01,1.443943481445312500e+02,1.401742401123046875e+02,1.100231018066406250e+02,1.801102600097656250e+02,1.793502197265625000e+02,1.564303283691406250e+02
7.901460266113281250e+01,1.022426300048828125e+02,1.779778442382812500e+02,1.071325149536132812e+02,1.398778991699218750e+02,1.353147430419921875e+02,9.664764404296875000e+01,1.743852233886718750e+02,1.558456573486328125e+02,1.753134002685546875e+02
7.475151062011718750e+01,1.078026809692382812e+02,1.723676147460937500e+02,9.892681121826171875e+01,1.454365386962890625e+02,1.362348327636718750e+02,9.504142761230468750e+01,1.737490539550781250e+02,1.618116760253906250e+02,1.652056274414062500e+02
8.398017120361328125e+01,1.014536132812500000e+02,1.735457763671875000e+02,1.071253356933593750e+02,1.437393798828125000e+02,1.360700836181640625e+02,9.056451416015625000e+01,1.675642395019531250e+02,1.555595855712890625e+02,1.695001068115234375e+02
8.053347778320312500e+01,9.470799255371093750e+01,1.792577972412109375e+02,1.134440536499023438e+02,1.290909576416015625e+02,1.463480834960937500e+02,8.517578887939453125e+01,1.750618286132812500e+02,1.443300781250000000e+02,1.854037780761718750e+02
8.000671386718750000e+01,1.040050659179687500e+02,1.756983947753906250e+02,1.056771316528320312e+02,1.283559265136718750e+02,1.527434692382812500e+02,9.133595275878906250e+01,1.692133941650390625e+02,1.618684539794921875e+02,1.698433532714843750e+02
8.041955566406250000e+01,9.619464874267578125e+01,1.804021453857421875e+02,1.064171447753906250e+02,1.251717529296875000e+02,1.367591247558593750e+02,8.909993743896484375e+01,1.676707763671875000e+02,1.560326232910156250e+02,1.730629119873046875e+02
8.676710510253906250e+01,9.441615295410156250e+01,1.806057891845703125e+02,1.194588165283203125e+02,1.014615173339843750e+02,1.451539001464843750e+02,8.964306640625000000e+01,1.776061553955078125e+02,1.429452514648437500e+02,1.893179473876953125e+02
8.300791931152343750e+01,1.007010726928710938e+02,1.823045654296875000e+02,1.070598449707031250e+02,1.200600128173828125e+02,1.389731445312500000e+02,9.126318359375000000e+01,1.632248840332031250e+02,1.681221923828125000e+02,1.679755554199218750e+02
7.667677307128906250e+01,1.046573410034179688e+02,1.760777893066406250e+02,1.014512252807617188e+02,1.400057525634765625e+02,1.136725158691406250e+02,1.047371673583984375e+02,1.748546752929687500e+02,1.624206237792968750e+02,1.739746856689453125e+02
8.961643981933593750e+01,1.015269470214843750e+02,1.688866882324218750e+02,1.058762359619140625e+02,1.111391143798828125e+02,1.376697692871093750e+02,9.205617523193359375e+01,1.767949829101562500e+02,1.420165863037109375e+02,1.784443969726562500e+02
8.463107299804687500e+01,1.011754455566406250e+02,1.722018127441406250e+02,1.054088668823242188e+02,1.454384460449218750e+02,1.379279022216796875e+02,9.086907958984375000e+01,1.660795898437500000e+02,1.578198547363281250e+02,1.702682342529296875e+02
7.628883361816406250e+01,9.757785034179687500e+01,1.799022827148437500e+02,1.084300384521484375e+02,1.316663513183593750e+02,1.439882507324218750e+02,8.753947448730468750e+01,1.700094909667968750e+02,1.522348175048828125e+02,1.785526733398437500e+02
7.435174560546875000e+01,1.059635543823242188e+02,1.824580688476562500e+02,9.934452819824218750e+01,1.437262878417968750e+02,1.265890579223632812e+02,9.718341064453125000e+01,1.771991119384765625e+02,1.672880554199218750e+02,1.722525634765625000e+02
8.468333435058593750e+01,1.075167160034179688e+02,1.652154235839843750e+02,9.977268218994140625e+01,9.709853363037109375e+01,1.456296539306640625e+02,1.086575851440429688e+02,1.791780395507812500e+02,1.559962921142578125e+02,1.760954284667968750e+02
7.927774047851562500e+01,1.069762420654296875e+02,1.752981109619140625e+02,1.002181701660156250e+02,1.224703674316406250e+02,1.325702972412109375e+02,9.570169830322265625e+01,1.719462890625000000e+02,1.653743133544921875e+02,1.704991149902343750e+02
7.511437225341796875e+01,8.876655578613281250e+01,1.848953704833984375e+02,1.172520065307617188e+02,1.267639007568359375e+02,1.459311218261718750e+02,7.748154449462890625e+01,1.767463378906250000e+02,1.437498321533203125e+02,1.922379150390625000e+02
6.794390869140625000e+01,1.145813751220703125e+02,1.837321777343750000e+02,9.425634765625000000e+01,1.294642181396484375e+02,1.411127014160156250e+02,1.122540130615234375e+02,1.888648529052734375e+02,1.742765655517578125e+02,1.783304595947265625e+02
7.827397155761718750e+01,9.346476745605468750e+01,1.837355499267578125e+02,1.116968994140625000e+02,1.303466033935546875e+02,1.424669189453125000e+02,8.521560668945312500e+01,1.703896484375000000e+02,1.499727325439453125e+02,1.814203643798828125e+02
7.107875061035156250e+01,8.521556091308593750e+01,1.899967193603515625e+02,1.210937194824218750e+02,1.161838378906250000e+02,1.552303924560546875e+02,6.917675781250000000e+01,1.679938049316406250e+02,1.382245941162109375e+02,1.912991485595703125e+02
7.412905883789062500e+01,1.095116882324218750e+02,1.758973541259765625e+02,9.866815185546875000e+01,1.421544647216796875e+02,1.442775573730468750e+02,9.364245605468750000e+01,1.785874481201171875e+02,1.665174255371093750e+02,1.690046234130859375e+02
6.907400512695312500e+01,1.176015014648437500e+02,1.839477233886718750e+02,9.143243408203125000e+01,1.405927276611328125e+02,1.535117492675781250e+02,1.120476379394531250e+02,1.912665100097656250e+02,1.769790039062500000e+02,1.760161132812500000e+02
8.402993774414062500e+01,1.099630661010742188e+02,1.655585174560546875e+02,9.823213195800781250e+01,1.277255783081054688e+02,1.310041198730468750e+02,1.078444366455078125e+02,1.715942382812500000e+02,1.666747131347656250e+02,1.620417480468750000e+02
8.346231079101562500e+01,9.157728576660156250e+01,1.876199493408203125e+02,1.202312545776367188e+02,1.324605407714843750e+02,1.396155395507812500e+02,8.372655487060546875e+01,1.678328704833984375e+02,1.543297424316406250e+02,1.851076354980468750e+02
8.100666809082031250e+01,9.511650085449218750e+01,1.892258300781250000e+02,1.170716247558593750e+02,1.166353607177734375e+02,1.599336242675781250e+02,9.053128051757812500e+01,1.803010253906250000e+02,1.511280822753906250e+02,1.917024230957031250e+02
7.571436309814453125e+01,1.086450347900390625e+02,1.743630676269531250e+02,1.020197677612304688e+02,1.297383270263671875e+02,1.445001373291015625e+02,9.461550903320312500e+01,1.763533477783203125e+02,1.625109405517578125e+02,1.718438568115234375e+02
7.249551391601562500e+01,1.055830001831054688e+02,1.750709533691406250e+02,9.813331604003906250e+01,1.234553985595703125e+02,1.177794189453125000e+02,9.615531921386718750e+01,1.746664428710937500e+02,1.594166259765625000e+02,1.677033233642578125e+02
8.815420532226562500e+01,8.974008178710937500e+01,1.787543334960937500e+02,1.173042144775390625e+02,1.063578262329101562e+02,1.389141693115234375e+02,8.471397399902343750e+01,1.592051544189453125e+02,1.530551605224609375e+02,1.790707244873046875e+02
8.271221923828125000e+01,1.065593032836914062e+02,1.692458496093750000e+02,1.004500732421875000e+02,1.226257324218750000e+02,1.489138336181640625e+02,1.029555892944335938e+02,1.848021240234375000e+02,1.618894805908203125e+02,1.798159484863281250e+02
9.288233184814453125e+01,1.063530883789062500e+02,1.711247100830078125e+02,1.022994003295898438e+02,1.085728836059570312e+02,1.536667938232421875e+02,1.120644989013671875e+02,1.856789855957031250e+02,1.527761077880859375e+02,1.868482360839843750e+02
7.951608276367187500e+01,1.007541961669921875e+02,1.770669097900390625e+02,1.047261047363281250e+02,1.155949554443359375e+02,1.401915283203125000e+02,9.155654907226562500e+01,1.801058044433593750e+02,1.529973297119140625e+02,1.845512542724609375e+02
8.335809326171875000e+01,1.011704635620117188e+02,1.729954681396484375e+02,1.050212707519531250e+02,1.300580444335937500e+02,1.483004150390625000e+02,9.648101806640625000e+01,1.773512878417968750e+02,1.517508239746093750e+02,1.780605468750000000e+02
8.827462768554687500e+01,8.611180114746093750e+01,1.728808288574218750e+02,1.182069549560546875e+02,1.256039199829101562e+02,1.441295928955078125e+02,7.910899353027343750e+01,1.612380676269531250e+02,1.351286468505859375e+02,1.826968078613281250e+02
7.335865783691406250e+01,1.006962356567382812e+02,1.814531707763671875e+02,1.081072921752929688e+02,1.237659683227539062e+02,1.493918151855468750e+02,9.158599853515625000e+01,1.845034332275390625e+02,1.529037017822265625e+02,1.887320251464843750e+02
8.242298126220703125e+01,9.728501892089843750e+01,1.792385101318359375e+02,1.101829986572265625e+02,1.311244354248046875e+02,1.560481567382812500e+02,8.484744262695312500e+01,1.709973144531250000e+02,1.510817718505859375e+02,1.786831970214843750e+02
8.186258697509765625e+01,8.996961975097656250e+01,1.794265441894531250e+02,1.159557266235351562e+02,1.227303771972656250e+02,1.490047149658203125e+02,7.431671142578125000e+01,1.580363769531250000e+02,1.499540405273437500e+02,1.747169036865234375e+02
6.173954772949218750e+01,1.051135253906250000e+02,1.922809143066406250e+02,1.025031051635742188e+02,1.218469467163085938e+02,1.455504760742187500e+02,9.291217803955078125e+01,1.889281158447265625e+02,1.637470092773437500e+02,1.879502868652343750e+02
7.578538513183593750e+01,9.663716125488281250e+01,1.874241333007812500e+02,1.108810119628906250e+02,1.279166793823242188e+02,1.434712371826171875e+02,8.387727355957031250e+01,1.667156677246093750e+02,1.609163055419921875e+02,1.757477569580078125e+02
8.452804565429687500e+01,1.065003662109375000e+02,1.687444152832031250e+02,1.014776763916015625e+02,1.167583847045898438e+02,1.362295989990234375e+02,1.024770812988281250e+02,1.769772644042968750e+02,1.517150878906250000e+02,1.762788391113281250e+02
8.092547607421875000e+01,1.049126663208007812e+02,1.744428710937500000e+02,1.036553039550781250e+02,1.265895919799804688e+02,1.310232391357421875e+02,9.178782653808593750e+01,1.690295867919921875e+02,1.633492126464843750e+02,1.676623840332031250e+02
8.352616882324218750e+01,1.104138717651367188e+02,1.701011962890625000e+02,9.750449371337890625e+01,1.251594619750976562e+02,1.380888671875000000e+02,1.045404586791992188e+02,1.770643157958984375e+02,1.680471038818359375e+02,1.686089477539062500e+02
7.279405975341796875e+01,1.197348632812500000e+02,1.720711364746093750e+02,8.734605407714843750e+01,1.335581665039062500e+02,1.432488708496093750e+02,1.161206512451171875e+02,1.859965820312500000e+02,1.769530029296875000e+02,1.609095306396484375e+02
8.708650207519531250e+01,1.093561706542968750e+02,1.722678527832031250e+02,1.003541107177734375e+02,1.291978759765625000e+02,1.437722015380859375e+02,1.065660247802734375e+02,1.741083068847656250e+02,1.707398529052734375e+02,1.675077362060546875e+02
7.739874267578125000e+01,9.804255676269531250e+01,1.771754608154296875e+02,1.079917297363281250e+02,1.238609695434570312e+02,1.288872070312500000e+02,8.312164306640625000e+01,1.640816650390625000e+02,1.595532836914062500e+02,1.712421569824218750e+02
8.684449005126953125e+01,9.036878967285156250e+01,1.834283447265625000e+02,1.144920272827148438e+02,1.231188507080078125e+02,1.377507934570312500e+02,8.700927734375000000e+01,1.663377380371093750e+02,1.492974243164062500e+02,1.824593200683593750e+02
7.645907592773437500e+01,9.892792510986328125e+01,1.842145690917968750e+02,1.085746231079101562e+02,1.381889190673828125e+02,1.354088439941406250e+02,8.734371948242187500e+01,1.715264892578125000e+02,1.635263366699218750e+02,1.777947082519531250e+02
8.010836791992187500e+01,1.177963714599609375e+02,1.631534729003906250e+02,9.153382873535156250e+01,1.213456573486328125e+02,1.414089660644531250e+02,1.143176651000976562e+02,1.824068908691406250e+02,1.694757537841796875e+02,1.648946685791015625e+02
8.414118957519531250e+01,1.058011016845703125e+02,1.685055541992187500e+02,1.006963043212890625e+02,1.146871414184570312e+02,1.259293289184570312e+02,9.793145751953125000e+01,1.743824310302734375e+02,1.548020019531250000e+02,1.714709014892578125e+02
8.466287231445312500e+01,1.022820358276367188e+02,1.733166046142578125e+02,1.069570465087890625e+02,1.288759002685546875e+02,1.433388671875000000e+02,9.739521026611328125e+01,1.781107177734375000e+02,1.511258544921875000e+02,1.809732055664062500e+02
7.914689636230468750e+01,1.039104003906250000e+02,1.708013305664062500e+02,1.052406616210937500e+02,1.360075073242187500e+02,1.466851654052734375e+02,9.020836639404296875e+01,1.720083312988281250e+02,1.548080444335937500e+02,1.742116851806640625e+02
7.946410369873046875e+01,1.145908432006835938e+02,1.703372650146484375e+02,9.469616699218750000e+01,1.338616790771484375e+02,1.346235504150390625e+02,1.115441207885742188e+02,1.798857269287109375e+02,1.761724548339843750e+02,1.657347717285156250e+02
8.136981201171875000e+01,1.080218582153320312e+02,1.713400268554687500e+02,9.937091064453125000e+01,1.302987976074218750e+02,1.419901275634765625e+02,9.760316467285156250e+01,1.664003295898437500e+02,1.666428375244140625e+02,1.600321960449218750e+02
8.657226562500000000e+01,1.262424621582031250e+02,1.646239013671875000e+02,8.065354919433593750e+01,1.160205459594726562e+02,1.331437377929687500e+02,1.271835174560546875e+02,1.844384155273437500e+02,1.811672363281250000e+02,1.548890533447265625e+02
7.956182861328125000e+01,1.025028610229492188e+02,1.770930023193359375e+02,1.052977142333984375e+02,1.293804779052734375e+02,1.493105621337890625e+02,9.327821350097656250e+01,1.688379974365234375e+02,1.659757537841796875e+02,1.702001953125000000e+02
7.840531921386718750e+01,9.560577392578125000e+01,1.752079467773437500e+02,1.128069534301757812e+02,1.401654052734375000e+02,1.255795059204101562e+02,9.127447509765625000e+01,1.705079345703125000e+02,1.534029541015625000e+02,1.791967773437500000e+02
8.508387756347656250e+01,1.071946640014648438e+02,1.727866363525390625e+02,1.005676345825195312e+02,1.294096221923828125e+02,1.424091033935546875e+02,1.052381286621093750e+02,1.775799713134765625e+02,1.662569122314453125e+02,1.712426910400390625e+02
8.852732086181640625e+01,1.039236984252929688e+02,1.659373779296875000e+02,1.034978713989257812e+02,1.009913711547851562e+02,1.437750091552734375e+02,9.709418487548828125e+01,1.798369903564453125e+02,1.462347564697265625e+02,1.793313903808593750e+02
7.868696594238281250e+01,1.161847000122070312e+02,1.724017944335937500e+02,9.409944152832031250e+01,1.308697052001953125e+02,1.479107818603515625e+02,1.066854476928710938e+02,1.784924163818359375e+02,1.793189239501953125e+02,1.587913055419921875e+02
7.895175170898437500e+01,1.049658966064453125e+02,1.815977630615234375e+02,1.000399932861328125e+02,1.205460739135742188e+02,1.428974609375000000e+02,1.076480560302734375e+02,1.898531188964843750e+02,1.585231018066406250e+02,1.885534210205078125e+02
8.925851440429687500e+01,9.989440917968750000e+01,1.699877166748046875e+02,1.067641448974609375e+02,1.085342559814453125e+02,1.428893890380859375e+02,9.585240173339843750e+01,1.700955047607421875e+02,1.549811401367187500e+02,1.772054748535156250e+02
8.239222717285156250e+01,1.126681594848632812e+02,1.699567871093750000e+02,9.640596771240234375e+01,1.469308624267578125e+02,1.463653259277343750e+02,1.123525772094726562e+02,1.819564514160156250e+02,1.659157104492187500e+02,1.703141326904296875e+02
8.716004943847656250e+01,1.146863021850585938e+02,1.625103454589843750e+02,9.129278564453125000e+01,1.147482757568359375e+02,1.372519378662109375e+02,1.138123626708984375e+02,1.748147430419921875e+02,1.706983642578125000e+02,1.598435668945312500e+02
8.317515563964843750e+01,1.191931304931640625e+02,1.628186340332031250e+02,9.122090148925781250e+01,1.200555801391601562e+02,1.402013702392578125e+02,1.126152801513671875e+02,1.792324829101562500e+02,1.723668518066406250e+02,1.624885559082031250e+02
8.025427246093750000e+01,1.002412796020507812e+02,1.778448944091796875e+02,1.067765274047851562e+02,1.259180450439453125e+02,1.395861206054687500e+02,9.079872131347656250e+01,1.684618530273437500e+02,1.608753356933593750e+02,1.696838073730468750e+02
8.287516784667968750e+01,1.067008819580078125e+02,1.765115509033203125e+02,9.948617553710937500e+01,1.246751403808593750e+02,1.489585876464843750e+02,1.008275451660156250e+02,1.693094940185546875e+02,1.738211517333984375e+02,1.636490936279296875e+02
8.999334716796875000e+01,1.002122344970703125e+02,1.726496429443359375e+02,1.096486587524414062e+02,1.044471282958984375e+02,1.428220825195312500e+02,9.191076660156250000e+01,1.719412384033203125e+02,1.485570831298828125e+02,1.799902496337890625e+02
9.025209808349609375e+01,9.393402862548828125e+01,1.774054870605468750e+02,1.157718811035156250e+02,1.009665603637695312e+02,1.344279785156250000e+02,8.637603759765625000e+01,1.705037689208984375e+02,1.357540283203125000e+02,1.843789062500000000e+02
7.895602416992187500e+01,9.595889282226562500e+01,1.838117675781250000e+02,1.080037918090820312e+02,1.252924041748046875e+02,1.584648437500000000e+02,8.675642395019531250e+01,1.686345367431640625e+02,1.599431915283203125e+02,1.769154663085937500e+02
7.499532318115234375e+01,1.165792083740234375e+02,1.778079376220703125e+02,9.550172424316406250e+01,1.361542510986328125e+02,1.439863433837890625e+02,1.135775146484375000e+02,1.867371826171875000e+02,1.749983673095703125e+02,1.762149810791015625e+02
9.035844421386718750e+01,9.516616821289062500e+01,1.774528656005859375e+02,1.134922180175781250e+02,1.292855224609375000e+02,1.416498413085937500e+02,8.777571105957031250e+01,1.614037933349609375e+02,1.562500610351562500e+02,1.749685974121093750e+02
7.890895080566406250e+01,1.043642501831054688e+02,1.714360351562500000e+02,1.011323394775390625e+02,1.445480346679687500e+02,1.323600921630859375e+02,1.081868591308593750e+02,1.808831176757812500e+02,1.635236206054687500e+02,1.787288818359375000e+02
8.143063354492187500e+01,9.764389038085937500e+01,1.794753723144531250e+02,1.075050811767578125e+02,1.272256240844726562e+02,1.357934112548828125e+02,8.765293884277343750e+01,1.607768402099609375e+02,1.620982666015625000e+02,1.679219207763671875e+02
7.872138977050781250e+01,1.013272705078125000e+02,1.791695251464843750e+02,1.054099502563476562e+02,1.368291168212890625e+02,1.529752807617187500e+02,9.148548889160156250e+01,1.819897003173828125e+02,1.520823669433593750e+02,1.817065429687500000e+02
7.464437866210937500e+01,1.023109283447265625e+02,1.743838806152343750e+02,1.033983154296875000e+02,1.201860198974609375e+02,1.541290893554687500e+02,9.347265625000000000e+01,1.752755889892578125e+02,1.571492004394531250e+02,1.757451782226562500e+02
8.228228759765625000e+01,1.028885345458984375e+02,1.726934356689453125e+02,1.043962783813476562e+02,1.235740966796875000e+02,1.426341552734375000e+02,9.424128723144531250e+01,1.753191986083984375e+02,1.535286407470703125e+02,1.751039428710937500e+02
7.964880371093750000e+01,8.862338256835937500e+01,1.832841796875000000e+02,1.183877792358398438e+02,1.299972686767578125e+02,1.472252655029296875e+02,7.613891601562500000e+01,1.633442687988281250e+02,1.484547882080078125e+02,1.811553649902343750e+02
7.841748046875000000e+01,1.024664611816406250e+02,1.753336181640625000e+02,1.054912872314453125e+02,1.220640335083007812e+02,1.437697143554687500e+02,8.525806427001953125e+01,1.663776092529296875e+02,1.625533142089843750e+02,1.701192932128906250e+02
8.137254333496093750e+01,9.660223388671875000e+01,1.730449218750000000e+02,1.087057647705078125e+02,1.351122894287109375e+02,1.509838714599609375e+02,8.897593688964843750e+01,1.683159179687500000e+02,1.585926818847656250e+02,1.717537536621093750e+02
8.383555603027343750e+01,9.399691772460937500e+01,1.698014831542968750e+02,1.119169464111328125e+02,1.401226196289062500e+02,1.249043350219726562e+02,8.639562988281250000e+01,1.603612976074218750e+02,1.481721038818359375e+02,1.725994110107421875e+02
8.126130676269531250e+01,1.089265213012695312e+02,1.791401367187500000e+02,1.001464385986328125e+02,1.268776855468750000e+02,1.407768859863281250e+02,1.052065048217773438e+02,1.807947235107421875e+02,1.675103454589843750e+02,1.753697814941406250e+02
6.907264709472656250e+01,1.042238998413085938e+02,1.818969726562500000e+02,1.013307266235351562e+02,1.282623291015625000e+02,1.277673110961914062e+02,9.207685089111328125e+01,1.752269287109375000e+02,1.649589691162109375e+02,1.742824401855468750e+02
7.985159301757812500e+01,9.757949066162109375e+01,1.765378417968750000e+02,1.100607147216796875e+02,1.504941253662109375e+02,1.409313049316406250e+02,9.522828674316406250e+01,1.767757873535156250e+02,1.494771118164062500e+02,1.817875061035156250e+02
7.494529724121093750e+01,1.183081054687500000e+02,1.736852111816406250e+02,9.160449218750000000e+01,1.318550872802734375e+02,1.340976562500000000e+02,1.114962615966796875e+02,1.827234039306640625e+02,1.743945770263671875e+02,1.665936431884765625e+02
7.982000732421875000e+01,9.633257293701171875e+01,1.756630859375000000e+02,1.082261962890625000e+02,1.178068237304687500e+02,1.394387359619140625e+02,8.373595428466796875e+01,1.621846008300781250e+02,1.540341949462890625e+02,1.729489135742187500e+02
7.389454650878906250e+01,1.025514373779296875e+02,1.821049499511718750e+02,1.069989166259765625e+02,1.311680908203125000e+02,1.413168029785156250e+02,8.988737487792968750e+01,1.752704467773437500e+02,1.572186279296875000e+02,1.804528808593750000e+02
7.830203247070312500e+01,1.169157409667968750e+02,1.665230407714843750e+02,9.044265747070312500e+01,1.303099365234375000e+02,1.371893463134765625e+02,1.147287292480468750e+02,1.843457946777343750e+02,1.723372802734375000e+02,1.673065948486328125e+02
7.811839294433593750e+01,9.659246826171875000e+01,1.782525329589843750e+02,1.093917617797851562e+02,1.256185760498046875e+02,1.408936004638671875e+02,9.025068664550781250e+01,1.751246795654296875e+02,1.514719238281250000e+02,1.809712829589843750e+02
6.784127807617187500e+01,1.109978637695312500e+02,1.835521697998046875e+02,1.007545089721679688e+02,1.401496582031250000e+02,1.586727752685546875e+02,1.069873504638671875e+02,1.901697692871093750e+02,1.608296508789062500e+02,1.827314605712890625e+02
7.816730499267578125e+01,1.038462982177734375e+02,1.752453613281250000e+02,1.054352264404296875e+02,1.285677795410156250e+02,1.449685974121093750e+02,9.438204956054687500e+01,1.719295349121093750e+02,1.592923126220703125e+02,1.722911834716796875e+02
7.475238037109375000e+01,1.075130004882812500e+02,1.768356628417968750e+02,9.694229888916015625e+01,1.409282531738281250e+02,1.358083343505859375e+02,1.069735336303710938e+02,1.815505828857421875e+02,1.658505249023437500e+02,1.702766571044921875e+02
7.937199401855468750e+01,1.078535842895507812e+02,1.813005981445312500e+02,9.947264099121093750e+01,1.228181304931640625e+02,1.246778030395507812e+02,9.829942321777343750e+01,1.803588256835937500e+02,1.645851135253906250e+02,1.758607177734375000e+02
8.197131347656250000e+01,9.910693359375000000e+01,1.757936401367187500e+02,1.082510910034179688e+02,1.319989013671875000e+02,1.413942108154296875e+02,8.968468475341796875e+01,1.713908081054687500e+02,1.518169097900390625e+02,1.774769287109375000e+02
7.729342651367187500e+01,9.578196716308593750e+01,1.759164123535156250e+02,1.083540115356445312e+02,1.271306076049804688e+02,1.439099578857421875e+02,8.292150878906250000e+01,1.650373535156250000e+02,1.537953033447265625e+02,1.759218902587890625e+02
7.415419006347656250e+01,1.229909973144531250e+02,1.744033813476562500e+02,8.407345581054687500e+01,1.259228134155273438e+02,1.526225128173828125e+02,1.277570571899414062e+02,1.861734008789062500e+02,1.825809173583984375e+02,1.657351226806640625e+02
8.335687255859375000e+01,9.691819763183593750e+01,1.717355651855468750e+02,1.114836425781250000e+02,1.075397796630859375e+02,1.251643905639648438e+02,8.145697021484375000e+01,1.629401855468750000e+02,1.393592071533203125e+02,1.743731689453125000e+02
8.282427978515625000e+01,1.053886260986328125e+02,1.769934387207031250e+02,1.038388671875000000e+02,1.503472137451171875e+02,1.465615997314453125e+02,9.789387512207031250e+01,1.865502319335937500e+02,1.548652954101562500e+02,1.843435516357421875e+02
7.668006896972656250e+01,1.049029388427734375e+02,1.731875000000000000e+02,1.034221649169921875e+02,1.190036010742187500e+02,1.415073089599609375e+02,8.781758117675781250e+01,1.713084259033203125e+02,1.605047607421875000e+02,1.697217407226562500e+02
6.472189331054687500e+01,1.087862319946289062e+02,1.866306762695312500e+02,9.976847839355468750e+01,1.247606735229492188e+02,1.529030456542968750e+02,9.285877227783203125e+01,1.869664001464843750e+02,1.730059814453125000e+02,1.797973632812500000e+02
8.440873718261718750e+01,8.489482116699218750e+01,1.769632263183593750e+02,1.227289123535156250e+02,1.170552825927734375e+02,1.299497528076171875e+02,7.372557067871093750e+01,1.606716613769531250e+02,1.296603240966796875e+02,1.834993896484375000e+02
8.876722717285156250e+01,1.111710586547851562e+02,1.645587310791015625e+02,9.741681671142578125e+01,1.198481826782226562e+02,1.395672607421875000e+02,1.119961090087890625e+02,1.742501220703125000e+02,1.713505554199218750e+02,1.627182006835937500e+02
7.440209960937500000e+01,1.071412429809570312e+02,1.791019897460937500e+02,9.813732147216796875e+01,1.348220520019531250e+02,1.546584472656250000e+02,1.064203720092773438e+02,1.845963439941406250e+02,1.653055725097656250e+02,1.783377990722656250e+02
7.481233215332031250e+01,9.793627166748046875e+01,1.851287536621093750e+02,1.089570693969726562e+02,1.265093002319335938e+02,1.548608245849609375e+02,7.992356109619140625e+01,1.655469360351562500e+02,1.649010009765625000e+02,1.731003723144531250e+02
8.206022644042968750e+01,1.047809982299804688e+02,1.798839721679687500e+02,1.037246398925781250e+02,1.199603805541992188e+02,1.498801574707031250e+02,1.053030242919921875e+02,1.829307098388671875e+02,1.618925323486328125e+02,1.839271240234375000e+02
7.547666931152343750e+01,8.513298034667968750e+01,1.882364196777343750e+02,1.232638473510742188e+02,1.048231048583984375e+02,1.626680603027343750e+02,7.017053222656250000e+01,1.727913818359375000e+02,1.339197235107421875e+02,1.941059570312500000e+02
7.767089843750000000e+01,1.042096252441406250e+02,1.778050384521484375e+02,1.053243408203125000e+02,1.313581542968750000e+02,1.579565124511718750e+02,9.866746520996093750e+01,1.832616271972656250e+02,1.546676635742187500e+02,1.846736145019531250e+02
6.576053619384765625e+01,1.026065139770507812e+02,1.876710510253906250e+02,1.026634063720703125e+02,1.183897018432617188e+02,1.298496704101562500e+02,8.875038909912109375e+01,1.810192260742187500e+02,1.578373718261718750e+02,1.812812042236328125e+02
8.175472259521484375e+01,1.091190719604492188e+02,1.711574096679687500e+02,9.823632812500000000e+01,1.093601531982421875e+02,1.297492370605468750e+02,9.741246032714843750e+01,1.806263427734375000e+02,1.553595733642578125e+02,1.756745300292968750e+02
8.324772644042968750e+01,1.056155166625976562e+02,1.768707122802734375e+02,1.023242568969726562e+02,1.333779449462890625e+02,1.346957855224609375e+02,1.025735015869140625e+02,1.713101348876953125e+02,1.669562225341796875e+02,1.695924072265625000e+02
8.679074096679687500e+01,1.057899780273437500e+02,1.639356231689453125e+02,1.010716552734375000e+02,1.462231903076171875e+02,1.309436340332031250e+02,1.060756835937500000e+02,1.777873840332031250e+02,1.584787445068359375e+02,1.717757110595703125e+02
7.924069213867187500e+01,1.177331466674804688e+02,1.633645019531250000e+02,9.141453552246093750e+01,1.268738174438476562e+02,1.408653869628906250e+02,1.205333862304687500e+02,1.907951049804687500e+02,1.628277282714843750e+02,1.766132049560546875e+02
7.607742309570312500e+01,1.104207687377929688e+02,1.742496948242187500e+02,9.578312683105468750e+01,1.436832885742187500e+02,1.459714965820312500e+02,9.429925537109375000e+01,1.750740051269531250e+02,1.704487915039062500e+02,1.641045227050781250e+02
7.802072906494140625e+01,1.114577407836914062e+02,1.745591125488281250e+02,9.479718780517578125e+01,1.285462341308593750e+02,1.436864624023437500e+02,1.085269470214843750e+02,1.814994354248046875e+02,1.737608337402343750e+02,1.684939117431640625e+02
6.775588989257812500e+01,1.085093994140625000e+02,1.803567962646484375e+02,9.745282745361328125e+01,1.243612976074218750e+02,1.506752166748046875e+02,9.486056518554687500e+01,1.790344390869140625e+02,1.663888092041015625e+02,1.704391937255859375e+02
7.390776062011718750e+01,1.152713775634765625e+02,1.722855224609375000e+02,9.558438110351562500e+01,1.292971801757812500e+02,1.397394561767578125e+02,9.959197235107421875e+01,1.847905578613281250e+02,1.630509033203125000e+02,1.725101013183593750e+02
7.394226074218750000e+01,1.016192779541015625e+02,1.806957702636718750e+02,1.082288818359375000e+02,1.322107391357421875e+02,1.466892089843750000e+02,9.312149047851562500e+01,1.836216278076171875e+02,1.530913543701171875e+02,1.860724182128906250e+02
8.070909118652343750e+01,1.166220626831054688e+02,1.660425872802734375e+02,9.211215209960937500e+01,1.268767852783203125e+02,1.394671478271484375e+02,1.099011688232421875e+02,1.755054016113281250e+02,1.760167083740234375e+02,1.537961120605468750e+02
8.270915222167968750e+01,1.084831390380859375e+02,1.729995574951171875e+02,9.823722839355468750e+01,1.321310882568359375e+02,1.436114349365234375e+02,1.004639587402343750e+02,1.678211822509765625e+02,1.726806182861328125e+02,1.582192993164062500e+02
7.251623535156250000e+01,1.072099914550781250e+02,1.806978759765625000e+02,1.017597351074218750e+02,1.299919281005859375e+02,1.445578613281250000e+02,1.001659088134765625e+02,1.841065979003906250e+02,1.684880065917968750e+02,1.813150024414062500e+02
8.160340881347656250e+01,9.446825408935546875e+01,1.833019256591796875e+02,1.121695175170898438e+02,1.231012115478515625e+02,1.451819610595703125e+02,8.235044860839843750e+01,1.572548217773437500e+02,1.596878967285156250e+02,1.723674926757812500e+02
7.371626281738281250e+01,1.132939682006835938e+02,1.689486083984375000e+02,9.581872558593750000e+01,1.335830230712890625e+02,1.502951202392578125e+02,9.565812683105468750e+01,1.793437957763671875e+02,1.680746002197265625e+02,1.663577270507812500e+02
8.383349609375000000e+01,9.300839233398437500e+01,1.790639953613281250e+02,1.142342376708984375e+02,1.308231506347656250e+02,1.506585998535156250e+02,8.474669647216796875e+01,1.754378356933593750e+02,1.423227844238281250e+02,1.855345001220703125e+02
7.777890014648437500e+01,1.033688812255859375e+02,1.770508422851562500e+02,1.031360244750976562e+02,1.309911804199218750e+02,1.165018081665039062e+02,9.551037597656250000e+01,1.724634094238281250e+02,1.562288513183593750e+02,1.742546081542968750e+02
7.931076049804687500e+01,1.100771942138671875e+02,1.739259033203125000e+02,9.829241943359375000e+01,1.275856475830078125e+02,1.362850036621093750e+02,9.995149230957031250e+01,1.710425872802734375e+02,1.696786193847656250e+02,1.617927398681640625e+02
7.822954559326171875e+01,1.005382080078125000e+02,1.777744445800781250e+02,1.065518188476562500e+02,1.233162536621093750e+02,1.494046630859375000e+02,9.139847564697265625e+01,1.834634399414062500e+02,1.537915802001953125e+02,1.838825378417968750e+02
8.170695495605468750e+01,1.039227981567382812e+02,1.791300048828125000e+02,1.052359161376953125e+02,1.279819946289062500e+02,1.322327728271484375e+02,9.838527679443359375e+01,1.756492004394531250e+02,1.630041961669921875e+02,1.763860778808593750e+02
8.022262573242187500e+01,1.207460098266601562e+02,1.641333007812500000e+02,8.554436492919921875e+01,1.185640716552734375e+02,1.490100250244140625e+02,1.201441497802734375e+02,1.781914062500000000e+02,1.835505828857421875e+02,1.559525451660156250e+02
8.657295227050781250e+01,1.036486358642578125e+02,1.765606231689453125e+02,1.059308013916015625e+02,1.058290634155273438e+02,1.378903198242187500e+02,9.964125061035156250e+01,1.797199096679687500e+02,1.543509368896484375e+02,1.817754669189453125e+02
7.598651123046875000e+01,1.048877029418945312e+02,1.800294494628906250e+02,9.814094543457031250e+01,1.377744293212890625e+02,1.260026092529296875e+02,1.056680755615234375e+02,1.775001831054687500e+02,1.664752960205078125e+02,1.742258911132812500e+02
8.255146026611328125e+01,1.058539352416992188e+02,1.656809692382812500e+02,1.015741424560546875e+02,1.202214736938476562e+02,1.480389556884765625e+02,9.905243682861328125e+01,1.745941314697265625e+02,1.613070068359375000e+02,1.734512176513671875e+02
8.802269744873046875e+01,1.073805389404296875e+02,1.691817321777343750e+02,1.012204666137695312e+02,1.413452758789062500e+02,1.473346252441406250e+02,1.009763870239257812e+02,1.791985778808593750e+02,1.483296051025390625e+02,1.775320434570312500e+02
8.211090087890625000e+01,1.051380004882812500e+02,1.804252166748046875e+02,1.039789276123046875e+02,1.268096847534179688e+02,1.324346466064453125e+02,9.717475891113281250e+01,1.691426544189453125e+02,1.682985534667968750e+02,1.687889099121093750e+02
7.887763977050781250e+01,1.030964431762695312e+02,1.714464721679687500e+02,1.026424179077148438e+02,1.351720581054687500e+02,1.328413848876953125e+02,9.135385131835937500e+01,1.692987976074218750e+02,1.590057830810546875e+02,1.704286346435546875e+02
8.378326416015625000e+01,1.131839904785156250e+02,1.687962646484375000e+02,9.279995727539062500e+01,1.063209457397460938e+02,1.218347015380859375e+02,1.013482208251953125e+02,1.769916992187500000e+02,1.571898803710937500e+02,1.681885681152343750e+02
8.305090332031250000e+01,1.057797470092773438e+02,1.675104827880859375e+02,1.029425811767578125e+02,1.394292297363281250e+02,1.410253753662109375e+02,9.148982238769531250e+01,1.653196716308593750e+02,1.592652282714843750e+02,1.635402526855468750e+02
8.134611511230468750e+01,1.095211181640625000e+02,1.783545379638671875e+02,9.696791076660156250e+01,1.566105194091796875e+02,1.326660003662109375e+02,1.214961166381835938e+02,1.885359649658203125e+02,1.697962341308593750e+02,1.796714630126953125e+02
7.607726287841796875e+01,1.137040939331054688e+02,1.714796905517578125e+02,9.616941833496093750e+01,1.354070739746093750e+02,1.465594329833984375e+02,9.422552490234375000e+01,1.730658721923828125e+02,1.750863800048828125e+02,1.585592498779296875e+02
7.547219848632812500e+01,1.097734298706054688e+02,1.731556854248046875e+02,9.891589355468750000e+01,1.292565612792968750e+02,1.474294128417968750e+02,9.469808197021484375e+01,1.736617279052734375e+02,1.675619659423828125e+02,1.637473449707031250e+02
8.096006774902343750e+01,8.817365264892578125e+01,1.898192901611328125e+02,1.238112411499023438e+02,1.150745925903320312e+02,1.621842193603515625e+02,7.605329895019531250e+01,1.730285186767578125e+02,1.443708190917968750e+02,1.949716796875000000e+02
8.313697814941406250e+01,1.051842422485351562e+02,1.688714599609375000e+02,1.003056106567382812e+02,1.179335632324218750e+02,1.286154327392578125e+02,9.827666473388671875e+01,1.716572875976562500e+02,1.593706817626953125e+02,1.693815612792968750e+02
7.894262695312500000e+01,1.098246612548828125e+02,1.690579223632812500e+02,1.000561523437500000e+02,1.468886260986328125e+02,1.457476806640625000e+02,9.380284118652343750e+01,1.757614440917968750e+02,1.629890136718750000e+02,1.671125946044921875e+02
8.396403503417968750e+01,1.218033905029296875e+02,1.623874053955078125e+02,8.453242492675781250e+01,1.093907165527343750e+02,1.349838562011718750e+02,1.208518753051757812e+02,1.840023498535156250e+02,1.711334228515625000e+02,1.627350769042968750e+02
7.008681488037109375e+01,1.154993972778320312e+02,1.804234313964843750e+02,9.077686309814453125e+01,1.311937408447265625e+02,1.399580688476562500e+02,1.063788375854492188e+02,1.867131347656250000e+02,1.760031280517578125e+02,1.704460296630859375e+02
7.212507629394531250e+01,1.051392593383789062e+02,1.840483703613281250e+02,1.041264724731445312e+02,1.263840713500976562e+02,1.445227661132812500e+02,9.146745300292968750e+01,1.737418670654296875e+02,1.674327545166015625e+02,1.752472839355468750e+02
8.089790344238281250e+01,1.212769775390625000e+02,1.659597320556640625e+02,8.673020935058593750e+01,1.206643676757812500e+02,1.535119171142578125e+02,1.147765731811523438e+02,1.845310363769531250e+02,1.752074279785156250e+02,1.635987243652343750e+02
8.022546386718750000e+01,9.664939117431640625e+01,1.696967773437500000e+02,1.128391799926757812e+02,1.088212280273437500e+02,1.462358703613281250e+02,8.576577758789062500e+01,1.723735656738281250e+02,1.443779144287109375e+02,1.814125976562500000e+02
8.153697204589843750e+01,1.212779693603515625e+02,1.707048187255859375e+02,8.858245086669921875e+01,1.351482543945312500e+02,1.464622497558593750e+02,1.143583984375000000e+02,1.794407043457031250e+02,1.833971099853515625e+02,1.543338470458984375e+02
7.808068084716796875e+01,1.116221847534179688e+02,1.721179809570312500e+02,9.431271362304687500e+01,1.265110397338867188e+02,1.385572357177734375e+02,1.055819778442382812e+02,1.828486022949218750e+02,1.641553649902343750e+02,1.725995788574218750e+02
8.592701721191406250e+01,1.002230758666992188e+02,1.680823364257812500e+02,1.051648941040039062e+02,1.290046081542968750e+02,1.369737548828125000e+02,9.944609069824218750e+01,1.776126403808593750e+02,1.457267608642578125e+02,1.778054504394531250e+02
7.694991302490234375e+01,1.226982574462890625e+02,1.634526367187500000e+02,8.325595092773437500e+01,1.325937194824218750e+02,1.393490295410156250e+02,1.182864379882812500e+02,1.774211578369140625e+02,1.785800476074218750e+02,1.532665405273437500e+02
7.753903198242187500e+01,1.003011322021484375e+02,1.736653442382812500e+02,1.054479293823242188e+02,1.256889419555664062e+02,1.247358627319335938e+02,9.512797546386718750e+01,1.772657470703125000e+02,1.524718170166015625e+02,1.780017700195312500e+02
8.355238342285156250e+01,1.084200439453125000e+02,1.680319824218750000e+02,1.001047515869140625e+02,1.399342346191406250e+02,1.445321350097656250e+02,1.009492111206054688e+02,1.728051757812500000e+02,1.649774627685546875e+02,1.651451416015625000e+02
7.248445892333984375e+01,8.636921691894531250e+01,1.885817718505859375e+02,1.207351608276367188e+02,1.305180358886718750e+02,1.524554595947265625e+02,6.919032287597656250e+01,1.605722351074218750e+02,1.457375030517578125e+02,1.829844207763671875e+02
8.098141479492187500e+01,1.102031784057617188e+02,1.731462402343750000e+02,9.549005126953125000e+01,1.371222839355468750e+02,1.402124328613281250e+02,1.040961456298828125e+02,1.727796783447265625e+02,1.710708618164062500e+02,1.616046447753906250e+02
7.844295501708984375e+01,1.015204238891601562e+02,1.785554046630859375e+02,1.057298889160156250e+02,1.281130828857421875e+02,1.288526000976562500e+02,9.660809326171875000e+01,1.784234619140625000e+02,1.525640869140625000e+02,1.782119445800781250e+02
8.817422485351562500e+01,9.117317962646484375e+01,1.712940673828125000e+02,1.201068115234375000e+02,1.297815704345703125e+02,1.354779815673828125e+02,7.698514556884765625e+01,1.579555053710937500e+02,1.350574188232421875e+02,1.792900695800781250e+02
8.190708160400390625e+01,1.192929306030273438e+02,1.655370941162109375e+02,8.937069702148437500e+01,1.312767028808593750e+02,1.429087524414062500e+02,1.156163787841796875e+02,1.751309509277343750e+02,1.788865661621093750e+02,1.512857360839843750e+02
8.430871582031250000e+01,1.047669067382812500e+02,1.713044128417968750e+02,9.928897094726562500e+01,1.514579315185546875e+02,1.192472763061523438e+02,1.230341873168945312e+02,1.780655059814453125e+02,1.718847961425781250e+02,1.749802246093750000e+02
7.291920471191406250e+01,1.103486785888671875e+02,1.812533416748046875e+02,9.971891784667968750e+01,1.387201995849609375e+02,1.591990051269531250e+02,1.034642791748046875e+02,1.844931335449218750e+02,1.671334991455078125e+02,1.786408386230468750e+02
7.576457214355468750e+01,1.005381927490234375e+02,1.806271209716796875e+02,1.051469955444335938e+02,1.320227508544921875e+02,1.217222976684570312e+02,9.550532531738281250e+01,1.748428192138671875e+02,1.569749145507812500e+02,1.770794219970703125e+02
7.847331237792968750e+01,1.119673919677734375e+02,1.723542175292968750e+02,9.668077850341796875e+01,1.380968017578125000e+02,1.309347076416015625e+02,1.063172302246093750e+02,1.748660736083984375e+02,1.699165344238281250e+02,1.620148010253906250e+02
7.626268005371093750e+01,1.197126007080078125e+02,1.726674499511718750e+02,9.021140289306640625e+01,1.427090759277343750e+02,1.486327514648437500e+02,1.096488113403320312e+02,1.829248657226562500e+02,1.801967468261718750e+02,1.593356018066406250e+02
7.823855590820312500e+01,1.085446548461914062e+02,1.748559265136718750e+02,1.006260833740234375e+02,1.344870452880859375e+02,1.342853088378906250e+02,1.043495559692382812e+02,1.847363586425781250e+02,1.578648071289062500e+02,1.790031280517578125e+02
8.315238189697265625e+01,9.375872802734375000e+01,1.720606994628906250e+02,1.138190612792968750e+02,1.355885620117187500e+02,1.414423217773437500e+02,8.050469207763671875e+01,1.696324310302734375e+02,1.413884582519531250e+02,1.759756164550781250e+02
8.288111877441406250e+01,9.673796081542968750e+01,1.749900817871093750e+02,1.095752334594726562e+02,1.353718719482421875e+02,1.428377380371093750e+02,9.050446319580078125e+01,1.725984497070312500e+02,1.452857666015625000e+02,1.812699890136718750e+02
8.312100219726562500e+01,1.160009078979492188e+02,1.746334533691406250e+02,9.421392822265625000e+01,1.453493804931640625e+02,1.432678070068359375e+02,1.197935180664062500e+02,1.847693481445312500e+02,1.780995483398437500e+02,1.684088439941406250e+02
8.184572601318359375e+01,9.510919189453125000e+01,1.748698120117187500e+02,1.109087371826171875e+02,1.278113937377929688e+02,1.428325042724609375e+02,8.875154113769531250e+01,1.660405578613281250e+02,1.522317199707031250e+02,1.733590087890625000e+02
6.999385070800781250e+01,1.049733428955078125e+02,1.810540008544921875e+02,1.017543029785156250e+02,1.361160125732421875e+02,1.397784881591796875e+02,9.578005981445312500e+01,1.829586334228515625e+02,1.572017059326171875e+02,1.789096221923828125e+02
6.949662780761718750e+01,1.076725997924804688e+02,1.800682678222656250e+02,1.045544281005859375e+02,1.211871337890625000e+02,1.611807708740234375e+02,9.260791015625000000e+01,1.850960388183593750e+02,1.566977081298828125e+02,1.826654052734375000e+02
8.423480987548828125e+01,1.095908203125000000e+02,1.731234130859375000e+02,1.015069046020507812e+02,1.325755767822265625e+02,1.359987182617187500e+02,9.790316772460937500e+01,1.708155212402343750e+02,1.687167663574218750e+02,1.668201751708984375e+02
8.104868316650390625e+01,1.078414764404296875e+02,1.668036804199218750e+02,1.020041046142578125e+02,1.487900543212890625e+02,1.478119506835937500e+02,1.051852569580078125e+02,1.871896667480468750e+02,1.509414215087890625e+02,1.798297119140625000e+02
8.390338897705078125e+01,1.066363067626953125e+02,1.771637268066406250e+02,1.032612380981445312e+02,1.304250183105468750e+02,1.441981811523437500e+02,9.757585144042968750e+01,1.720370483398437500e+02,1.686983795166015625e+02,1.693750610351562500e+02
7.452079772949218750e+01,1.037472534179687500e+02,1.791505737304687500e+02,1.069495391845703125e+02,1.351205902099609375e+02,1.311201782226562500e+02,9.594808197021484375e+01,1.788504333496093750e+02,1.620002899169921875e+02,1.791584777832031250e+02
8.124508666992187500e+01,8.450651550292968750e+01,1.827082824707031250e+02,1.205791625976562500e+02,1.328242034912109375e+02,1.374208984375000000e+02,7.675245666503906250e+01,1.608824462890625000e+02,1.380320281982421875e+02,1.838902587890625000e+02
9.025138854980468750e+01,8.469603729248046875e+01,1.744644775390625000e+02,1.258564071655273438e+02,1.032604370117187500e+02,1.299619598388671875e+02,7.710131835937500000e+01,1.624513854980468750e+02,1.243867568969726562e+02,1.859791259765625000e+02
7.779544830322265625e+01,1.136442871093750000e+02,1.721333312988281250e+02,9.415953063964843750e+01,1.307804565429687500e+02,1.322724456787109375e+02,1.012027130126953125e+02,1.742462005615234375e+02,1.719288787841796875e+02,1.581903686523437500e+02
8.082290649414062500e+01,1.075128631591796875e+02,1.749254913330078125e+02,9.689289855957031250e+01,1.201150512695312500e+02,1.514307250976562500e+02,1.006203308105468750e+02,1.676925964355468750e+02,1.759529724121093750e+02,1.569021148681640625e+02
7.024885559082031250e+01,1.117743682861328125e+02,1.870284118652343750e+02,9.395025634765625000e+01,1.507005767822265625e+02,1.321308746337890625e+02,1.173436737060546875e+02,1.905677795410156250e+02,1.804481201171875000e+02,1.793196716308593750e+02
7.532115173339843750e+01,9.183582305908203125e+01,1.851470336914062500e+02,1.168763122558593750e+02,1.220616455078125000e+02,1.604507446289062500e+02,8.543482971191406250e+01,1.814842987060546875e+02,1.436404266357421875e+02,1.927155914306640625e+02
8.395326232910156250e+01,9.029615783691406250e+01,1.749389953613281250e+02,1.160844802856445312e+02,1.076285171508789062e+02,1.357796020507812500e+02,7.606816101074218750e+01,1.549024963378906250e+02,1.473198547363281250e+02,1.767652740478515625e+02
7.445030975341796875e+01,1.193667068481445312e+02,1.655100097656250000e+02,9.008044433593750000e+01,1.460779724121093750e+02,1.387078857421875000e+02,1.041040649414062500e+02,1.776862640380859375e+02,1.737046813964843750e+02,1.537546081542968750e+02
7.613163757324218750e+01,1.147014541625976562e+02,1.718332824707031250e+02,9.641663360595703125e+01,1.302190093994140625e+02,1.487841796875000000e+02,1.011589965820312500e+02,1.780478668212890625e+02,1.736468811035156250e+02,1.668049011230468750e+02
7.307684326171875000e+01,9.607189178466796875e+01,1.864649047851562500e+02,1.133953781127929688e+02,1.289969787597656250e+02,1.528775177001953125e+02,8.665560150146484375e+01,1.785085906982421875e+02,1.562244567871093750e+02,1.872555847167968750e+02
7.944389343261718750e+01,9.393222045898437500e+01,1.798550262451171875e+02,1.133795089721679688e+02,1.285804595947265625e+02,1.618329162597656250e+02,7.569029998779296875e+01,1.702873382568359375e+02,1.429654235839843750e+02,1.836970520019531250e+02
7.800164031982421875e+01,9.954928588867187500e+01,1.749308776855468750e+02,1.074506301879882812e+02,1.295953369140625000e+02,1.456459655761718750e+02,8.577790832519531250e+01,1.674104919433593750e+02,1.553479766845703125e+02,1.732272796630859375e+02
7.562167358398437500e+01,1.199579010009765625e+02,1.737540893554687500e+02,9.267283630371093750e+01,1.160678024291992188e+02,1.288452453613281250e+02,9.948240661621093750e+01,1.779641113281250000e+02,1.709376220703125000e+02,1.580138092041015625e+02
9.105567932128906250e+01,8.710156250000000000e+01,1.766075897216796875e+02,1.221664886474609375e+02,1.310733489990234375e+02,1.444550018310546875e+02,6.929771423339843750e+01,1.522607116699218750e+02,1.421460113525390625e+02,1.779032440185546875e+02
8.343367004394531250e+01,1.160558090209960938e+02,1.652946166992187500e+02,9.607308959960937500e+01,1.277315139770507812e+02,1.358985290527343750e+02,1.164299621582031250e+02,1.854266967773437500e+02,1.582872467041015625e+02,1.775695495605468750e+02
8.397761535644531250e+01,9.981880187988281250e+01,1.699858398437500000e+02,1.064455566406250000e+02,1.422199249267578125e+02,1.372869110107421875e+02,8.984577178955078125e+01,1.639700012207031250e+02,1.565430603027343750e+02,1.681902465820312500e+02
8.778889465332031250e+01,1.054604873657226562e+02,1.704325256347656250e+02,9.963747406005859375e+01,1.557143859863281250e+02,1.270624237060546875e+02,1.144284210205078125e+02,1.777776336669921875e+02,1.680600738525390625e+02,1.703568115234375000e+02
7.809751892089843750e+01,1.088594284057617188e+02,1.781619110107421875e+02,1.000055770874023438e+02,1.193914642333984375e+02,1.552363281250000000e+02,1.092636032104492188e+02,1.782087860107421875e+02,1.714057922363281250e+02,1.742781372070312500e+02
8.861708068847656250e+01,1.122527313232421875e+02,1.680242919921875000e+02,9.613049316406250000e+01,1.466169128417968750e+02,1.304118804931640625e+02,1.187982025146484375e+02,1.806758575439453125e+02,1.665543823242187500e+02,1.685075683593750000e+02
7.762772369384765625e+01,9.875486755371093750e+01,1.766547851562500000e+02,1.090255889892578125e+02,1.215971298217773438e+02,1.500940856933593750e+02,9.606628417968750000e+01,1.812470550537109375e+02,1.464102630615234375e+02,1.858403472900390625e+02
8.026274871826171875e+01,1.256609649658203125e+02,1.634508361816406250e+02,8.212063598632812500e+01,1.364133453369140625e+02,1.508882293701171875e+02,1.267635116577148438e+02,1.821108093261718750e+02,1.829086456298828125e+02,1.571548156738281250e+02
7.929244995117187500e+01,9.566116333007812500e+01,1.856758728027343750e+02,1.102946166992187500e+02,1.297077789306640625e+02,1.503050689697265625e+02,8.376579284667968750e+01,1.624846038818359375e+02,1.653824920654296875e+02,1.725575561523437500e+02
7.097302246093750000e+01,1.097953796386718750e+02,1.763215637207031250e+02,1.007245788574218750e+02,1.317494506835937500e+02,1.362438964843750000e+02,9.425064849853515625e+01,1.776402587890625000e+02,1.638432617187500000e+02,1.746564788818359375e+02
8.357047271728515625e+01,1.009329986572265625e+02,1.734088439941406250e+02,1.075621490478515625e+02,1.014830551147460938e+02,1.361689453125000000e+02,8.582699584960937500e+01,1.769662322998046875e+02,1.445918731689453125e+02,1.812147674560546875e+02
8.011136627197265625e+01,1.052389984130859375e+02,1.766772613525390625e+02,1.053009262084960938e+02,1.285200042724609375e+02,1.379850463867187500e+02,8.977241516113281250e+01,1.650740051269531250e+02,1.697845916748046875e+02,1.645797424316406250e+02
8.082391357421875000e+01,9.214888000488281250e+01,1.790872192382812500e+02,1.167283859252929688e+02,1.278144760131835938e+02,1.451148376464843750e+02,8.312899780273437500e+01,1.789605407714843750e+02,1.407941131591796875e+02,1.911565856933593750e+02
8.417625427246093750e+01,8.582812500000000000e+01,1.820630187988281250e+02,1.255572891235351562e+02,1.106248626708984375e+02,1.394381561279296875e+02,7.022258758544921875e+01,1.676090698242187500e+02,1.313059234619140625e+02,1.908416442871093750e+02
7.830673217773437500e+01,1.114011383056640625e+02,1.714605102539062500e+02,9.861253356933593750e+01,1.473155822753906250e+02,1.447144165039062500e+02,1.058715057373046875e+02,1.845932922363281250e+02,1.639876556396484375e+02,1.725193023681640625e+02
8.055117797851562500e+01,1.169331893920898438e+02,1.780568237304687500e+02,9.559419250488281250e+01,1.430338897705078125e+02,1.433117370605468750e+02,1.175592803955078125e+02,1.872854309082031250e+02,1.796317596435546875e+02,1.741385192871093750e+02
8.712620544433593750e+01,1.075640869140625000e+02,1.728532409667968750e+02,1.006507492065429688e+02,1.250317230224609375e+02,1.393845367431640625e+02,1.009484252929687500e+02,1.715609741210937500e+02,1.655428161621093750e+02,1.661855926513671875e+02
8.072541809082031250e+01,1.049827957153320312e+02,1.761393127441406250e+02,1.015545043945312500e+02,1.299178161621093750e+02,1.458969116210937500e+02,9.076463317871093750e+01,1.665345153808593750e+02,1.701431274414062500e+02,1.635090026855468750e+02
8.372564697265625000e+01,1.173584823608398438e+02,1.625768127441406250e+02,9.028634643554687500e+01,1.536328277587890625e+02,1.310526733398437500e+02,1.204580383300781250e+02,1.751946258544921875e+02,1.781094360351562500e+02,1.534934387207031250e+02
7.717729949951171875e+01,9.517378234863281250e+01,1.777658996582031250e+02,1.109142379760742188e+02,1.372040405273437500e+02,1.389397735595703125e+02,8.712603759765625000e+01,1.746653900146484375e+02,1.465795745849609375e+02,1.840623626708984375e+02
8.373234558105468750e+01,1.140090103149414062e+02,1.619657897949218750e+02,9.412364959716796875e+01,1.288913879394531250e+02,1.239195709228515625e+02,1.052291870117187500e+02,1.720382080078125000e+02,1.677139892578125000e+02,1.571723480224609375e+02
8.439906311035156250e+01,1.079187698364257812e+02,1.646082153320312500e+02,9.909036254882812500e+01,1.349471588134765625e+02,1.373157501220703125e+02,1.030438842773437500e+02,1.746120300292968750e+02,1.572143249511718750e+02,1.685765228271484375e+02
9.370289611816406250e+01,9.645820617675781250e+01,1.667122497558593750e+02,1.122845001220703125e+02,1.424036407470703125e+02,1.428802032470703125e+02,7.978889465332031250e+01,1.599245605468750000e+02,1.451155090332031250e+02,1.739441833496093750e+02
6.866964721679687500e+01,1.160996093750000000e+02,1.708851318359375000e+02,9.326576995849609375e+01,1.400701293945312500e+02,1.434830322265625000e+02,9.799933624267578125e+01,1.795277404785156250e+02,1.718332214355468750e+02,1.614442138671875000e+02
7.564541625976562500e+01,1.123441696166992188e+02,1.711068725585937500e+02,9.376741027832031250e+01,1.415326995849609375e+02,1.419187164306640625e+02,1.066544647216796875e+02,1.826521911621093750e+02,1.665403442382812500e+02,1.664363861083984375e+02
8.246961212158203125e+01,1.221396484375000000e+02,1.724566345214843750e+02,8.556489562988281250e+01,1.377493896484375000e+02,1.480847167968750000e+02,1.227184143066406250e+02,1.846234436035156250e+02,1.846706848144531250e+02,1.599029846191406250e+02
7.367935180664062500e+01,1.071849899291992188e+02,1.733398742675781250e+02,9.955188751220703125e+01,1.205739288330078125e+02,1.355224609375000000e+02,8.991004180908203125e+01,1.709495544433593750e+02,1.672955932617187500e+02,1.645517578125000000e+02
7.791669464111328125e+01,1.060731353759765625e+02,1.766580505371093750e+02,9.867028808593750000e+01,1.272647628784179688e+02,1.526895751953125000e+02,1.064793853759765625e+02,1.812232818603515625e+02,1.634279479980468750e+02,1.791299591064453125e+02
7.524670410156250000e+01,1.068500595092773438e+02,1.791459045410156250e+02,9.727730560302734375e+01,1.270611343383789062e+02,1.466723022460937500e+02,1.055489654541015625e+02,1.811597442626953125e+02,1.637359619140625000e+02,1.760044097900390625e+02
8.062309265136718750e+01,1.038079681396484375e+02,1.793435363769531250e+02,1.030447692871093750e+02,1.305842437744140625e+02,1.378537597656250000e+02,1.009757385253906250e+02,1.804127655029296875e+02,1.583453521728515625e+02,1.784299926757812500e+02
7.266407775878906250e+01,1.114119873046875000e+02,1.807261657714843750e+02,9.701905822753906250e+01,1.316679229736328125e+02,1.419525451660156250e+02,1.004028778076171875e+02,1.818052368164062500e+02,1.722321777343750000e+02,1.726361389160156250e+02
8.520265197753906250e+01,1.094422531127929688e+02,1.701219635009765625e+02,9.967110443115234375e+01,1.471547241210937500e+02,1.482864074707031250e+02,9.679502868652343750e+01,1.729621429443359375e+02,1.624347229003906250e+02,1.654570159912109375e+02
7.410787963867187500e+01,1.161040115356445312e+02,1.710767059326171875e+02,9.160063934326171875e+01,1.390170288085937500e+02,1.513881988525390625e+02,1.121890869140625000e+02,1.855350189208984375e+02,1.735214538574218750e+02,1.670925292968750000e+02
8.119078826904296875e+01,9.788446044921875000e+01,1.756633148193359375e+02,1.095726013183593750e+02,1.109557952880859375e+02,1.473154296875000000e+02,9.545814514160156250e+01,1.729030151367187500e+02,1.541244049072265625e+02,1.817743988037109375e+02
8.066056823730468750e+01,1.040945663452148438e+02,1.766845245361328125e+02,1.048838729858398438e+02,1.229625701904296875e+02,1.440229492187500000e+02,9.700724792480468750e+01,1.809786376953125000e+02,1.544819641113281250e+02,1.816802062988281250e+02
7.280200195312500000e+01,1.032505111694335938e+02,1.826723632812500000e+02,1.029854583740234375e+02,1.169616470336914062e+02,1.477592163085937500e+02,8.816607666015625000e+01,1.654485168457031250e+02,1.703732604980468750e+02,1.660280456542968750e+02
7.901754760742187500e+01,1.119994735717773438e+02,1.699986267089843750e+02,9.636445617675781250e+01,1.297634277343750000e+02,1.339794158935546875e+02,1.085568084716796875e+02,1.791033630371093750e+02,1.635838165283203125e+02,1.731658630371093750e+02
8.190469360351562500e+01,9.547816467285156250e+01,1.801020202636718750e+02,1.104837188720703125e+02,1.237019195556640625e+02,1.464613952636718750e+02,8.955641174316406250e+01,1.667533264160156250e+02,1.554364166259765625e+02,1.772980804443359375e+02
6.705030822753906250e+01,1.072446212768554688e+02,1.867751159667968750e+02,1.029888763427734375e+02,1.214992141723632812e+02,1.548790130615234375e+02,9.609968566894531250e+01,1.882286224365234375e+02,1.629419555664062500e+02,1.855295410156250000e+02
8.477618408203125000e+01,1.018433074951171875e+02,1.721128845214843750e+02,1.059112014770507812e+02,1.246256866455078125e+02,1.369390869140625000e+02,9.187797546386718750e+01,1.670559387207031250e+02,1.571032714843750000e+02,1.717539062500000000e+02
7.322769165039062500e+01,1.031562271118164062e+02,1.800222930908203125e+02,1.053835830688476562e+02,1.334137878417968750e+02,1.403437347412109375e+02,9.039247131347656250e+01,1.752219238281250000e+02,1.571116943359375000e+02,1.769043579101562500e+02
8.620446014404296875e+01,9.822096252441406250e+01,1.761869049072265625e+02,1.093892211914062500e+02,1.241363983154296875e+02,1.416132659912109375e+02,9.163427734375000000e+01,1.718548736572265625e+02,1.485998687744140625e+02,1.780888671875000000e+02
7.838785552978515625e+01,1.099983291625976562e+02,1.821008758544921875e+02,1.006233825683593750e+02,1.423132629394531250e+02,1.538099212646484375e+02,1.077768402099609375e+02,1.855450134277343750e+02,1.650559844970703125e+02,1.804750976562500000e+02
7.620515441894531250e+01,1.016083068847656250e+02,1.762071533203125000e+02,1.072452392578125000e+02,1.387376403808593750e+02,1.400440979003906250e+02,8.619041442871093750e+01,1.676855163574218750e+02,1.608777923583984375e+02,1.702811126708984375e+02
8.841511535644531250e+01,9.210589599609375000e+01,1.698684234619140625e+02,1.196542816162109375e+02,9.267739868164062500e+01,1.402311401367187500e+02,8.333047485351562500e+01,1.666716918945312500e+02,1.376001739501953125e+02,1.831118316650390625e+02
7.813668823242187500e+01,1.228750839233398438e+02,1.664650726318359375e+02,8.830509948730468750e+01,1.351143951416015625e+02,1.415343170166015625e+02,1.103480072021484375e+02,1.752436218261718750e+02,1.809154052734375000e+02,1.514427795410156250e+02
7.060810852050781250e+01,1.002899475097656250e+02,1.880333709716796875e+02,1.071355438232421875e+02,1.250057754516601562e+02,1.275354766845703125e+02,8.784945678710937500e+01,1.743881530761718750e+02,1.615138702392578125e+02,1.807148895263671875e+02
7.211470031738281250e+01,1.061176300048828125e+02,1.824501037597656250e+02,1.017608108520507812e+02,1.352779998779296875e+02,1.462962188720703125e+02,9.909833526611328125e+01,1.829191589355468750e+02,1.642513732910156250e+02,1.821694946289062500e+02
7.315908813476562500e+01,1.076789321899414062e+02,1.796842041015625000e+02,9.953076934814453125e+01,1.170377655029296875e+02,1.449966888427734375e+02,9.858116149902343750e+01,1.799706726074218750e+02,1.568343353271484375e+02,1.782826843261718750e+02
8.142102813720703125e+01,9.746961975097656250e+01,1.784746551513671875e+02,1.112095642089843750e+02,1.071124572753906250e+02,1.512063751220703125e+02,9.219830322265625000e+01,1.758666992187500000e+02,1.507950744628906250e+02,1.850595245361328125e+02
7.847433471679687500e+01,1.085748977661132812e+02,1.734008483886718750e+02,9.931585693359375000e+01,1.269856491088867188e+02,1.429712524414062500e+02,9.924501800537109375e+01,1.717754821777343750e+02,1.735625915527343750e+02,1.637725219726562500e+02
8.656814575195312500e+01,1.038003768920898438e+02,1.730556793212890625e+02,1.045278778076171875e+02,1.206906967163085938e+02,1.268396759033203125e+02,9.816213989257812500e+01,1.747063751220703125e+02,1.544282226562500000e+02,1.744053039550781250e+02
7.725874328613281250e+01,1.180821685791015625e+02,1.757739562988281250e+02,9.188867187500000000e+01,1.208018569946289062e+02,1.515904541015625000e+02,1.155128250122070312e+02,1.872730560302734375e+02,1.719679870605468750e+02,1.761932067871093750e+02
7.567259979248046875e+01,1.127708358764648438e+02,1.731932067871093750e+02,9.511971282958984375e+01,1.307725982666015625e+02,1.448304748535156250e+02,1.020118331909179688e+02,1.780638275146484375e+02,1.711914520263671875e+02,1.644372558593750000e+02
8.033842468261718750e+01,1.062302093505859375e+02,1.776236267089843750e+02,1.029924926757812500e+02,1.199457168579101562e+02,1.349524993896484375e+02,9.344807434082031250e+01,1.737382049560546875e+02,1.642847290039062500e+02,1.727091979980468750e+02
8.835188293457031250e+01,1.106035308837890625e+02,1.730617370605468750e+02,9.761937713623046875e+01,1.224612350463867188e+02,1.369710235595703125e+02,1.117395172119140625e+02,1.754082794189453125e+02,1.702703857421875000e+02,1.636182556152343750e+02
8.147883605957031250e+01,1.104931411743164062e+02,1.721881103515625000e+02,9.957858276367187500e+01,1.288449554443359375e+02,1.451237945556640625e+02,1.070418701171875000e+02,1.816672821044921875e+02,1.628784179687500000e+02,1.764950561523437500e+02
8.306227874755859375e+01,9.235407257080078125e+01,1.815412597656250000e+02,1.133407440185546875e+02,1.195680007934570312e+02,1.428391113281250000e+02,8.287081909179687500e+01,1.603271942138671875e+02,1.556575469970703125e+02,1.746705322265625000e+02
6.987133026123046875e+01,1.081163635253906250e+02,1.781137237548828125e+02,1.013209686279296875e+02,1.350964965820312500e+02,1.469750976562500000e+02,8.774655151367187500e+01,1.755331268310546875e+02,1.665624237060546875e+02,1.697242736816406250e+02
8.483795166015625000e+01,9.505090332031250000e+01,1.788057861328125000e+02,1.107931213378906250e+02,1.338064575195312500e+02,1.410166625976562500e+02,9.677394104003906250e+01,1.720419006347656250e+02,1.492783660888671875e+02,1.822098541259765625e+02
8.177333068847656250e+01,9.382046508789062500e+01,1.783748779296875000e+02,1.127928848266601562e+02,1.116054306030273438e+02,1.473586120605468750e+02,8.707278442382812500e+01,1.685374450683593750e+02,1.447393951416015625e+02,1.809409484863281250e+02
7.246508789062500000e+01,1.029268646240234375e+02,1.778489227294921875e+02,1.031624374389648438e+02,1.199358367919921875e+02,1.483957366943359375e+02,9.295394897460937500e+01,1.812503967285156250e+02,1.494018249511718750e+02,1.838885650634765625e+02
8.508132934570312500e+01,9.328820800781250000e+01,1.810595397949218750e+02,1.121668777465820312e+02,1.396524658203125000e+02,1.339113616943359375e+02,9.910950469970703125e+01,1.781374206542968750e+02,1.564292907714843750e+02,1.803070220947265625e+02
8.028678894042968750e+01,1.036571426391601562e+02,1.749951477050781250e+02,1.046484375000000000e+02,1.359676971435546875e+02,1.438453216552734375e+02,9.032321166992187500e+01,1.710163574218750000e+02,1.621268615722656250e+02,1.716008148193359375e+02
8.596826171875000000e+01,9.984762573242187500e+01,1.702019042968750000e+02,1.064512786865234375e+02,1.278994369506835938e+02,1.414682464599609375e+02,9.103118896484375000e+01,1.710810089111328125e+02,1.538130798339843750e+02,1.754813537597656250e+02
8.336980438232421875e+01,1.164570770263671875e+02,1.763904724121093750e+02,9.052230834960937500e+01,1.495531616210937500e+02,1.374954071044921875e+02,1.244354629516601562e+02,1.874795989990234375e+02,1.800775604248046875e+02,1.708173980712890625e+02
8.694805908203125000e+01,1.180320281982421875e+02,1.614069213867187500e+02,9.043727111816406250e+01,1.107159423828125000e+02,1.404943389892578125e+02,1.175315399169921875e+02,1.811975097656250000e+02,1.695858764648437500e+02,1.647702789306640625e+02
7.660066223144531250e+01,1.146758956909179688e+02,1.697449035644531250e+02,9.403628540039062500e+01,1.305195465087890625e+02,1.390130920410156250e+02,1.010318222045898438e+02,1.754411163330078125e+02,1.726753387451171875e+02,1.572994232177734375e+02
7.400624084472656250e+01,1.103890686035156250e+02,1.690844879150390625e+02,9.581353759765625000e+01,1.405149993896484375e+02,1.358747406005859375e+02,1.037757644653320312e+02,1.787502136230468750e+02,1.631492919921875000e+02,1.680615386962890625e+02
7.810266876220703125e+01,1.175563583374023438e+02,1.640989990234375000e+02,9.209257507324218750e+01,1.310444641113281250e+02,1.374649505615234375e+02,1.108838500976562500e+02,1.797348480224609375e+02,1.728643646240234375e+02,1.632597045898437500e+02
8.024388122558593750e+01,9.911614990234375000e+01,1.757365722656250000e+02,1.057641601562500000e+02,1.190086364746093750e+02,1.426958618164062500e+02,9.070195007324218750e+01,1.763654327392578125e+02,1.511219329833984375e+02,1.811953735351562500e+02
8.362008666992187500e+01,9.618377685546875000e+01,1.666200714111328125e+02,1.070376586914062500e+02,9.893478393554687500e+01,1.327386016845703125e+02,8.127005004882812500e+01,1.667137756347656250e+02,1.386043395996093750e+02,1.766648101806640625e+02
7.970629882812500000e+01,1.167955322265625000e+02,1.627256317138671875e+02,9.364624023437500000e+01,1.508741149902343750e+02,1.405881805419921875e+02,1.189957809448242188e+02,1.891441802978515625e+02,1.681928405761718750e+02,1.732544860839843750e+02
7.836917877197265625e+01,1.076639785766601562e+02,1.838217163085937500e+02,1.007332916259765625e+02,1.331473693847656250e+02,1.481076049804687500e+02,1.033484344482421875e+02,1.774776611328125000e+02,1.719603729248046875e+02,1.710884399414062500e+02
7.694296264648437500e+01,9.559786987304687500e+01,1.860377197265625000e+02,1.112367248535156250e+02,1.262522964477539062e+02,1.335022125244140625e+02,8.877677154541015625e+01,1.775536499023437500e+02,1.513482971191406250e+02,1.853527526855468750e+02
8.349290466308593750e+01,9.981587982177734375e+01,1.740807800292968750e+02,1.061504745483398438e+02,1.114961395263671875e+02,1.415614624023437500e+02,9.554913330078125000e+01,1.794861907958984375e+02,1.468143463134765625e+02,1.852336578369140625e+02
8.686160278320312500e+01,1.098113555908203125e+02,1.692987670898437500e+02,9.618072509765625000e+01,1.122644882202148438e+02,1.417277221679687500e+02,1.091873092651367188e+02,1.704409179687500000e+02,1.738521423339843750e+02,1.592719116210937500e+02
8.604635620117187500e+01,1.108449096679687500e+02,1.635956115722656250e+02,9.765863037109375000e+01,9.912683105468750000e+01,1.321101226806640625e+02,1.074455108642578125e+02,1.801764678955078125e+02,1.507639007568359375e+02,1.747177734375000000e+02
7.364425659179687500e+01,1.078676528930664062e+02,1.734401855468750000e+02,9.988647460937500000e+01,1.207651901245117188e+02,1.417200775146484375e+02,9.558709716796875000e+01,1.789002380371093750e+02,1.599256744384765625e+02,1.746098937988281250e+02
7.518049621582031250e+01,1.190780181884765625e+02,1.698536529541015625e+02,9.102162170410156250e+01,1.268314666748046875e+02,1.396281280517578125e+02,1.054814147949218750e+02,1.799269104003906250e+02,1.756691894531250000e+02,1.583554840087890625e+02
8.319032287597656250e+01,1.111362762451171875e+02,1.753688354492187500e+02,1.001961822509765625e+02,1.157691574096679688e+02,1.475308380126953125e+02,1.153836135864257812e+02,1.846173400878906250e+02,1.654787292480468750e+02,1.794486541748046875e+02
8.075379943847656250e+01,1.119123840332031250e+02,1.710411376953125000e+02,9.877387237548828125e+01,1.383215179443359375e+02,1.449075775146484375e+02,1.027140960693359375e+02,1.749129791259765625e+02,1.727542114257812500e+02,1.636622161865234375e+02
9.245410156250000000e+01,9.367897033691406250e+01,1.665476837158203125e+02,1.123528289794921875e+02,1.472039489746093750e+02,1.371107940673828125e+02,7.959097290039062500e+01,1.561888427734375000e+02,1.486110076904296875e+02,1.701296691894531250e+02
7.947442626953125000e+01,1.078492584228515625e+02,1.811294555664062500e+02,1.006739044189453125e+02,1.315934448242187500e+02,1.453092651367187500e+02,1.064536132812500000e+02,1.842456054687500000e+02,1.692491912841796875e+02,1.805798950195312500e+02
7.606230926513671875e+01,9.169047546386718750e+01,1.841884155273437500e+02,1.147940521240234375e+02,1.309345245361328125e+02,1.415533294677734375e+02,8.246416473388671875e+01,1.716411437988281250e+02,1.442544555664062500e+02,1.838056030273437500e+02
7.180770111083984375e+01,1.148201904296875000e+02,1.745336914062500000e+02,9.702723693847656250e+01,1.142013244628906250e+02,1.224694366455078125e+02,9.680179595947265625e+01,1.796511993408203125e+02,1.626380004882812500e+02,1.728506317138671875e+02
7.557807922363281250e+01,1.112708892822265625e+02,1.705968780517578125e+02,9.569497680664062500e+01,1.286711273193359375e+02,1.520407714843750000e+02,1.039491958618164062e+02,1.792077178955078125e+02,1.684487457275390625e+02,1.663847656250000000e+02
8.730363464355468750e+01,9.022282409667968750e+01,1.720679016113281250e+02,1.171248626708984375e+02,1.409707946777343750e+02,1.277110748291015625e+02,8.324608612060546875e+01,1.675329284667968750e+02,1.423138427734375000e+02,1.845069122314453125e+02
8.201570129394531250e+01,1.051167907714843750e+02,1.707280883789062500e+02,1.031201171875000000e+02,1.275074768066406250e+02,1.485374908447265625e+02,9.931628417968750000e+01,1.753479309082031250e+02,1.551753540039062500e+02,1.725916900634765625e+02
7.295233917236328125e+01,1.028514251708984375e+02,1.713701171875000000e+02,1.048648147583007812e+02,1.065782012939453125e+02,1.344457855224609375e+02,8.507289886474609375e+01,1.801187591552734375e+02,1.428484802246093750e+02,1.815207214355468750e+02
7.709344482421875000e+01,1.148915176391601562e+02,1.689133758544921875e+02,9.352499389648437500e+01,1.235132293701171875e+02,1.467341003417968750e+02,1.048842163085937500e+02,1.822953796386718750e+02,1.697527160644531250e+02,1.682128295898437500e+02
8.055831146240234375e+01,1.063332901000976562e+02,1.708265075683593750e+02,9.993698883056640625e+01,1.349857788085937500e+02,1.345686340332031250e+02,8.917481994628906250e+01,1.621862182617187500e+02,1.664185485839843750e+02,1.590590820312500000e+02
7.559501647949218750e+01,1.010494232177734375e+02,1.811981964111328125e+02,1.069609069824218750e+02,1.480056457519531250e+02,1.424047241210937500e+02,1.017426681518554688e+02,1.885616302490234375e+02,1.551430358886718750e+02,1.884156799316406250e+02
8.202290344238281250e+01,1.055409698486328125e+02,1.740809936523437500e+02,1.035340576171875000e+02,1.316222839355468750e+02,1.381119995117187500e+02,9.954021453857421875e+01,1.748025054931640625e+02,1.602030029296875000e+02,1.744588623046875000e+02
8.587942504882812500e+01,1.111705017089843750e+02,1.667144470214843750e+02,9.659607696533203125e+01,1.445447082519531250e+02,1.499487304687500000e+02,1.130534667968750000e+02,1.784679870605468750e+02,1.652293701171875000e+02,1.699026947021484375e+02
8.564797973632812500e+01,9.928720092773437500e+01,1.689415740966796875e+02,1.039223480224609375e+02,1.196983337402343750e+02,1.416538085937500000e+02,9.567387390136718750e+01,1.634862365722656250e+02,1.595286407470703125e+02,1.659741058349609375e+02
7.356050872802734375e+01,1.064737014770507812e+02,1.729525146484375000e+02,1.024223327636718750e+02,1.064961395263671875e+02,1.450957336425781250e+02,9.652556610107421875e+01,1.859889678955078125e+02,1.490861358642578125e+02,1.846072998046875000e+02
7.058830261230468750e+01,1.139809570312500000e+02,1.724929046630859375e+02,9.445717620849609375e+01,1.218158569335937500e+02,1.400052185058593750e+02,9.617814636230468750e+01,1.790514831542968750e+02,1.702315368652343750e+02,1.669325408935546875e+02
7.964469909667968750e+01,1.112284698486328125e+02,1.691365051269531250e+02,9.784121704101562500e+01,1.374105224609375000e+02,1.367725830078125000e+02,1.080482254028320312e+02,1.855372924804687500e+02,1.587303771972656250e+02,1.765459594726562500e+02
8.205438232421875000e+01,9.625828552246093750e+01,1.828844909667968750e+02,1.104415130615234375e+02,1.238177871704101562e+02,1.656304931640625000e+02,8.538903808593750000e+01,1.777694244384765625e+02,1.473123474121093750e+02,1.852439575195312500e+02
6.924716186523437500e+01,1.081363983154296875e+02,1.827979125976562500e+02,1.022648620605468750e+02,1.318217468261718750e+02,1.628732147216796875e+02,9.658399963378906250e+01,1.950562133789062500e+02,1.549743194580078125e+02,1.926928710937500000e+02
8.201380157470703125e+01,1.011910247802734375e+02,1.722770385742187500e+02,1.052388381958007812e+02,1.259950180053710938e+02,1.350435180664062500e+02,9.264973449707031250e+01,1.742492065429687500e+02,1.553194122314453125e+02,1.793353424072265625e+02
7.916583251953125000e+01,1.078114776611328125e+02,1.730609893798828125e+02,9.710913085937500000e+01,1.566924743652343750e+02,1.256114196777343750e+02,1.190961914062500000e+02,1.779022064208984375e+02,1.747019348144531250e+02,1.667892913818359375e+02
7.565248107910156250e+01,1.136230697631835938e+02,1.716965026855468750e+02,9.709486389160156250e+01,1.471902160644531250e+02,1.403105773925781250e+02,1.100509948730468750e+02,1.854905548095703125e+02,1.654669342041015625e+02,1.727555236816406250e+02
8.932824707031250000e+01,1.038092727661132812e+02,1.685325164794921875e+02,1.035403823852539062e+02,1.038763275146484375e+02,1.374328460693359375e+02,9.629521179199218750e+01,1.710989685058593750e+02,1.522246856689453125e+02,1.730766143798828125e+02
8.209425354003906250e+01,1.058314819335937500e+02,1.664915771484375000e+02,1.007924652099609375e+02,1.147496719360351562e+02,1.343662414550781250e+02,9.595381927490234375e+01,1.747719726562500000e+02,1.557810668945312500e+02,1.735646362304687500e+02
8.201704406738281250e+01,1.231912002563476562e+02,1.660878601074218750e+02,8.566851806640625000e+01,1.220752334594726562e+02,1.474747009277343750e+02,1.316289367675781250e+02,1.904509429931640625e+02,1.749282531738281250e+02,1.704585266113281250e+02
7.574301147460937500e+01,1.118025512695312500e+02,1.806006774902343750e+02,9.437437438964843750e+01,1.512986145019531250e+02,1.239234848022460938e+02,1.149936599731445312e+02,1.831231384277343750e+02,1.782380218505859375e+02,1.694445190429687500e+02
7.574871063232421875e+01,1.111139907836914062e+02,1.699828186035156250e+02,9.804059600830078125e+01,1.375753936767578125e+02,1.401395111083984375e+02,1.022167968750000000e+02,1.800228576660156250e+02,1.616395568847656250e+02,1.709073181152343750e+02
7.877841186523437500e+01,1.030973205566406250e+02,1.776434326171875000e+02,1.024583740234375000e+02,1.294656829833984375e+02,1.524453735351562500e+02,1.018670425415039062e+02,1.816270446777343750e+02,1.527720794677734375e+02,1.825486145019531250e+02
8.290430450439453125e+01,9.893969726562500000e+01,1.750852050781250000e+02,1.076283798217773438e+02,1.116092376708984375e+02,1.418082885742187500e+02,9.127818298339843750e+01,1.724321899414062500e+02,1.465440826416015625e+02,1.806337432861328125e+02
8.134577178955078125e+01,1.173310012817382812e+02,1.635485839843750000e+02,8.938760375976562500e+01,1.251974334716796875e+02,1.443706512451171875e+02,1.151366119384765625e+02,1.747044219970703125e+02,1.737553405761718750e+02,1.573995666503906250e+02
7.775306701660156250e+01,1.156033020019531250e+02,1.675972900390625000e+02,9.310124206542968750e+01,1.442168273925781250e+02,1.347630157470703125e+02,1.121644439697265625e+02,1.766876068115234375e+02,1.764495544433593750e+02,1.559914703369140625e+02
8.162723541259765625e+01,1.288550720214843750e+02,1.628724060058593750e+02,8.133086395263671875e+01,1.302587738037109375e+02,1.467956542968750000e+02,1.292333374023437500e+02,1.826553344726562500e+02,1.876952209472656250e+02,1.513542938232421875e+02
8.080799865722656250e+01,9.745417785644531250e+01,1.747575073242187500e+02,1.101646728515625000e+02,1.284960021972656250e+02,1.450984344482421875e+02,7.957957458496093750e+01,1.617722473144531250e+02,1.544548492431640625e+02,1.714547424316406250e+02
8.144563293457031250e+01,1.005204925537109375e+02,1.775765075683593750e+02,1.086406707763671875e+02,1.443163757324218750e+02,1.378623504638671875e+02,8.972116088867187500e+01,1.655539398193359375e+02,1.640151672363281250e+02,1.702770233154296875e+02
8.054305267333984375e+01,1.124723968505859375e+02,1.719801940917968750e+02,9.440131378173828125e+01,1.208020477294921875e+02,1.406738586425781250e+02,1.128653488159179688e+02,1.781238861083984375e+02,1.728178863525390625e+02,1.648450927734375000e+02
8.564352416992187500e+01,1.027538986206054688e+02,1.749521026611328125e+02,1.027372741699218750e+02,1.559836730957031250e+02,1.429741821289062500e+02,1.013533477783203125e+02,1.761053009033203125e+02,1.593523712158203125e+02,1.770706176757812500e+02
8.841958618164062500e+01,9.526638793945312500e+01,1.785261077880859375e+02,1.109992523193359375e+02,1.109513015747070312e+02,1.404452362060546875e+02,8.630152893066406250e+01,1.639086456298828125e+02,1.540671081542968750e+02,1.758710327148437500e+02
8.468268585205078125e+01,9.158593750000000000e+01,1.746682128906250000e+02,1.140437927246093750e+02,1.141250305175781250e+02,1.289572906494140625e+02,7.361047363281250000e+01,1.556780242919921875e+02,1.504771728515625000e+02,1.715939025878906250e+02
8.369930267333984375e+01,9.204867553710937500e+01,1.830787811279296875e+02,1.133057861328125000e+02,1.249456634521484375e+02,1.314523925781250000e+02,8.292659759521484375e+01,1.610951538085937500e+02,1.571356201171875000e+02,1.775750732421875000e+02
8.157041931152343750e+01,9.785573577880859375e+01,1.729459381103515625e+02,1.096223526000976562e+02,1.413225708007812500e+02,1.380009918212890625e+02,8.635502624511718750e+01,1.636824340820312500e+02,1.568402709960937500e+02,1.712463378906250000e+02
8.357270812988281250e+01,8.217449951171875000e+01,1.812446746826171875e+02,1.282957305908203125e+02,1.262820281982421875e+02,1.519488067626953125e+02,6.827230834960937500e+01,1.585613708496093750e+02,1.297047271728515625e+02,1.877982940673828125e+02
8.462973022460937500e+01,1.005618362426757812e+02,1.768862609863281250e+02,1.038027801513671875e+02,1.419773101806640625e+02,1.365109405517578125e+02,9.924826049804687500e+01,1.722108001708984375e+02,1.587898254394531250e+02,1.704280548095703125e+02
7.554806518554687500e+01,1.066297454833984375e+02,1.705894775390625000e+02,9.972985839843750000e+01,1.307142333984375000e+02,1.383514404296875000e+02,1.031494140625000000e+02,1.790406494140625000e+02,1.557099761962890625e+02,1.750112152099609375e+02
7.366443634033203125e+01,1.164559860229492188e+02,1.683087615966796875e+02,9.251885223388671875e+01,1.336358337402343750e+02,1.406581115722656250e+02,1.045321655273437500e+02,1.808122863769531250e+02,1.695439758300781250e+02,1.634231567382812500e+02
8.717385101318359375e+01,1.023438568115234375e+02,1.689489746093750000e+02,1.016682281494140625e+02,1.232315368652343750e+02,1.405205535888671875e+02,9.248620605468750000e+01,1.608493347167968750e+02,1.617422637939453125e+02,1.614672546386718750e+02
7.843542480468750000e+01,1.037091522216796875e+02,1.792350616455078125e+02,1.035006484985351562e+02,1.230885467529296875e+02,1.442478332519531250e+02,9.537535095214843750e+01,1.743146972656250000e+02,1.632062988281250000e+02,1.768898773193359375e+02
7.995840454101562500e+01,1.133377075195312500e+02,1.682913665771484375e+02,9.451864624023437500e+01,1.182774353027343750e+02,1.503826904296875000e+02,1.118141632080078125e+02,1.863081207275390625e+02,1.674091796875000000e+02,1.749498138427734375e+02
7.927499389648437500e+01,1.187377548217773438e+02,1.660774688720703125e+02,8.641181945800781250e+01,1.209366989135742188e+02,1.446445312500000000e+02,1.198840560913085938e+02,1.805308837890625000e+02,1.749108428955078125e+02,1.621033477783203125e+02
8.361576080322265625e+01,1.010556793212890625e+02,1.734437561035156250e+02,1.052255706787109375e+02,1.185837783813476562e+02,1.448053588867187500e+02,8.786482238769531250e+01,1.678243560791015625e+02,1.565518798828125000e+02,1.729298095703125000e+02
7.443611145019531250e+01,1.068973541259765625e+02,1.778336486816406250e+02,1.006740875244140625e+02,1.303696594238281250e+02,1.283063507080078125e+02,9.802182769775390625e+01,1.770632476806640625e+02,1.645809020996093750e+02,1.723072204589843750e+02
7.502933502197265625e+01,1.150162048339843750e+02,1.717824096679687500e+02,9.225114440917968750e+01,1.236144104003906250e+02,1.334920043945312500e+02,1.077033157348632812e+02,1.820386962890625000e+02,1.695763854980468750e+02,1.687390441894531250e+02
8.537602233886718750e+01,1.044492111206054688e+02,1.707625122070312500e+02,1.053317489624023438e+02,1.366341705322265625e+02,1.478695220947265625e+02,9.201233673095703125e+01,1.681310729980468750e+02,1.624032287597656250e+02,1.688925170898437500e+02
8.270036315917968750e+01,1.000363082885742188e+02,1.697416687011718750e+02,1.070368804931640625e+02,1.281985168457031250e+02,1.450339202880859375e+02,9.066184997558593750e+01,1.741772766113281250e+02,1.459536590576171875e+02,1.789539794921875000e+02
8.093766784667968750e+01,1.145084609985351562e+02,1.664893188476562500e+02,9.408288574218750000e+01,1.206758117675781250e+02,1.535051574707031250e+02,1.163370666503906250e+02,1.856501770019531250e+02,1.677589111328125000e+02,1.751797027587890625e+02
8.040774536132812500e+01,1.144159851074218750e+02,1.710700073242187500e+02,9.201712036132812500e+01,1.307456665039062500e+02,1.399159240722656250e+02,1.081225280761718750e+02,1.738004150390625000e+02,1.786915893554687500e+02,1.560491333007812500e+02
7.483050537109375000e+01,1.180812072753906250e+02,1.725843505859375000e+02,9.159795379638671875e+01,1.355601043701171875e+02,1.434390411376953125e+02,1.013086242675781250e+02,1.819076080322265625e+02,1.749615478515625000e+02,1.624306335449218750e+02
8.416783905029296875e+01,9.197636413574218750e+01,1.777169189453125000e+02,1.129827880859375000e+02,1.322266845703125000e+02,1.412935638427734375e+02,8.141466522216796875e+01,1.621440429687500000e+02,1.498079833984375000e+02,1.781444091796875000e+02
8.384713745117187500e+01,9.740991210937500000e+01,1.758793487548828125e+02,1.087246932983398438e+02,1.350392608642578125e+02,1.377770080566406250e+02,8.931518554687500000e+01,1.659639739990234375e+02,1.576330871582031250e+02,1.740427703857421875e+02
8.388298034667968750e+01,1.037313079833984375e+02,1.754624328613281250e+02,1.028858032226562500e+02,1.238140869140625000e+02,1.305964202880859375e+02,1.007536087036132812e+02,1.780272827148437500e+02,1.562705535888671875e+02,1.789124755859375000e+02
8.030978393554687500e+01,1.043276977539062500e+02,1.789696655273437500e+02,1.010277404785156250e+02,1.279916305541992188e+02,1.462969207763671875e+02,9.750476074218750000e+01,1.711451416015625000e+02,1.680821380615234375e+02,1.694347381591796875e+02
7.696612548828125000e+01,1.030281829833984375e+02,1.750377502441406250e+02,1.059155426025390625e+02,1.140574722290039062e+02,1.332265777587890625e+02,9.100981903076171875e+01,1.816572570800781250e+02,1.466903076171875000e+02,1.855363922119140625e+02
7.760179138183593750e+01,1.137423858642578125e+02,1.674904479980468750e+02,9.541839599609375000e+01,1.356526184082031250e+02,1.359007568359375000e+02,1.159302215576171875e+02,1.838116760253906250e+02,1.657410430908203125e+02,1.735987396240234375e+02
8.207219696044921875e+01,9.454149627685546875e+01,1.696232299804687500e+02,1.137401885986328125e+02,1.393468475341796875e+02,1.407848052978515625e+02,7.474760437011718750e+01,1.598222198486328125e+02,1.428691558837890625e+02,1.716838531494140625e+02
8.422724151611328125e+01,9.417649078369140625e+01,1.742923889160156250e+02,1.120184402465820312e+02,1.368866424560546875e+02,1.381396179199218750e+02,8.280363464355468750e+01,1.573809204101562500e+02,1.529804077148437500e+02,1.711064910888671875e+02
6.667269897460937500e+01,1.154065475463867188e+02,1.815935821533203125e+02,9.351006317138671875e+01,1.320135955810546875e+02,1.582427673339843750e+02,1.113242187500000000e+02,1.897096405029296875e+02,1.745629882812500000e+02,1.777869567871093750e+02
8.302202606201171875e+01,1.086862487792968750e+02,1.707260894775390625e+02,9.867285156250000000e+01,1.151427536010742188e+02,1.417193450927734375e+02,1.072140426635742188e+02,1.797273101806640625e+02,1.645911865234375000e+02,1.737442626953125000e+02
7.452766418457031250e+01,1.101341705322265625e+02,1.734352111816406250e+02,9.924906921386718750e+01,1.308110809326171875e+02,1.430615997314453125e+02,1.046292572021484375e+02,1.894447784423828125e+02,1.631482696533203125e+02,1.806111297607421875e+02
8.033461761474609375e+01,9.921808624267578125e+01,1.776814575195312500e+02,1.095095520019531250e+02,1.176582946777343750e+02,1.563370056152343750e+02,8.866181945800781250e+01,1.784284057617187500e+02,1.463658905029296875e+02,1.868136901855468750e+02
7.490750122070312500e+01,1.091644134521484375e+02,1.738454895019531250e+02,9.789326477050781250e+01,1.163425292968750000e+02,1.488004302978515625e+02,1.010178680419921875e+02,1.763204650878906250e+02,1.701725769042968750e+02,1.677743835449218750e+02
7.959062194824218750e+01,1.145274124145507812e+02,1.696575317382812500e+02,9.398454284667968750e+01,1.088766479492187500e+02,1.342041778564453125e+02,1.088341522216796875e+02,1.841914215087890625e+02,1.593588104248046875e+02,1.714590454101562500e+02
7.910660552978515625e+01,8.905627441406250000e+01,1.815190734863281250e+02,1.171331863403320312e+02,1.264227981567382812e+02,1.344127502441406250e+02,7.405461120605468750e+01,1.566979217529296875e+02,1.478034515380859375e+02,1.753361206054687500e+02
7.611119079589843750e+01,1.267141494750976562e+02,1.633137359619140625e+02,8.196353149414062500e+01,1.457013092041015625e+02,1.316560668945312500e+02,1.187624359130859375e+02,1.817158660888671875e+02,1.839679718017578125e+02,1.488586273193359375e+02
8.506030273437500000e+01,9.310639953613281250e+01,1.792358703613281250e+02,1.141890487670898438e+02,1.220212326049804688e+02,1.532734222412109375e+02,8.455303955078125000e+01,1.642468566894531250e+02,1.554909973144531250e+02,1.797892761230468750e+02
8.302437591552734375e+01,9.696029663085937500e+01,1.821960754394531250e+02,1.110696563720703125e+02,1.189815673828125000e+02,1.443302154541015625e+02,8.670913696289062500e+01,1.630895690917968750e+02,1.638981018066406250e+02,1.739306640625000000e+02
7.917805480957031250e+01,1.018872146606445312e+02,1.795312194824218750e+02,1.047488098144531250e+02,1.191251449584960938e+02,1.493189697265625000e+02,9.727104187011718750e+01,1.709570770263671875e+02,1.683261108398437500e+02,1.743761901855468750e+02
7.999234008789062500e+01,1.014887466430664062e+02,1.751980743408203125e+02,1.030528182983398438e+02,1.484387817382812500e+02,1.260665206909179688e+02,1.131887054443359375e+02,1.790867156982421875e+02,1.639541320800781250e+02,1.774667053222656250e+02
8.179179382324218750e+01,8.870101928710937500e+01,1.865726318359375000e+02,1.247176666259765625e+02,1.250625534057617188e+02,1.462117156982421875e+02,7.469087219238281250e+01,1.642502746582031250e+02,1.410865936279296875e+02,1.844214019775390625e+02
7.070782470703125000e+01,1.134486846923828125e+02,1.756752624511718750e+02,9.498598480224609375e+01,1.236670608520507812e+02,1.401734008789062500e+02,9.678894042968750000e+01,1.740894012451171875e+02,1.733468933105468750e+02,1.629857635498046875e+02
8.077236175537109375e+01,1.156966323852539062e+02,1.710012512207031250e+02,9.002436065673828125e+01,1.234425811767578125e+02,1.353880004882812500e+02,1.160756607055664062e+02,1.810896606445312500e+02,1.750258789062500000e+02,1.657102813720703125e+02
8.362982177734375000e+01,9.062908172607421875e+01,1.804543457031250000e+02,1.160768966674804688e+02,1.306279144287109375e+02,1.316994171142578125e+02,8.656933593750000000e+01,1.707166290283203125e+02,1.441764984130859375e+02,1.836098480224609375e+02
7.600043487548828125e+01,1.062438583374023438e+02,1.742578125000000000e+02,1.024722290039062500e+02,1.314930419921875000e+02,1.591608428955078125e+02,1.010254745483398438e+02,1.864573059082031250e+02,1.554205169677734375e+02,1.850328369140625000e+02
8.402770996093750000e+01,1.085189361572265625e+02,1.680466308593750000e+02,9.846594238281250000e+01,1.527271728515625000e+02,1.463595581054687500e+02,9.860014343261718750e+01,1.772634277343750000e+02,1.653896636962890625e+02,1.697932739257812500e+02
7.523725128173828125e+01,1.099521865844726562e+02,1.781944274902343750e+02,9.691973114013671875e+01,1.360828399658203125e+02,1.464709930419921875e+02,9.739890289306640625e+01,1.782855072021484375e+02,1.731733703613281250e+02,1.668666839599609375e+02
7.271885681152343750e+01,1.065355834960937500e+02,1.791584167480468750e+02,1.016986846923828125e+02,1.359556884765625000e+02,1.538914031982421875e+02,9.693786621093750000e+01,1.809349365234375000e+02,1.585413360595703125e+02,1.785577545166015625e+02
8.184976959228515625e+01,1.016597518920898438e+02,1.775987243652343750e+02,1.077941741943359375e+02,1.025474166870117188e+02,1.354433593750000000e+02,8.817822265625000000e+01,1.679764862060546875e+02,1.552140960693359375e+02,1.738041534423828125e+02
7.974893188476562500e+01,1.283710021972656250e+02,1.672477416992187500e+02,7.982453155517578125e+01,1.524897460937500000e+02,1.358879699707031250e+02,1.279916992187500000e+02,1.866216125488281250e+02,1.871207122802734375e+02,1.521631774902343750e+02
8.388774108886718750e+01,1.095710525512695312e+02,1.689090270996093750e+02,9.755056762695312500e+01,1.476757354736328125e+02,1.284560089111328125e+02,1.138986129760742188e+02,1.772986907958984375e+02,1.698249206542968750e+02,1.679876403808593750e+02
7.534567260742187500e+01,1.039888000488281250e+02,1.735449066162109375e+02,1.039566421508789062e+02,1.389564819335937500e+02,1.409880828857421875e+02,9.470161437988281250e+01,1.833007354736328125e+02,1.545274047851562500e+02,1.797183990478515625e+02
8.430197906494140625e+01,1.060661392211914062e+02,1.731813964843750000e+02,1.023345413208007812e+02,1.391895141601562500e+02,1.473417816162109375e+02,1.016915359497070312e+02,1.766111907958984375e+02,1.606069030761718750e+02,1.739686126708984375e+02
8.452015686035156250e+01,1.073797683715820312e+02,1.693197937011718750e+02,9.862385559082031250e+01,1.484260559082031250e+02,1.354219512939453125e+02,1.142312088012695312e+02,1.829960784912109375e+02,1.644848632812500000e+02,1.741868286132812500e+02
9.029520416259765625e+01,1.028687744140625000e+02,1.709070129394531250e+02,1.038180541992187500e+02,1.558489074707031250e+02,1.245842285156250000e+02,1.128841018676757812e+02,1.756604156494140625e+02,1.600361175537109375e+02,1.740118560791015625e+02
8.004151916503906250e+01,1.261896896362304688e+02,1.611977691650390625e+02,8.121369934082031250e+01,1.269134902954101562e+02,1.361833343505859375e+02,1.222705764770507812e+02,1.843698577880859375e+02,1.772850341796875000e+02,1.574187774658203125e+02
7.466743469238281250e+01,1.006267700195312500e+02,1.833736572265625000e+02,1.105256271362304688e+02,1.186838455200195312e+02,1.506330413818359375e+02,8.840162658691406250e+01,1.724896392822265625e+02,1.641169738769531250e+02,1.766049499511718750e+02
6.584331512451171875e+01,1.108546905517578125e+02,1.828014221191406250e+02,9.639576721191406250e+01,1.325693206787109375e+02,1.357009887695312500e+02,9.759912109375000000e+01,1.847514495849609375e+02,1.681246643066406250e+02,1.751140136718750000e+02
8.094274902343750000e+01,1.031044616699218750e+02,1.776216888427734375e+02,1.067374114990234375e+02,1.251384506225585938e+02,1.343155364990234375e+02,9.603378295898437500e+01,1.769638824462890625e+02,1.555953063964843750e+02,1.792770690917968750e+02
7.637619781494140625e+01,1.116563415527343750e+02,1.761253967285156250e+02,9.699832153320312500e+01,1.360382995605468750e+02,1.474090881347656250e+02,9.837353515625000000e+01,1.759050903320312500e+02,1.720657958984375000e+02,1.652312011718750000e+02
7.715396118164062500e+01,1.045310516357421875e+02,1.765074920654296875e+02,1.011189117431640625e+02,1.171342086791992188e+02,1.437864990234375000e+02,9.895857238769531250e+01,1.781579589843750000e+02,1.631966705322265625e+02,1.758306579589843750e+02
8.486728668212890625e+01,1.047463073730468750e+02,1.729725646972656250e+02,1.057808456420898438e+02,1.520214843750000000e+02,1.435853729248046875e+02,9.986789703369140625e+01,1.756013183593750000e+02,1.606273498535156250e+02,1.753473815917968750e+02
8.006288909912109375e+01,9.863047027587890625e+01,1.710108184814453125e+02,1.074644470214843750e+02,1.314486083984375000e+02,1.333252410888671875e+02,9.287982940673828125e+01,1.747767944335937500e+02,1.530369873046875000e+02,1.807454376220703125e+02
7.659875488281250000e+01,1.262464752197265625e+02,1.655172729492187500e+02,8.301639556884765625e+01,1.385307769775390625e+02,1.367630767822265625e+02,1.163083114624023438e+02,1.793671112060546875e+02,1.851750183105468750e+02,1.464603729248046875e+02
8.131115722656250000e+01,1.208005294799804688e+02,1.671300506591796875e+02,8.816275024414062500e+01,1.296219024658203125e+02,1.434466400146484375e+02,1.181478652954101562e+02,1.853399963378906250e+02,1.751751403808593750e+02,1.655767364501953125e+02
8.848139953613281250e+01,9.413015747070312500e+01,1.759286651611328125e+02,1.169291915893554688e+02,1.433430633544921875e+02,1.365385589599609375e+02,8.332582855224609375e+01,1.625494689941406250e+02,1.422917938232421875e+02,1.776904296875000000e+02
7.648760986328125000e+01,1.221085281372070312e+02,1.653841094970703125e+02,8.465650939941406250e+01,1.262137832641601562e+02,1.450711517333984375e+02,1.191920394897460938e+02,1.788142852783203125e+02,1.810052490234375000e+02,1.533645782470703125e+02
8.746209716796875000e+01,9.654360961914062500e+01,1.714628295898437500e+02,1.102648696899414062e+02,1.409202880859375000e+02,1.485156555175781250e+02,8.284259033203125000e+01,1.618658447265625000e+02,1.486058197021484375e+02,1.716385192871093750e+02
8.487892150878906250e+01,1.246882553100585938e+02,1.611979522705078125e+02,8.200704956054687500e+01,1.241404571533203125e+02,1.446083068847656250e+02,1.301569366455078125e+02,1.822379608154296875e+02,1.842215728759765625e+02,1.550394439697265625e+02
7.389875793457031250e+01,9.815506744384765625e+01,1.887381896972656250e+02,1.092906265258789062e+02,1.353330688476562500e+02,1.307458343505859375e+02,9.984991455078125000e+01,1.757393951416015625e+02,1.611899871826171875e+02,1.816846160888671875e+02
7.678471374511718750e+01,1.193424148559570312e+02,1.716896209716796875e+02,8.794102478027343750e+01,1.235074920654296875e+02,1.322769165039062500e+02,1.169261245727539062e+02,1.829877624511718750e+02,1.747854003906250000e+02,1.631621398925781250e+02
7.583549499511718750e+01,1.046737213134765625e+02,1.716899414062500000e+02,1.001432418823242188e+02,1.322404632568359375e+02,1.492246856689453125e+02,9.396665954589843750e+01,1.693721618652343750e+02,1.675181732177734375e+02,1.642929229736328125e+02
7.933558654785156250e+01,1.068964843750000000e+02,1.769660186767578125e+02,1.013155975341796875e+02,1.299466552734375000e+02,1.486423797607421875e+02,1.042856597900390625e+02,1.847372436523437500e+02,1.611355895996093750e+02,1.829930419921875000e+02
7.567230987548828125e+01,1.017797470092773438e+02,1.782513122558593750e+02,1.060274963378906250e+02,1.373935089111328125e+02,1.328320312500000000e+02,9.937365722656250000e+01,1.837380828857421875e+02,1.528717498779296875e+02,1.840397644042968750e+02
7.535173034667968750e+01,9.623973846435546875e+01,1.834612426757812500e+02,1.131166839599609375e+02,1.143394088745117188e+02,1.384335632324218750e+02,8.429978942871093750e+01,1.750392608642578125e+02,1.471457977294921875e+02,1.855191497802734375e+02
8.183984375000000000e+01,1.095737762451171875e+02,1.763482818603515625e+02,9.962221527099609375e+01,1.342761993408203125e+02,1.535915832519531250e+02,1.091877899169921875e+02,1.777864074707031250e+02,1.726168670654296875e+02,1.688047790527343750e+02
8.696450805664062500e+01,9.951963043212890625e+01,1.715835266113281250e+02,1.080792541503906250e+02,1.290317230224609375e+02,1.415672454833984375e+02,9.665734100341796875e+01,1.727272033691406250e+02,1.501141967773437500e+02,1.757011871337890625e+02
8.958569335937500000e+01,9.283079528808593750e+01,1.780347747802734375e+02,1.167182693481445312e+02,1.360992431640625000e+02,1.316955108642578125e+02,8.333068847656250000e+01,1.596660461425781250e+02,1.512882385253906250e+02,1.760350494384765625e+02
7.713817596435546875e+01,9.597715759277343750e+01,1.802806549072265625e+02,1.084484252929687500e+02,1.234552612304687500e+02,1.472405548095703125e+02,8.637304687500000000e+01,1.720389709472656250e+02,1.544336547851562500e+02,1.797325897216796875e+02
7.492385101318359375e+01,1.091821670532226562e+02,1.774750976562500000e+02,9.811115264892578125e+01,1.234476699829101562e+02,1.495933532714843750e+02,9.921931457519531250e+01,1.769618225097656250e+02,1.741282653808593750e+02,1.688238220214843750e+02
7.490832519531250000e+01,1.036180267333984375e+02,1.814249420166015625e+02,1.055283508300781250e+02,1.258573684692382812e+02,1.343685302734375000e+02,9.608292388916015625e+01,1.843206787109375000e+02,1.549179077148437500e+02,1.843788452148437500e+02
7.747126007080078125e+01,1.106952896118164062e+02,1.766967620849609375e+02,9.827029418945312500e+01,1.359295349121093750e+02,1.472086029052734375e+02,1.012156829833984375e+02,1.810654602050781250e+02,1.714973907470703125e+02,1.710253448486328125e+02
6.673205566406250000e+01,9.950573730468750000e+01,1.964149017333984375e+02,1.069874038696289062e+02,1.362676696777343750e+02,1.474616699218750000e+02,9.041670227050781250e+01,1.874938507080078125e+02,1.625077209472656250e+02,1.898131256103515625e+02
8.054273986816406250e+01,1.146866073608398438e+02,1.699482421875000000e+02,9.269821166992187500e+01,1.235783691406250000e+02,1.448733825683593750e+02,1.079598770141601562e+02,1.754676513671875000e+02,1.728984375000000000e+02,1.598360748291015625e+02
8.679383850097656250e+01,1.043733367919921875e+02,1.729808044433593750e+02,1.047005004882812500e+02,1.156893081665039062e+02,1.548149108886718750e+02,1.058166961669921875e+02,1.846169128417968750e+02,1.560450897216796875e+02,1.846388244628906250e+02
8.000714111328125000e+01,9.900865173339843750e+01,1.777177429199218750e+02,1.097398300170898438e+02,1.229596481323242188e+02,1.438564453125000000e+02,8.570882415771484375e+01,1.657347106933593750e+02,1.582368469238281250e+02,1.742483367919921875e+02
8.173327636718750000e+01,9.822746276855468750e+01,1.823106384277343750e+02,1.065610809326171875e+02,1.118188552856445312e+02,1.596798706054687500e+02,1.027180938720703125e+02,1.798292236328125000e+02,1.590633239746093750e+02,1.879941711425781250e+02
8.361653137207031250e+01,8.221533203125000000e+01,1.797322387695312500e+02,1.253075637817382812e+02,1.167550201416015625e+02,1.579967803955078125e+02,6.661505126953125000e+01,1.638414611816406250e+02,1.299927520751953125e+02,1.885510864257812500e+02
8.109281921386718750e+01,1.032712707519531250e+02,1.723807525634765625e+02,1.011043167114257812e+02,1.174947586059570312e+02,1.364948730468750000e+02,9.817312622070312500e+01,1.800154113769531250e+02,1.528341369628906250e+02,1.800693054199218750e+02
7.542977905273437500e+01,1.086633071899414062e+02,1.852631225585937500e+02,1.004883728027343750e+02,1.398935089111328125e+02,1.318826141357421875e+02,1.069114608764648438e+02,1.793566131591796875e+02,1.715800628662109375e+02,1.756644287109375000e+02
8.333219146728515625e+01,1.062765655517578125e+02,1.699103546142578125e+02,1.039565887451171875e+02,1.312661895751953125e+02,1.415698394775390625e+02,1.017874221801757812e+02,1.794879150390625000e+02,1.589722442626953125e+02,1.782298278808593750e+02
6.925753021240234375e+01,9.831025695800781250e+01,1.851859893798828125e+02,1.051250991821289062e+02,1.324090881347656250e+02,1.528313140869140625e+02,8.063160705566406250e+01,1.739290618896484375e+02,1.551470489501953125e+02,1.782081604003906250e+02
7.936317443847656250e+01,1.138383331298828125e+02,1.690966491699218750e+02,9.425302124023437500e+01,1.467156066894531250e+02,1.362776947021484375e+02,1.212412261962890625e+02,1.883175964355468750e+02,1.724263305664062500e+02,1.761828918457031250e+02
7.526054382324218750e+01,9.901529693603515625e+01,1.827419433593750000e+02,1.088223419189453125e+02,1.307749176025390625e+02,1.343668212890625000e+02,9.174873352050781250e+01,1.810896301269531250e+02,1.474653625488281250e+02,1.865676422119140625e+02
7.178613281250000000e+01,1.074686279296875000e+02,1.725856933593750000e+02,9.889183807373046875e+01,1.321760101318359375e+02,1.335661468505859375e+02,8.972406005859375000e+01,1.696970062255859375e+02,1.640341491699218750e+02,1.615901489257812500e+02
8.368383789062500000e+01,1.107459259033203125e+02,1.655682983398437500e+02,9.796226501464843750e+01,1.355384368896484375e+02,1.412851104736328125e+02,1.088285369873046875e+02,1.850308685302734375e+02,1.569645996093750000e+02,1.765204467773437500e+02
8.070996856689453125e+01,8.721625518798828125e+01,1.785304565429687500e+02,1.212546539306640625e+02,1.191147232055664062e+02,1.400087280273437500e+02,7.009245300292968750e+01,1.545372619628906250e+02,1.443560180664062500e+02,1.785682983398437500e+02
6.919686889648437500e+01,1.060339050292968750e+02,1.749627685546875000e+02,1.006325149536132812e+02,1.205982971191406250e+02,1.382423248291015625e+02,9.303424072265625000e+01,1.813898468017578125e+02,1.569027404785156250e+02,1.778223571777343750e+02
7.879933166503906250e+01,1.060451049804687500e+02,1.729690093994140625e+02,9.977302551269531250e+01,1.303590393066406250e+02,1.446889953613281250e+02,9.415361022949218750e+01,1.692970275878906250e+02,1.695122833251953125e+02,1.627880554199218750e+02
7.670272827148437500e+01,1.187710876464843750e+02,1.726578674316406250e+02,8.942429351806640625e+01,1.317643127441406250e+02,1.484014739990234375e+02,1.269564285278320312e+02,1.919348754882812500e+02,1.775089416503906250e+02,1.747635650634765625e+02
7.548274230957031250e+01,1.096809310913085938e+02,1.729383392333984375e+02,9.800062561035156250e+01,1.160498733520507812e+02,1.391161499023437500e+02,9.639961242675781250e+01,1.773771514892578125e+02,1.590016479492187500e+02,1.727641601562500000e+02
7.861241149902343750e+01,1.087784271240234375e+02,1.723229522705078125e+02,9.914436340332031250e+01,1.272576828002929688e+02,1.400283813476562500e+02,9.623715209960937500e+01,1.761358642578125000e+02,1.638769683837890625e+02,1.699414978027343750e+02
8.317877197265625000e+01,1.047397918701171875e+02,1.664702606201171875e+02,1.016653900146484375e+02,1.139818572998046875e+02,1.129958572387695312e+02,8.920698547363281250e+01,1.723391265869140625e+02,1.472297515869140625e+02,1.705611267089843750e+02
8.436936950683593750e+01,1.200253143310546875e+02,1.618178405761718750e+02,8.928795623779296875e+01,1.216994400024414062e+02,1.279307403564453125e+02,1.216534729003906250e+02,1.827759552001953125e+02,1.769951324462890625e+02,1.614890136718750000e+02
7.104887390136718750e+01,1.090215072631835938e+02,1.781408691406250000e+02,1.008524322509765625e+02,1.361526031494140625e+02,1.476365509033203125e+02,9.919950866699218750e+01,1.856459960937500000e+02,1.643390502929687500e+02,1.793857116699218750e+02
7.787051391601562500e+01,1.059742431640625000e+02,1.733826446533203125e+02,9.984843444824218750e+01,1.335259704589843750e+02,1.269422302246093750e+02,1.036097869873046875e+02,1.798788909912109375e+02,1.616923522949218750e+02,1.776080932617187500e+02
8.172946166992187500e+01,1.059933166503906250e+02,1.743735809326171875e+02,1.026521835327148438e+02,1.183143920898437500e+02,1.419981384277343750e+02,9.855487823486328125e+01,1.757307739257812500e+02,1.601835479736328125e+02,1.749580535888671875e+02
7.754687500000000000e+01,9.658734893798828125e+01,1.828729553222656250e+02,1.131562652587890625e+02,1.164826278686523438e+02,1.570420837402343750e+02,8.636518859863281250e+01,1.813863372802734375e+02,1.442507934570312500e+02,1.903483734130859375e+02
8.142149353027343750e+01,1.118267135620117188e+02,1.664247436523437500e+02,9.571810150146484375e+01,1.127424087524414062e+02,1.411706848144531250e+02,1.038112564086914062e+02,1.696915740966796875e+02,1.677914428710937500e+02,1.586420288085937500e+02
6.716629028320312500e+01,1.224420852661132812e+02,1.749363708496093750e+02,8.624108886718750000e+01,1.184188308715820312e+02,1.294456939697265625e+02,1.117658462524414062e+02,1.905969543457031250e+02,1.674039306640625000e+02,1.714943695068359375e+02
6.912395477294921875e+01,1.060884170532226562e+02,1.822596893310546875e+02,1.010763854980468750e+02,1.241744689941406250e+02,1.474869384765625000e+02,9.481411743164062500e+01,1.757036895751953125e+02,1.651017456054687500e+02,1.756656036376953125e+02
7.694815063476562500e+01,1.178731536865234375e+02,1.726094360351562500e+02,8.893351745605468750e+01,1.295932922363281250e+02,1.444774932861328125e+02,1.165317077636718750e+02,1.847624511718750000e+02,1.773915863037109375e+02,1.683518676757812500e+02
7.820701599121093750e+01,1.068873443603515625e+02,1.762904357910156250e+02,1.010802307128906250e+02,1.203279037475585938e+02,1.426126708984375000e+02,9.110549163818359375e+01,1.671272735595703125e+02,1.699869689941406250e+02,1.633107757568359375e+02
8.411635589599609375e+01,1.052047042846679688e+02,1.695009155273437500e+02,1.012596435546875000e+02,1.270471878051757812e+02,1.375566101074218750e+02,9.791278076171875000e+01,1.715133361816406250e+02,1.598761901855468750e+02,1.690895233154296875e+02
7.665202331542968750e+01,9.537060546875000000e+01,1.788354949951171875e+02,1.092273941040039062e+02,1.177598037719726562e+02,1.535205841064453125e+02,8.707073211669921875e+01,1.714619598388671875e+02,1.516607666015625000e+02,1.801673889160156250e+02
8.045628356933593750e+01,9.728502655029296875e+01,1.849460144042968750e+02,1.135605316162109375e+02,1.194580154418945312e+02,1.285174713134765625e+02,8.885459136962890625e+01,1.727982635498046875e+02,1.595681304931640625e+02,1.829528808593750000e+02
8.782991790771484375e+01,8.154806518554687500e+01,1.794259185791015625e+02,1.258378219604492188e+02,1.191483612060546875e+02,1.337109680175781250e+02,6.987824249267578125e+01,1.457344665527343750e+02,1.409144592285156250e+02,1.771111145019531250e+02
7.408805847167968750e+01,1.103894042968750000e+02,1.755107727050781250e+02,9.845928955078125000e+01,1.258029403686523438e+02,1.499141082763671875e+02,9.537078857421875000e+01,1.731488189697265625e+02,1.707691345214843750e+02,1.639981536865234375e+02
8.469448852539062500e+01,1.054080200195312500e+02,1.791849060058593750e+02,1.029753036499023438e+02,1.419240570068359375e+02,1.385733032226562500e+02,9.375294494628906250e+01,1.675841674804687500e+02,1.704873352050781250e+02,1.664348449707031250e+02
7.520476531982421875e+01,1.100331192016601562e+02,1.727939605712890625e+02,9.886528778076171875e+01,1.098474960327148438e+02,1.450615386962890625e+02,1.029424743652343750e+02,1.874752960205078125e+02,1.567788391113281250e+02,1.839001770019531250e+02
8.185562133789062500e+01,9.035105895996093750e+01,1.824001159667968750e+02,1.137457046508789062e+02,1.242912445068359375e+02,1.494845123291015625e+02,8.845719909667968750e+01,1.751986236572265625e+02,1.416442565917968750e+02,1.872605133056640625e+02
7.463034057617187500e+01,1.062725067138671875e+02,1.843520812988281250e+02,1.009166259765625000e+02,1.330633850097656250e+02,1.461891784667968750e+02,9.158865356445312500e+01,1.691928863525390625e+02,1.741730194091796875e+02,1.663103027343750000e+02
7.477079772949218750e+01,1.075849533081054688e+02,1.737499694824218750e+02,1.015890197753906250e+02,1.334486999511718750e+02,1.472965240478515625e+02,8.745364379882812500e+01,1.686528625488281250e+02,1.644130554199218750e+02,1.646152038574218750e+02
7.555477905273437500e+01,1.049183273315429688e+02,1.767076416015625000e+02,1.021852416992187500e+02,1.224282608032226562e+02,1.430025482177734375e+02,9.143336486816406250e+01,1.698453216552734375e+02,1.643266296386718750e+02,1.676243438720703125e+02
8.300129699707031250e+01,1.043047409057617188e+02,1.746517486572265625e+02,1.037720031738281250e+02,1.365402984619140625e+02,1.464132537841796875e+02,9.121337127685546875e+01,1.634455566406250000e+02,1.663446044921875000e+02,1.647690277099609375e+02
6.952323913574218750e+01,1.067933807373046875e+02,1.784913787841796875e+02,1.000963134765625000e+02,1.276615600585937500e+02,1.440592651367187500e+02,9.175553894042968750e+01,1.759037475585937500e+02,1.680520629882812500e+02,1.695138702392578125e+02
8.780613708496093750e+01,8.600753784179687500e+01,1.774802398681640625e+02,1.207598571777343750e+02,1.434512786865234375e+02,1.409972381591796875e+02,8.265739440917968750e+01,1.602343444824218750e+02,1.437320709228515625e+02,1.801795654296875000e+02
8.282134246826171875e+01,1.096333465576171875e+02,1.762129821777343750e+02,9.962835693359375000e+01,1.435453186035156250e+02,1.480354614257812500e+02,1.003876113891601562e+02,1.787535400390625000e+02,1.654265441894531250e+02,1.746501007080078125e+02
8.510166168212890625e+01,9.890930175781250000e+01,1.785393981933593750e+02,1.074179153442382812e+02,1.090313339233398438e+02,1.241582870483398438e+02,8.737510681152343750e+01,1.748842163085937500e+02,1.419817199707031250e+02,1.789811859130859375e+02
6.825871276855468750e+01,1.216142501831054688e+02,1.761040649414062500e+02,8.628849029541015625e+01,1.282937622070312500e+02,1.582937469482421875e+02,1.216157379150390625e+02,1.893907623291015625e+02,1.815363159179687500e+02,1.718075256347656250e+02
7.567617797851562500e+01,1.130720138549804688e+02,1.688118286132812500e+02,9.360295104980468750e+01,1.507466583251953125e+02,1.302271881103515625e+02,1.200106735229492188e+02,1.847266082763671875e+02,1.712840576171875000e+02,1.723745422363281250e+02
8.146476745605468750e+01,1.090227584838867188e+02,1.762644348144531250e+02,9.913312530517578125e+01,1.336033477783203125e+02,1.355573425292968750e+02,1.063806381225585938e+02,1.753821105957031250e+02,1.696098632812500000e+02,1.676219329833984375e+02
8.138418579101562500e+01,1.073379211425781250e+02,1.728482971191406250e+02,1.011443023681640625e+02,1.196449127197265625e+02,1.419810791015625000e+02,9.971472930908203125e+01,1.764354553222656250e+02,1.633883819580078125e+02,1.736828460693359375e+02
8.099516296386718750e+01,1.054734497070312500e+02,1.678424987792968750e+02,1.004730300903320312e+02,1.213004226684570312e+02,1.447903747558593750e+02,1.050114135742187500e+02,1.839518737792968750e+02,1.578092346191406250e+02,1.814239501953125000e+02
8.549763488769531250e+01,1.049226913452148438e+02,1.693429870605468750e+02,1.035611190795898438e+02,1.285984802246093750e+02,1.498055877685546875e+02,9.146611022949218750e+01,1.744249877929687500e+02,1.584416351318359375e+02,1.731789245605468750e+02
8.096920776367187500e+01,1.072973327636718750e+02,1.722588043212890625e+02,9.923414611816406250e+01,1.464136047363281250e+02,1.205533065795898438e+02,1.148127899169921875e+02,1.811710815429687500e+02,1.626383819580078125e+02,1.712856140136718750e+02
7.817303466796875000e+01,1.181008911132812500e+02,1.703874816894531250e+02,8.933490753173828125e+01,1.339129180908203125e+02,1.358746337890625000e+02,1.127453536987304688e+02,1.817556915283203125e+02,1.748815765380859375e+02,1.620657653808593750e+02
8.468524169921875000e+01,9.812096405029296875e+01,1.751262359619140625e+02,1.081901016235351562e+02,1.501973571777343750e+02,1.356576843261718750e+02,9.944201660156250000e+01,1.732719421386718750e+02,1.600002136230468750e+02,1.778871154785156250e+02
7.510387420654296875e+01,1.042935485839843750e+02,1.827603759765625000e+02,1.060839614868164062e+02,1.183412475585937500e+02,1.504539337158203125e+02,9.758920288085937500e+01,1.804035491943359375e+02,1.652457275390625000e+02,1.817316894531250000e+02
7.626361083984375000e+01,8.910578918457031250e+01,1.875356750488281250e+02,1.165831527709960938e+02,1.227565460205078125e+02,1.432196044921875000e+02,7.388871765136718750e+01,1.575421142578125000e+02,1.549127502441406250e+02,1.777764129638671875e+02
8.140473175048828125e+01,1.032065505981445312e+02,1.777002563476562500e+02,1.061788940429687500e+02,1.257635955810546875e+02,1.506231384277343750e+02,9.143936157226562500e+01,1.671012878417968750e+02,1.602899322509765625e+02,1.692323608398437500e+02
7.520780944824218750e+01,1.163717727661132812e+02,1.724007568359375000e+02,9.010383605957031250e+01,1.219557571411132812e+02,1.390580139160156250e+02,1.143840942382812500e+02,1.842434692382812500e+02,1.730403137207031250e+02,1.703750457763671875e+02
7.573933410644531250e+01,1.153499679565429688e+02,1.747290039062500000e+02,9.295930480957031250e+01,1.427911376953125000e+02,1.489284973144531250e+02,1.160766601562500000e+02,1.894259033203125000e+02,1.790314636230468750e+02,1.751196899414062500e+02
8.584927368164062500e+01,9.264139556884765625e+01,1.765021820068359375e+02,1.131500244140625000e+02,1.193515548706054688e+02,1.394920349121093750e+02,8.194879150390625000e+01,1.621784820556640625e+02,1.452214965820312500e+02,1.765020446777343750e+02
8.666311645507812500e+01,1.155914840698242188e+02,1.671936798095703125e+02,9.531448364257812500e+01,1.155689620971679688e+02,1.398632812500000000e+02,1.135832061767578125e+02,1.844026947021484375e+02,1.664510498046875000e+02,1.735041503906250000e+02
8.271059417724609375e+01,1.125053329467773438e+02,1.740227966308593750e+02,9.621027374267578125e+01,1.243617553710937500e+02,1.379200286865234375e+02,1.056297836303710938e+02,1.766701660156250000e+02,1.712709350585937500e+02,1.647900085449218750e+02
8.254240417480468750e+01,1.003106613159179688e+02,1.728294982910156250e+02,1.053741455078125000e+02,1.262875289916992188e+02,1.446776275634765625e+02,8.965507507324218750e+01,1.633936920166015625e+02,1.600162353515625000e+02,1.667956848144531250e+02
8.309915924072265625e+01,1.082975463867187500e+02,1.759612426757812500e+02,9.953020477294921875e+01,1.107785873413085938e+02,1.501083679199218750e+02,1.077755661010742188e+02,1.798052062988281250e+02,1.658364410400390625e+02,1.766650848388671875e+02
7.966578674316406250e+01,1.058542938232421875e+02,1.755434112548828125e+02,1.042332229614257812e+02,1.249799270629882812e+02,1.471707458496093750e+02,9.434127807617187500e+01,1.712577972412109375e+02,1.665717468261718750e+02,1.708236846923828125e+02
7.801669311523437500e+01,1.019438247680664062e+02,1.765818939208984375e+02,1.035467758178710938e+02,1.386780548095703125e+02,1.446213836669921875e+02,9.000030517578125000e+01,1.709869384765625000e+02,1.616655120849609375e+02,1.698954772949218750e+02
8.101811218261718750e+01,1.052491683959960938e+02,1.725640411376953125e+02,1.015176391601562500e+02,1.569121093750000000e+02,1.460319671630859375e+02,1.067452697753906250e+02,1.835997314453125000e+02,1.580613250732421875e+02,1.783386077880859375e+02
7.051313018798828125e+01,1.249364700317382812e+02,1.750647583007812500e+02,7.925039672851562500e+01,1.392174835205078125e+02,1.335501556396484375e+02,1.203743743896484375e+02,1.859053039550781250e+02,1.882418518066406250e+02,1.520922851562500000e+02
7.953836822509765625e+01,9.549143218994140625e+01,1.795401611328125000e+02,1.134246673583984375e+02,1.242802429199218750e+02,1.258929519653320312e+02,7.930001831054687500e+01,1.721852569580078125e+02,1.476345672607421875e+02,1.820204772949218750e+02
7.519772338867187500e+01,1.200906524658203125e+02,1.751407318115234375e+02,8.876689910888671875e+01,1.354913635253906250e+02,1.413355865478515625e+02,1.050404968261718750e+02,1.782084655761718750e+02,1.820776672363281250e+02,1.577181701660156250e+02
6.975651550292968750e+01,1.089272003173828125e+02,1.811407318115234375e+02,9.798544311523437500e+01,1.200146179199218750e+02,1.364573669433593750e+02,9.089576721191406250e+01,1.736575927734375000e+02,1.703638305664062500e+02,1.679035949707031250e+02
7.419245910644531250e+01,1.144560470581054688e+02,1.707947387695312500e+02,9.314001464843750000e+01,1.299311370849609375e+02,1.373707885742187500e+02,1.024361801147460938e+02,1.806690673828125000e+02,1.680283355712890625e+02,1.663023071289062500e+02
8.289491271972656250e+01,1.131614761352539062e+02,1.744333496093750000e+02,9.451166534423828125e+01,1.326167907714843750e+02,1.476656494140625000e+02,1.092783203125000000e+02,1.758010101318359375e+02,1.806245727539062500e+02,1.600610046386718750e+02
7.982939910888671875e+01,9.958483123779296875e+01,1.790211791992187500e+02,1.091564559936523438e+02,1.129101943969726562e+02,1.303441162109375000e+02,8.642781829833984375e+01,1.773374786376953125e+02,1.468833312988281250e+02,1.828718261718750000e+02
8.547713470458984375e+01,9.637907409667968750e+01,1.744946594238281250e+02,1.121354064941406250e+02,1.368859558105468750e+02,1.485037536621093750e+02,8.562577819824218750e+01,1.619352722167968750e+02,1.526784515380859375e+02,1.747536926269531250e+02
8.761791229248046875e+01,9.621242523193359375e+01,1.723543853759765625e+02,1.103408050537109375e+02,1.106025924682617188e+02,1.347676086425781250e+02,8.858865356445312500e+01,1.702426147460937500e+02,1.453661956787109375e+02,1.802878417968750000e+02
8.484335327148437500e+01,9.848765563964843750e+01,1.754008178710937500e+02,1.090545730590820312e+02,1.265211868286132812e+02,1.346112213134765625e+02,9.257604980468750000e+01,1.679400634765625000e+02,1.544114532470703125e+02,1.771250762939453125e+02
8.360093688964843750e+01,9.071188354492187500e+01,1.850791473388671875e+02,1.200657882690429688e+02,1.149128036499023438e+02,1.447543945312500000e+02,8.095213317871093750e+01,1.708999023437500000e+02,1.415512084960937500e+02,1.879049530029296875e+02
7.061356353759765625e+01,1.096036224365234375e+02,1.693241119384765625e+02,9.605104064941406250e+01,1.335377197265625000e+02,1.422235717773437500e+02,9.318679809570312500e+01,1.761277618408203125e+02,1.643286132812500000e+02,1.658120880126953125e+02
8.080360412597656250e+01,9.294784545898437500e+01,1.864528808593750000e+02,1.121668624877929688e+02,1.205284347534179688e+02,1.512162322998046875e+02,7.913038635253906250e+01,1.588850402832031250e+02,1.618181915283203125e+02,1.740572204589843750e+02
8.252955627441406250e+01,9.552626037597656250e+01,1.716209259033203125e+02,1.109055557250976562e+02,1.409139251708984375e+02,1.454482727050781250e+02,7.993831634521484375e+01,1.629046478271484375e+02,1.495893249511718750e+02,1.727092285156250000e+02
8.001493835449218750e+01,1.079162368774414062e+02,1.768648071289062500e+02,1.004782867431640625e+02,1.274016494750976562e+02,1.382054748535156250e+02,1.061433181762695312e+02,1.801319274902343750e+02,1.635182952880859375e+02,1.762380371093750000e+02
6.679106140136718750e+01,1.065559844970703125e+02,1.898801422119140625e+02,1.013482513427734375e+02,1.367740173339843750e+02,1.276427001953125000e+02,9.993648529052734375e+01,1.831652221679687500e+02,1.682606811523437500e+02,1.792987518310546875e+02
7.523011779785156250e+01,1.136586914062500000e+02,1.684863891601562500e+02,9.307945251464843750e+01,1.146745147705078125e+02,1.352363739013671875e+02,9.983617401123046875e+01,1.769675750732421875e+02,1.660495452880859375e+02,1.623570861816406250e+02
7.421243286132812500e+01,9.594567871093750000e+01,1.846135253906250000e+02,1.121896362304687500e+02,1.303724212646484375e+02,1.525154418945312500e+02,8.419091796875000000e+01,1.769552307128906250e+02,1.528435363769531250e+02,1.871786651611328125e+02
7.525518035888671875e+01,1.270290985107421875e+02,1.675967712402343750e+02,8.346577453613281250e+01,1.348480072021484375e+02,1.451194000244140625e+02,1.278596038818359375e+02,1.860151367187500000e+02,1.856798400878906250e+02,1.563190612792968750e+02
7.875485229492187500e+01,1.176186904907226562e+02,1.631784362792968750e+02,9.225262451171875000e+01,1.427601165771484375e+02,1.453206176757812500e+02,1.080944061279296875e+02,1.826612548828125000e+02,1.687040863037109375e+02,1.642937469482421875e+02
7.191494750976562500e+01,1.271196136474609375e+02,1.676187744140625000e+02,8.188452148437500000e+01,1.446066284179687500e+02,1.418020782470703125e+02,1.184196472167968750e+02,1.874239959716796875e+02,1.822876739501953125e+02,1.575652160644531250e+02
6.585513305664062500e+01,1.063775177001953125e+02,1.878513793945312500e+02,9.996623229980468750e+01,1.312217712402343750e+02,1.523929290771484375e+02,9.655690002441406250e+01,1.875498504638671875e+02,1.610870208740234375e+02,1.846232604980468750e+02
6.195938873291015625e+01,1.113746032714843750e+02,1.863073120117187500e+02,9.446574401855468750e+01,1.390289764404296875e+02,1.371168518066406250e+02,1.082127380371093750e+02,1.937625732421875000e+02,1.684660339355468750e+02,1.809882049560546875e+02
8.598524475097656250e+01,9.714167785644531250e+01,1.747016906738281250e+02,1.104832153320312500e+02,1.446488494873046875e+02,1.378827056884765625e+02,9.161208343505859375e+01,1.731509246826171875e+02,1.523011932373046875e+02,1.790828094482421875e+02
8.112924194335937500e+01,1.058537063598632812e+02,1.735169830322265625e+02,1.009764480590820312e+02,1.236140518188476562e+02,1.338359985351562500e+02,1.065301513671875000e+02,1.825785369873046875e+02,1.583913879394531250e+02,1.805418853759765625e+02
7.508242797851562500e+01,1.248031005859375000e+02,1.663596496582031250e+02,8.434339141845703125e+01,1.522821807861328125e+02,1.377967834472656250e+02,1.174253845214843750e+02,1.823129425048828125e+02,1.817065429687500000e+02,1.512109680175781250e+02
7.675887298583984375e+01,1.110038833618164062e+02,1.696116333007812500e+02,9.494142150878906250e+01,1.121814041137695312e+02,1.437344665527343750e+02,1.049179840087890625e+02,1.814670562744140625e+02,1.616499328613281250e+02,1.744197692871093750e+02
7.835276794433593750e+01,9.959219360351562500e+01,1.838247375488281250e+02,1.096862182617187500e+02,1.199008483886718750e+02,1.576421966552734375e+02,9.554906463623046875e+01,1.816373596191406250e+02,1.595524291992187500e+02,1.876867675781250000e+02
7.743386840820312500e+01,1.147482223510742188e+02,1.689425506591796875e+02,9.397613525390625000e+01,1.482577362060546875e+02,1.378499908447265625e+02,1.125572052001953125e+02,1.860449676513671875e+02,1.682782440185546875e+02,1.728426513671875000e+02
7.648967742919921875e+01,1.248617858886718750e+02,1.672834777832031250e+02,8.493986511230468750e+01,1.343489685058593750e+02,1.322702331542968750e+02,1.235945663452148438e+02,1.827830810546875000e+02,1.829657440185546875e+02,1.554539184570312500e+02
8.668507385253906250e+01,1.083470458984375000e+02,1.692754821777343750e+02,1.006602478027343750e+02,1.056519241333007812e+02,1.248608093261718750e+02,9.636907958984375000e+01,1.739302825927734375e+02,1.569180297851562500e+02,1.673449707031250000e+02
7.977529144287109375e+01,1.150800628662109375e+02,1.700375366210937500e+02,9.406730651855468750e+01,1.320702514648437500e+02,1.462954254150390625e+02,1.060297851562500000e+02,1.737861480712890625e+02,1.761949005126953125e+02,1.589543762207031250e+02
7.695245361328125000e+01,9.777495574951171875e+01,1.833854370117187500e+02,1.095188522338867188e+02,1.389838562011718750e+02,1.446683654785156250e+02,9.276202392578125000e+01,1.801426391601562500e+02,1.527436676025390625e+02,1.857075195312500000e+02
8.809391784667968750e+01,1.015515594482421875e+02,1.707547454833984375e+02,1.052190628051757812e+02,1.408190155029296875e+02,1.365114440917968750e+02,8.901821899414062500e+01,1.603972167968750000e+02,1.610558776855468750e+02,1.651764221191406250e+02
8.930406951904296875e+01,8.574423217773437500e+01,1.691045532226562500e+02,1.209781799316406250e+02,1.295521087646484375e+02,1.376662445068359375e+02,8.000022125244140625e+01,1.573733978271484375e+02,1.348876495361328125e+02,1.790200805664062500e+02
8.471110534667968750e+01,1.002137908935546875e+02,1.773457031250000000e+02,1.053861770629882812e+02,1.151758880615234375e+02,1.426149139404296875e+02,9.460554504394531250e+01,1.663278961181640625e+02,1.594276580810546875e+02,1.722756347656250000e+02
7.983235931396484375e+01,1.182357330322265625e+02,1.668931732177734375e+02,9.071325683593750000e+01,1.392378692626953125e+02,1.343850555419921875e+02,1.138472976684570312e+02,1.799024047851562500e+02,1.713334045410156250e+02,1.606077270507812500e+02
8.493374633789062500e+01,1.014590530395507812e+02,1.762777709960937500e+02,1.073935470581054688e+02,1.541700897216796875e+02,1.438524322509765625e+02,1.079801940917968750e+02,1.854430999755859375e+02,1.521127319335937500e+02,1.857541503906250000e+02
7.747738647460937500e+01,9.838936614990234375e+01,1.758183288574218750e+02,1.064656982421875000e+02,1.398296966552734375e+02,1.365945129394531250e+02,9.211714935302734375e+01,1.802559051513671875e+02,1.455498809814453125e+02,1.822873992919921875e+02
8.397921752929687500e+01,1.020120697021484375e+02,1.711133880615234375e+02,1.059132995605468750e+02,1.012786254882812500e+02,1.485952453613281250e+02,9.356712341308593750e+01,1.763569488525390625e+02,1.513314819335937500e+02,1.828217773437500000e+02
7.900421905517578125e+01,1.104578094482421875e+02,1.698359680175781250e+02,9.758794403076171875e+01,1.403471527099609375e+02,1.401315460205078125e+02,1.019346923828125000e+02,1.773397369384765625e+02,1.657610931396484375e+02,1.672090301513671875e+02
8.125052642822265625e+01,8.655285644531250000e+01,1.808177947998046875e+02,1.213128433227539062e+02,1.159024200439453125e+02,1.381785736083984375e+02,6.970420074462890625e+01,1.491737823486328125e+02,1.469502563476562500e+02,1.752618560791015625e+02
7.958328247070312500e+01,1.093321609497070312e+02,1.714005432128906250e+02,9.874031829833984375e+01,1.294209747314453125e+02,1.410681457519531250e+02,1.011151733398437500e+02,1.713334350585937500e+02,1.656773071289062500e+02,1.643409118652343750e+02
8.165709686279296875e+01,1.056680603027343750e+02,1.792011108398437500e+02,1.027006225585937500e+02,1.263192291259765625e+02,1.353316650390625000e+02,9.672080230712890625e+01,1.684217834472656250e+02,1.684523010253906250e+02,1.668831481933593750e+02
7.811959838867187500e+01,1.084301605224609375e+02,1.749006805419921875e+02,9.927616882324218750e+01,1.216228103637695312e+02,1.473712615966796875e+02,9.776919555664062500e+01,1.699999694824218750e+02,1.725122528076171875e+02,1.615217895507812500e+02
8.433097839355468750e+01,1.003513183593750000e+02,1.716359710693359375e+02,1.065514755249023438e+02,1.245612335205078125e+02,1.465301666259765625e+02,9.522421264648437500e+01,1.695506591796875000e+02,1.555227050781250000e+02,1.736863098144531250e+02
6.577446746826171875e+01,1.079669342041015625e+02,1.854351501464843750e+02,1.021900787353515625e+02,1.206210861206054688e+02,1.560210876464843750e+02,9.298159790039062500e+01,1.898075408935546875e+02,1.600139465332031250e+02,1.873746948242187500e+02
8.691481018066406250e+01,1.177074584960937500e+02,1.637119750976562500e+02,9.024612426757812500e+01,1.175224380493164062e+02,1.512795715332031250e+02,1.228894729614257812e+02,1.821198730468750000e+02,1.695229339599609375e+02,1.661139221191406250e+02
8.253781127929687500e+01,1.140048980712890625e+02,1.689703826904296875e+02,8.975360870361328125e+01,1.226322097778320312e+02,1.426186370849609375e+02,1.112491836547851562e+02,1.747447967529296875e+02,1.764025115966796875e+02,1.587664947509765625e+02
7.790736389160156250e+01,9.133242797851562500e+01,1.826675720214843750e+02,1.200035858154296875e+02,1.167602310180664062e+02,1.383490600585937500e+02,8.221761322021484375e+01,1.654831237792968750e+02,1.437311401367187500e+02,1.832568359375000000e+02
8.243664550781250000e+01,1.058023834228515625e+02,1.687655792236328125e+02,9.978127288818359375e+01,1.252893753051757812e+02,1.327754516601562500e+02,9.889216613769531250e+01,1.687521667480468750e+02,1.642716369628906250e+02,1.643750000000000000e+02
7.762882995605468750e+01,1.081923599243164062e+02,1.767101745605468750e+02,1.003942337036132812e+02,1.347863616943359375e+02,1.429282226562500000e+02,1.049423294067382812e+02,1.800156860351562500e+02,1.678992309570312500e+02,1.750189361572265625e+02
8.623210144042968750e+01,1.112586517333984375e+02,1.655149841308593750e+02,9.803188323974609375e+01,1.193066787719726562e+02,1.400766754150390625e+02,1.095273590087890625e+02,1.845082855224609375e+02,1.587679290771484375e+02,1.778735961914062500e+02
8.006431579589843750e+01,1.138677368164062500e+02,1.738719482421875000e+02,9.698417663574218750e+01,1.204654846191406250e+02,1.484526824951171875e+02,1.065269241333007812e+02,1.726054534912109375e+02,1.781744384765625000e+02,1.603627929687500000e+02
7.745799255371093750e+01,1.036757278442382812e+02,1.756651611328125000e+02,1.019996566772460938e+02,1.104532318115234375e+02,1.478263397216796875e+02,9.127511596679687500e+01,1.651840820312500000e+02,1.677939910888671875e+02,1.665352630615234375e+02
7.139033508300781250e+01,1.117265930175781250e+02,1.756716308593750000e+02,9.513963317871093750e+01,1.285441436767578125e+02,1.479855499267578125e+02,1.049860229492187500e+02,1.868047790527343750e+02,1.666515502929687500e+02,1.784799194335937500e+02
7.445846557617187500e+01,1.051955871582031250e+02,1.778921203613281250e+02,1.012889938354492188e+02,1.189262847900390625e+02,1.202440795898437500e+02,9.728229522705078125e+01,1.822120513916015625e+02,1.537650146484375000e+02,1.794599151611328125e+02
8.160388183593750000e+01,9.608717346191406250e+01,1.793752746582031250e+02,1.104753189086914062e+02,1.136796264648437500e+02,1.521904602050781250e+02,9.415716552734375000e+01,1.740316162109375000e+02,1.585790405273437500e+02,1.845263977050781250e+02
7.840644836425781250e+01,1.125917587280273438e+02,1.771908721923828125e+02,9.542871093750000000e+01,1.440324096679687500e+02,1.342059631347656250e+02,1.105740814208984375e+02,1.857707366943359375e+02,1.732799835205078125e+02,1.763655090332031250e+02
7.080839538574218750e+01,1.101433486938476562e+02,1.809717254638671875e+02,9.915626525878906250e+01,1.314220581054687500e+02,1.450112762451171875e+02,1.008905792236328125e+02,1.885132446289062500e+02,1.604657135009765625e+02,1.810671691894531250e+02
7.792291259765625000e+01,1.247944564819335938e+02,1.627337951660156250e+02,8.221887969970703125e+01,1.377520599365234375e+02,1.322044372558593750e+02,1.252443008422851562e+02,1.815643615722656250e+02,1.830688781738281250e+02,1.471421508789062500e+02
7.188451385498046875e+01,1.041368560791015625e+02,1.796766510009765625e+02,1.059243927001953125e+02,1.491436004638671875e+02,1.471346282958984375e+02,9.396371459960937500e+01,1.864855041503906250e+02,1.531327056884765625e+02,1.848602294921875000e+02
7.903624725341796875e+01,9.570255279541015625e+01,1.780254516601562500e+02,1.118680648803710938e+02,1.067521438598632812e+02,1.357967834472656250e+02,8.319705963134765625e+01,1.696285858154296875e+02,1.469576416015625000e+02,1.796225891113281250e+02
7.000143432617187500e+01,9.934294128417968750e+01,1.858676757812500000e+02,1.077779083251953125e+02,1.262847747802734375e+02,1.592254943847656250e+02,9.060481262207031250e+01,1.866909790039062500e+02,1.548395843505859375e+02,1.907303466796875000e+02
7.562631225585937500e+01,1.117565460205078125e+02,1.764431762695312500e+02,9.429339599609375000e+01,1.240641937255859375e+02,1.525866394042968750e+02,1.071915512084960938e+02,1.793874969482421875e+02,1.735326080322265625e+02,1.673928375244140625e+02
8.356887054443359375e+01,1.014926300048828125e+02,1.748192596435546875e+02,1.091749954223632812e+02,1.265962295532226562e+02,1.431573944091796875e+02,9.045742797851562500e+01,1.656242675781250000e+02,1.633289337158203125e+02,1.729551696777343750e+02
7.734784698486328125e+01,8.761467742919921875e+01,1.878716278076171875e+02,1.200126342773437500e+02,1.186158752441406250e+02,1.461493530273437500e+02,7.888684082031250000e+01,1.747338104248046875e+02,1.352442321777343750e+02,1.915258178710937500e+02
8.256842041015625000e+01,1.109550857543945312e+02,1.754586791992187500e+02,9.339960479736328125e+01,1.536575012207031250e+02,1.316148376464843750e+02,1.178869781494140625e+02,1.832388000488281250e+02,1.783448181152343750e+02,1.702932739257812500e+02
7.825100708007812500e+01,1.103406372070312500e+02,1.753780212402343750e+02,9.487312316894531250e+01,1.241527404785156250e+02,1.215478591918945312e+02,1.057730712890625000e+02,1.828511810302734375e+02,1.666313476562500000e+02,1.754764099121093750e+02
8.012820434570312500e+01,1.126551666259765625e+02,1.674093627929687500e+02,9.512075042724609375e+01,1.206866149902343750e+02,1.396993713378906250e+02,1.071114425659179688e+02,1.798157196044921875e+02,1.629019165039062500e+02,1.690182342529296875e+02
7.947743225097656250e+01,1.134546127319335938e+02,1.687375030517578125e+02,9.616238403320312500e+01,1.463954620361328125e+02,1.383083648681640625e+02,1.097745513916015625e+02,1.844298095703125000e+02,1.647110900878906250e+02,1.705982360839843750e+02
7.678894042968750000e+01,1.052167968750000000e+02,1.814982604980468750e+02,1.024829635620117188e+02,1.211815795898437500e+02,1.435777587890625000e+02,1.060900421142578125e+02,1.870106811523437500e+02,1.608881835937500000e+02,1.878697357177734375e+02
7.817742156982421875e+01,1.125931854248046875e+02,1.685626831054687500e+02,9.691563415527343750e+01,1.434332580566406250e+02,1.286527862548828125e+02,1.074654922485351562e+02,1.780066986083984375e+02,1.709164428710937500e+02,1.665190124511718750e+02
8.020164489746093750e+01,1.127562789916992188e+02,1.709654388427734375e+02,9.168530273437500000e+01,1.358320007324218750e+02,1.188413314819335938e+02,1.146355819702148438e+02,1.812391662597656250e+02,1.672031555175781250e+02,1.659326629638671875e+02
8.301379394531250000e+01,1.084400558471679688e+02,1.718043670654296875e+02,9.724961090087890625e+01,1.499881744384765625e+02,1.379796905517578125e+02,1.139965972900390625e+02,1.833470611572265625e+02,1.646022338867187500e+02,1.741085968017578125e+02
8.410275268554687500e+01,9.308517456054687500e+01,1.845907592773437500e+02,1.159897613525390625e+02,1.154764022827148438e+02,1.451098632812500000e+02,8.329375457763671875e+01,1.670591583251953125e+02,1.535373535156250000e+02,1.824590606689453125e+02
8.617085266113281250e+01,1.147624588012695312e+02,1.657956542968750000e+02,9.222454833984375000e+01,1.385208282470703125e+02,1.331975555419921875e+02,1.175158081054687500e+02,1.772227325439453125e+02,1.770032653808593750e+02,1.597182769775390625e+02
7.404202270507812500e+01,1.091236724853515625e+02,1.797510070800781250e+02,9.584691619873046875e+01,1.158733139038085938e+02,1.419691314697265625e+02,9.346886444091796875e+01,1.773438110351562500e+02,1.657161865234375000e+02,1.722197723388671875e+02
8.524293518066406250e+01,1.080590362548828125e+02,1.760221252441406250e+02,9.784185791015625000e+01,1.189963531494140625e+02,1.356790466308593750e+02,1.070631790161132812e+02,1.785519714355468750e+02,1.662686614990234375e+02,1.701672973632812500e+02
8.742639923095703125e+01,9.138043975830078125e+01,1.778920898437500000e+02,1.148777084350585938e+02,1.042403945922851562e+02,1.482215881347656250e+02,9.374459838867187500e+01,1.750603942871093750e+02,1.431156463623046875e+02,1.904684753417968750e+02
7.461145019531250000e+01,1.067112274169921875e+02,1.751537017822265625e+02,9.916825866699218750e+01,1.274041137695312500e+02,1.264035339355468750e+02,9.256142425537109375e+01,1.663156433105468750e+02,1.672514343261718750e+02,1.627592468261718750e+02
8.098583984375000000e+01,9.736539459228515625e+01,1.772764282226562500e+02,1.070303039550781250e+02,1.336631317138671875e+02,1.453395080566406250e+02,9.357785034179687500e+01,1.819562835693359375e+02,1.435474243164062500e+02,1.868034515380859375e+02
7.608970642089843750e+01,1.086167221069335938e+02,1.721560058593750000e+02,1.009750442504882812e+02,1.223181762695312500e+02,1.495903320312500000e+02,9.709976196289062500e+01,1.726691894531250000e+02,1.636325073242187500e+02,1.674713287353515625e+02
7.947862243652343750e+01,1.159631347656250000e+02,1.686585235595703125e+02,8.941296386718750000e+01,1.146717681884765625e+02,1.268426132202148438e+02,1.072656097412109375e+02,1.834488677978515625e+02,1.666341552734375000e+02,1.664075469970703125e+02
7.545524597167968750e+01,1.021645507812500000e+02,1.744412078857421875e+02,1.054627990722656250e+02,1.265090560913085938e+02,1.511885833740234375e+02,9.869963836669921875e+01,1.831399078369140625e+02,1.559066619873046875e+02,1.844502563476562500e+02
7.517908477783203125e+01,1.027045974731445312e+02,1.849344787597656250e+02,1.060353775024414062e+02,1.391722259521484375e+02,1.385563812255859375e+02,9.357151794433593750e+01,1.745503692626953125e+02,1.669915771484375000e+02,1.752750701904296875e+02
8.120652770996093750e+01,1.079899826049804688e+02,1.713008422851562500e+02,1.005334625244140625e+02,1.345581512451171875e+02,1.399598083496093750e+02,9.822628784179687500e+01,1.704069824218750000e+02,1.630980224609375000e+02,1.653830871582031250e+02
8.664196777343750000e+01,8.749168395996093750e+01,1.747522583007812500e+02,1.202658996582031250e+02,1.167753753662109375e+02,1.287063903808593750e+02,7.624422454833984375e+01,1.582080993652343750e+02,1.352859802246093750e+02,1.802291870117187500e+02
8.012638854980468750e+01,1.067582397460937500e+02,1.742602844238281250e+02,1.029351882934570312e+02,1.256495666503906250e+02,1.441395874023437500e+02,9.235104370117187500e+01,1.681666107177734375e+02,1.667832794189453125e+02,1.665183410644531250e+02
8.090208435058593750e+01,1.212384490966796875e+02,1.712393493652343750e+02,8.948948669433593750e+01,1.301657867431640625e+02,1.464294128417968750e+02,1.146152877807617188e+02,1.775083007812500000e+02,1.843018493652343750e+02,1.525287322998046875e+02
6.755331420898437500e+01,1.230596008300781250e+02,1.744698333740234375e+02,8.598098754882812500e+01,1.223296890258789062e+02,1.317550201416015625e+02,1.144102249145507812e+02,1.885780029296875000e+02,1.784676513671875000e+02,1.625198059082031250e+02
